-- MySQL dump 10.13  Distrib 8.0.23, for Win64 (x86_64)
--
-- Host: localhost    Database: project
-- ------------------------------------------------------
-- Server version	8.0.23

/*!40101 SET @OLD_CHARACTER_SET_CLIENT=@@CHARACTER_SET_CLIENT */;
/*!40101 SET @OLD_CHARACTER_SET_RESULTS=@@CHARACTER_SET_RESULTS */;
/*!40101 SET @OLD_COLLATION_CONNECTION=@@COLLATION_CONNECTION */;
/*!50503 SET NAMES utf8 */;
/*!40103 SET @OLD_TIME_ZONE=@@TIME_ZONE */;
/*!40103 SET TIME_ZONE='+00:00' */;
/*!40014 SET @OLD_UNIQUE_CHECKS=@@UNIQUE_CHECKS, UNIQUE_CHECKS=0 */;
/*!40014 SET @OLD_FOREIGN_KEY_CHECKS=@@FOREIGN_KEY_CHECKS, FOREIGN_KEY_CHECKS=0 */;
/*!40101 SET @OLD_SQL_MODE=@@SQL_MODE, SQL_MODE='NO_AUTO_VALUE_ON_ZERO' */;
/*!40111 SET @OLD_SQL_NOTES=@@SQL_NOTES, SQL_NOTES=0 */;

--
-- Table structure for table `agency_employee`
--

DROP TABLE IF EXISTS `agency_employee`;
/*!40101 SET @saved_cs_client     = @@character_set_client */;
/*!50503 SET character_set_client = utf8mb4 */;
CREATE TABLE `agency_employee` (
  `employee_id` int NOT NULL AUTO_INCREMENT,
  `first_name` varchar(64) NOT NULL,
  `last_name` varchar(64) NOT NULL,
  `date_of_birth` date NOT NULL,
  `gender` varchar(20) DEFAULT NULL,
  `phone_number` varchar(16) NOT NULL,
  `fine_address` varchar(256) NOT NULL,
  `pincode` varchar(10) NOT NULL,
  `blood_group` varchar(3) NOT NULL,
  `salary` int NOT NULL,
  `incentives` int DEFAULT '0',
  `position` varchar(128) NOT NULL,
  `access_level` int NOT NULL,
  `branch_id` int NOT NULL,
  `super_id` int DEFAULT NULL,
  PRIMARY KEY (`employee_id`),
  KEY `super_id` (`super_id`),
  KEY `branch_id` (`branch_id`),
  CONSTRAINT `agency_employee_ibfk_1` FOREIGN KEY (`branch_id`) REFERENCES `branch` (`branch_id`),
  CONSTRAINT `agency_employee_ibfk_2` FOREIGN KEY (`branch_id`) REFERENCES `branch` (`branch_id`),
  CONSTRAINT `agency_employee_ibfk_3` FOREIGN KEY (`branch_id`) REFERENCES `branch` (`branch_id`),
  CONSTRAINT `agency_employee_ibfk_4` FOREIGN KEY (`super_id`) REFERENCES `agency_employee` (`employee_id`),
  CONSTRAINT `agency_employee_ibfk_5` FOREIGN KEY (`branch_id`) REFERENCES `branch` (`branch_id`),
  CONSTRAINT `agency_employee_chk_1` CHECK ((`incentives` >= 0)),
  CONSTRAINT `agency_employee_chk_2` CHECK ((`salary` >= 0)),
  CONSTRAINT `agency_employee_chk_3` CHECK ((`incentives` >= 0))
) ENGINE=InnoDB AUTO_INCREMENT=500 DEFAULT CHARSET=utf8mb4 COLLATE=utf8mb4_0900_ai_ci;
/*!40101 SET character_set_client = @saved_cs_client */;

--
-- Dumping data for table `agency_employee`
--

LOCK TABLES `agency_employee` WRITE;
/*!40000 ALTER TABLE `agency_employee` DISABLE KEYS */;
INSERT INTO `agency_employee` VALUES (1,'Akshit','Jain','1986-12-07','female','8422197249','Telangana','5172887827','A+',3000,200,'Clerk',8,10,2),(2,'Aarya','Singh','1979-04-13','female','7117327549','Assam','8172992168','A-',15000,100,'PA',7,7,3),(3,'Aman','Singh','1987-09-19','female','9352249115','Rajasthan','3644887154','O-',10000,500,'PA',5,5,5),(4,'Aman','Sahni','1992-02-25','female','8649341714','Tripura','1548512761','O-',13000,400,'Lead',2,9,8),(5,'Rohan','Sahni','1989-06-20','male','8857792932','Uttarakhand','2167128359','A+',12000,300,'Lead',2,3,8),(6,'Shweta','Singh','1978-03-20','female','9765263424','Daman and Diu','4717472166','A+',8000,100,'Clerk',8,6,2),(7,'Aarya','Kumar','1971-01-21','male','8635871446','Dadra and Nagar Haveli','4453643151','A+',7000,0,'Staff',9,2,1),(8,'Aman','Singh','1973-06-27','female','2311359962','Himachal Pradesh','1283751622','A+',13000,100,'PA',4,5,6),(9,'Akshit','Batra','1984-08-11','male','9754773319','Goa','9858254981','B+',2000,100,'Lead',2,3,8),(10,'Vidushi','Sahni','1992-05-28','male','1391585538','Chhattisgarh','1754598747','A+',13000,100,'PA',6,1,4),(11,'Kartik','Batra','1981-06-03','male','9599227895','Puducherry','1873733822','AB+',2000,400,'Manager',1,1,9),(12,'Rahul','Jain','1996-03-01','female','9891472291','Himachal Pradesh','9134667959','O-',15000,200,'Staff',9,8,1),(13,'Samarth','Gupta','1975-05-25','male','4755483353','Tamil Nadu','9579291842','AB+',10000,300,'Staff',10,8,0),(14,'Shweta','Sahni','1980-06-17','male','1868779394','Odisha','8816181899','B+',6000,500,'PA',5,6,5),(15,'Samarth','Batra','1971-07-22','female','8383872195','Haryana','4387543992','B-',10000,100,'Staff',10,7,0),(16,'Aman','Sheoran','1976-03-25','male','9332694366','Punjab','2923677838','O+',5000,500,'PA',6,1,4),(17,'Samarth','Singh','1978-07-06','female','1658758424','Uttarakhand','4434362549','O-',7000,300,'PA',7,1,3),(18,'Kartik','Gupta','1974-11-04','male','3792793198','Andhra Pradesh','7726475189','O-',2000,300,'Staff',10,10,0),(19,'Rohan','Singh','1975-10-20','female','3555415278','Rajasthan','4385798259','A+',7000,100,'Manager',1,9,9),(20,'Samyak','Sahni','1976-09-04','female','4713812295','Maharashtra','2636311279','B-',7000,500,'PA',4,8,6),(21,'Kartik','Singh','1976-08-02','female','8727473997','Goa','5917861875','B-',14000,0,'Staff',10,10,0),(22,'Aman','Tuteja','1984-02-28','female','5287116688','Arunachal Pradesh','9524159878','O+',13000,200,'PA',6,10,4),(23,'Rohan','Sheoran','1976-07-01','female','8361217672','Kerala','8782251783','B+',11000,200,'PA',5,10,5),(24,'Aarya','Singh','1972-08-20','male','1489446464','Arunachal Pradesh','9587422276','A+',11000,500,'Lead',2,1,8),(25,'Aarya','Sahni','1992-05-24','female','5465895776','Assam','1259536568','A-',7000,200,'Staff',10,7,0),(26,'Rahul','Sheoran','1992-03-19','female','4468373344','Punjab','9778426328','B-',13000,100,'Lead',2,9,8),(27,'Rahul','Gupta','1975-01-22','female','6784532885','Puducherry','1311743823','B+',8000,200,'Clerk',8,3,2),(28,'Rohan','Batra','1990-12-14','female','2321929661','Assam','4858417193','O-',11000,400,'Staff',9,8,1),(29,'Rohan','Gupta','1993-03-27','male','5842116847','Tamil Nadu','1455167553','A-',6000,400,'PA',4,1,6),(30,'Rahul','Singh','1994-12-11','male','6555458237','Delhi','8956841499','O-',13000,500,'Lead',3,10,7),(31,'Samyak','Singh','1993-04-22','male','7166911962','Bihar','5632192884','O+',12000,100,'Clerk',8,5,2),(32,'Aarya','Sheoran','1977-01-14','female','1221328456','Himachal Pradesh','4578777945','A+',4000,400,'PA',7,9,3),(33,'Aman','Jain','1993-02-18','female','5828827668','Tripura','3984695127','B+',10000,400,'PA',5,5,5),(34,'Samyak','Jain','1992-02-22','female','2651599693','Tripura','3755664643','B+',4000,0,'Staff',10,1,0),(35,'Rohan','Sheoran','1971-06-09','female','1147185749','Tripura','4188433295','A+',10000,300,'Lead',2,2,8),(36,'Aman','Kumar','1988-02-16','male','2638693527','Haryana','4327626977','O-',10000,0,'Staff',9,10,1),(37,'Akshit','Jain','1994-10-22','male','7838346121','Arunachal Pradesh','7738335936','B+',11000,200,'Lead',3,7,7),(38,'Samyak','Singh','1974-03-02','male','6834661276','Chandigarh','2515926933','O+',8000,0,'PA',5,4,5),(39,'Rahul','Kumar','1972-11-11','female','1648429985','Madhya Pradesh','6233623527','A+',11000,100,'PA',6,1,4),(40,'Akshit','Tuteja','1988-01-19','male','7129775877','Kerala','3561324395','B-',11000,100,'Lead',3,3,7),(41,'Vidushi','Batra','1983-04-13','male','7348386228','Daman and Diu','6622166977','O+',2000,100,'Lead',2,8,8),(42,'Akshit','Jain','1994-10-29','male','7734816756','Gujarat','4277658914','B-',15000,400,'PA',6,6,4),(43,'Rohan','Singh','1995-02-28','female','1764999335','Tamil Nadu','2512875885','AB+',8000,200,'Lead',2,9,8),(44,'Aarya','Goyal','1992-08-09','male','1552238123','Andhra Pradesh','2145461933','O-',3000,500,'Staff',10,2,0),(45,'Akshit','Jain','1988-06-06','male','9357974783','Nagaland','4734969182','O-',6000,100,'PA',5,10,5),(46,'Akshit','Tuteja','1983-05-04','female','2574638717','Andhra Pradesh','8286588551','O+',7000,100,'PA',6,10,4),(47,'Akshit','Tuteja','1977-07-29','female','4319816974','Kerala','2449958117','A-',1000,500,'PA',6,7,4),(48,'Aarya','Gupta','1976-02-07','female','4879689847','Andhra Pradesh','9997398245','A-',2000,100,'Staff',10,5,0),(49,'Akshit','Tuteja','1978-07-24','female','8921173511','Tamil Nadu','1728554177','O-',15000,400,'PA',7,9,3),(50,'Samyak','Batra','1985-01-28','female','3846257847','Tripura','4996134337','O+',5000,500,'Manager',1,1,9),(51,'Vidushi','Singh','1978-12-20','male','4543992345','Jammu and Kashmir','9847256297','A-',12000,200,'Lead',2,1,8),(52,'Rahul','Singh','1990-03-17','male','8677894951','Jharkhand','4383725271','O-',8000,200,'Lead',3,7,7),(53,'Akshit','Jain','1994-01-12','male','6365565494','Jharkhand','9459256437','B+',2000,0,'Manager',1,2,9),(54,'Akshit','Sheoran','1971-08-01','female','1465221692','Andaman and Nicobar Islands','3835915484','A+',6000,0,'Staff',10,3,0),(55,'Samyak','Batra','1986-11-09','male','7274798763','West Bengal','1783244846','A-',12000,200,'Clerk',8,7,2),(56,'Samarth','Sheoran','1978-06-23','male','8912541664','Maharashtra','7745389934','B+',14000,400,'Lead',2,1,8),(57,'Samyak','Gupta','1978-01-22','female','1749733794','Uttarakhand','2784635475','B-',9000,200,'Manager',1,10,9),(58,'Shweta','Kumar','1971-12-14','female','1843871945','Meghalaya','7459395911','B-',11000,200,'Staff',10,2,0),(59,'Samarth','Gupta','1995-08-29','female','4187479557','Madhya Pradesh','8536467335','O+',10000,500,'Staff',9,3,1),(60,'Akshit','Jain','1983-05-04','male','9464273427','Mizoram','6727379156','O-',14000,500,'Manager',1,9,9),(61,'Akshit','Gupta','1976-09-19','female','9715286181','Chhattisgarh','7927194692','O-',5000,100,'Lead',3,6,7),(62,'Aarya','Tuteja','1980-06-18','female','1417622856','Chhattisgarh','1547477132','B+',13000,400,'Staff',9,10,1),(63,'Rohan','Singh','1993-01-02','female','5996996237','Punjab','5275724582','O-',11000,0,'Lead',3,4,7),(64,'Aarya','Gupta','1972-12-25','male','1733713726','Madhya Pradesh','9117317848','O-',8000,500,'PA',4,6,6),(65,'Aarya','Sahni','1980-02-05','male','6354599738','Maharashtra','1625185113','A-',10000,200,'PA',5,3,5),(66,'Samyak','Jain','1979-12-02','male','7681839977','Haryana','8468131578','B-',3000,500,'Clerk',8,3,2),(67,'Aman','Singh','1977-07-12','male','1722761775','Rajasthan','3448941423','O+',3000,400,'Staff',9,4,1),(68,'Aarya','Batra','1980-12-14','female','4265769921','Sikkim','3531978871','O-',15000,0,'Manager',1,2,9),(69,'Samyak','Sahni','1983-07-27','female','8188141694','Delhi','9491255134','B-',3000,300,'Lead',2,5,8),(70,'Kartik','Kumar','1994-11-05','male','3881184587','West Bengal','3631644835','B-',10000,500,'PA',4,8,6),(71,'Vidushi','Gupta','1987-04-29','female','7672754981','Punjab','7764616173','AB+',3000,100,'PA',5,6,5),(72,'Aman','Goyal','1974-05-07','female','8634111848','Gujarat','2983338779','O+',9000,500,'Clerk',8,4,2),(73,'Vidushi','Batra','1983-02-23','female','4949551664','Assam','1773514199','O+',1000,400,'Lead',3,4,7),(74,'Samarth','Tuteja','1990-05-13','female','7475646675','Bihar','3762139457','O-',15000,100,'Lead',3,4,7),(75,'Kartik','Singh','1994-01-16','male','9362187171','Karnataka','9752732283','O+',2000,300,'PA',6,8,4),(76,'Rohan','Jain','1973-12-29','female','3955222446','Jammu and Kashmir','7512914162','AB+',3000,0,'PA',7,9,3),(77,'Rohan','Sahni','1989-05-20','male','6478384643','Goa','7143165342','B+',10000,300,'Clerk',8,5,2),(78,'Samyak','Gupta','1976-05-19','male','3489926225','Andhra Pradesh','2156174329','O-',5000,200,'PA',6,4,4),(79,'Rahul','Sahni','1990-12-03','male','1285355122','Sikkim','2824394251','O+',1000,500,'Lead',2,7,8),(80,'Rohan','Singh','1985-02-26','male','3548655546','Bihar','7762761338','B-',14000,400,'Clerk',8,7,2),(81,'Samarth','Tuteja','1982-12-28','male','2638941797','Mizoram','8818683282','A-',15000,0,'PA',4,8,6),(82,'Aarya','Jain','1980-11-05','male','5272874515','Odisha','2451154851','A-',10000,0,'PA',4,7,6),(83,'Samarth','Sahni','1981-04-08','female','6222226761','Haryana','6483516365','B-',4000,200,'Manager',1,3,9),(84,'Samarth','Kumar','1992-08-28','female','4166348764','Andaman and Nicobar Islands','8187987595','A-',1000,500,'PA',7,5,3),(85,'Vidushi','Gupta','1978-07-11','male','6957283853','Kerala','8623772596','O+',14000,100,'Clerk',8,9,2),(86,'Shweta','Jain','1987-06-17','male','9488687389','Jharkhand','7385854147','O+',4000,400,'Staff',9,7,1),(87,'Vidushi','Singh','1977-01-05','female','1423233858','Assam','3669768987','O-',1000,400,'PA',5,1,5),(88,'Akshit','Gupta','1981-05-17','female','9461589378','Assam','7724616569','AB+',3000,300,'PA',5,10,5),(89,'Kartik','Jain','1972-06-04','female','1859184388','Arunachal Pradesh','1369256251','A-',7000,100,'Staff',10,4,0),(90,'Kartik','Jain','1995-09-07','female','8813634911','Puducherry','6744746567','B-',4000,500,'PA',7,7,3),(91,'Kartik','Tuteja','1995-07-13','male','5224888242','Sikkim','6661542674','O-',9000,0,'Lead',3,8,7),(92,'Rahul','Batra','1985-05-16','female','1185433982','Nagaland','7411616368','B-',6000,100,'Lead',3,5,7),(93,'Samyak','Singh','1988-11-25','female','9135688532','Karnataka','6187658488','AB+',8000,500,'PA',5,1,5),(94,'Aarya','Kumar','1992-01-06','male','7653313683','Manipur','3916524193','O+',7000,400,'PA',7,4,3),(95,'Shweta','Sheoran','1979-05-27','female','2219411663','Assam','9283741246','AB+',9000,300,'Staff',10,1,0),(96,'Shweta','Goyal','1985-08-08','female','7496222488','Jharkhand','1897914416','O+',14000,200,'PA',5,4,5),(97,'Shweta','Sahni','1985-11-17','female','7462396314','Daman and Diu','6393228837','A+',14000,300,'PA',7,5,3),(98,'Samarth','Jain','1978-02-07','female','3477534124','Chandigarh','2126214658','AB+',15000,200,'PA',4,9,6),(99,'Vidushi','Kumar','1989-06-21','male','4926545354','Daman and Diu','7682412621','A+',13000,0,'PA',4,10,6),(100,'Akshit','Sahni','1979-07-20','female','4232249984','Maharashtra','3179994354','A-',4000,200,'Lead',2,5,8),(101,'Aarya','Sheoran','1983-12-08','female','2688977714','Punjab','2663247416','O+',12000,400,'Manager',1,2,9),(102,'Vidushi','Batra','1983-09-13','male','4865551199','Maharashtra','1176422649','B+',12000,300,'PA',7,3,3),(103,'Vidushi','Jain','1985-09-05','male','4592822663','Uttarakhand','1765726591','B-',8000,200,'PA',5,9,5),(104,'Aman','Goyal','1975-02-27','female','2776596253','Puducherry','4455258489','B-',11000,400,'Staff',10,4,0),(105,'Aarya','Kumar','1982-12-04','male','5694242922','Jammu and Kashmir','1184275769','O+',1000,0,'Lead',2,6,8),(106,'Aarya','Tuteja','1982-08-05','male','7865744187','Chandigarh','5624366431','A+',1000,500,'Clerk',8,7,2),(107,'Samyak','Tuteja','1994-06-23','female','4624255731','Meghalaya','2382932287','AB+',4000,0,'Manager',1,4,9),(108,'Samyak','Tuteja','1981-09-02','male','3468159774','Karnataka','8982112324','O-',9000,200,'Manager',1,5,9),(109,'Shweta','Tuteja','1979-03-02','female','8134639249','Telangana','8729245682','B+',8000,0,'Clerk',8,6,2),(110,'Shweta','Tuteja','1996-02-27','female','5714742616','Arunachal Pradesh','7689495744','B-',3000,300,'Lead',3,5,7),(111,'Vidushi','Kumar','1985-06-21','male','4834362674','Manipur','4192424852','A+',5000,400,'Staff',10,10,0),(112,'Aman','Singh','1986-03-03','male','1659713117','Nagaland','4182828795','B+',15000,400,'PA',6,7,4),(113,'Rahul','Sahni','1990-04-18','male','1767492487','Andaman and Nicobar Islands','5129139498','B-',1000,300,'PA',6,10,4),(114,'Aarya','Sheoran','1988-02-19','male','9573796385','Chhattisgarh','9318315991','B+',15000,200,'Lead',3,4,7),(115,'Samyak','Tuteja','1984-03-20','female','1435553222','Manipur','1538351471','A+',2000,300,'PA',5,6,5),(116,'Samarth','Sheoran','1995-05-28','female','5232599572','Meghalaya','3375344381','O-',13000,100,'PA',4,4,6),(117,'Samyak','Kumar','1978-04-08','male','5361314452','Jammu and Kashmir','5217677782','A+',11000,200,'Manager',1,7,9),(118,'Aarya','Jain','1986-01-07','female','3785355688','Himachal Pradesh','2638384144','A-',6000,300,'Staff',10,8,0),(119,'Aarya','Goyal','1979-04-28','female','3335485529','Chandigarh','4551891488','B-',6000,100,'Lead',2,6,8),(120,'Aarya','Gupta','1976-03-10','female','2845735154','Chandigarh','3494994351','O+',9000,300,'Lead',2,7,8),(121,'Samyak','Batra','1989-03-03','female','5943138453','Mizoram','1273847351','O-',3000,100,'Lead',2,4,8),(122,'Aarya','Jain','1990-11-03','female','3991971451','Lakshadweep','2129669794','O+',10000,300,'Lead',2,7,8),(123,'Aman','Sahni','1984-02-11','female','6746226723','Chandigarh','4424385228','O-',6000,100,'Lead',2,10,8),(124,'Kartik','Singh','1972-03-12','female','7313662125','Madhya Pradesh','9798585155','B-',14000,0,'PA',7,6,3),(125,'Vidushi','Goyal','1978-01-11','male','8479113631','Haryana','2799328669','A-',13000,400,'PA',4,4,6),(126,'Aarya','Gupta','1980-08-23','male','7385372429','Nagaland','6436581557','O-',5000,0,'Manager',1,5,9),(127,'Samyak','Jain','1984-03-15','female','6576625699','Madhya Pradesh','2592835675','B-',15000,400,'Manager',1,1,9),(128,'Aman','Sheoran','1990-05-03','female','1412154631','Meghalaya','5328637515','O+',3000,0,'PA',5,5,5),(129,'Rohan','Singh','1985-07-10','male','6278172684','Chhattisgarh','2145651799','AB+',1000,0,'Staff',9,2,1),(130,'Akshit','Sheoran','1986-07-01','female','1699795552','Manipur','6276682685','O+',4000,100,'PA',7,9,3),(131,'Samyak','Singh','1996-10-05','male','8985966966','Andaman and Nicobar Islands','1585273143','B-',5000,300,'Lead',3,3,7),(132,'Aman','Singh','1983-10-15','female','6569697896','Uttarakhand','5499325675','AB+',9000,500,'Lead',2,6,8),(133,'Samarth','Sahni','1978-02-28','male','2677853678','Uttar Pradesh','5772996817','B-',2000,500,'Clerk',8,2,2),(134,'Samarth','Singh','1980-03-14','male','4729689155','Mizoram','3568938393','O-',7000,400,'Staff',10,1,0),(135,'Rohan','Batra','1985-11-08','male','3997599455','Puducherry','5373757386','B-',2000,100,'Clerk',8,9,2),(136,'Akshit','Batra','1979-10-07','female','5556429626','Rajasthan','9542647819','B+',2000,200,'Clerk',8,9,2),(137,'Samyak','Tuteja','1983-12-14','male','1639483149','Uttar Pradesh','7821444591','A+',12000,400,'Lead',2,5,8),(138,'Kartik','Goyal','1973-01-01','male','1871373525','Bihar','1927546493','B-',4000,300,'PA',5,6,5),(139,'Samarth','Sahni','1972-07-20','female','7296474766','Nagaland','7513874496','B-',3000,500,'Lead',2,10,8),(140,'Akshit','Singh','1995-02-02','male','3769256131','Rajasthan','7541936586','A+',14000,100,'PA',5,10,5),(141,'Aman','Gupta','1976-07-23','male','9314725127','Lakshadweep','1259723273','O+',10000,200,'Staff',10,1,0),(142,'Aarya','Gupta','1974-05-20','male','8268199652','Nagaland','9252934362','B+',10000,400,'Clerk',8,8,2),(143,'Samarth','Gupta','1987-06-17','female','4171928774','Puducherry','4472646283','A+',1000,300,'Staff',9,1,1),(144,'Samyak','Goyal','1982-10-22','female','5519764188','Haryana','8974571867','B-',11000,200,'PA',6,5,4),(145,'Aman','Sheoran','1976-08-07','male','6797312175','Punjab','4254542735','A+',10000,400,'PA',5,5,5),(146,'Aman','Sahni','1989-03-25','male','2921828925','Odisha','1395495933','O+',14000,300,'PA',5,10,5),(147,'Samyak','Sahni','1989-08-05','male','4785982693','Daman and Diu','2237979771','A-',7000,300,'Lead',2,6,8),(148,'Rohan','Singh','1982-04-06','male','1753645861','Goa','9773157369','AB+',5000,300,'PA',7,8,3),(149,'Akshit','Gupta','1982-02-04','female','8257258722','Delhi','5496965828','AB+',6000,300,'PA',5,3,5),(150,'Aman','Goyal','1973-02-26','male','7829542492','Mizoram','7466791654','AB+',11000,200,'PA',7,5,3),(151,'Shweta','Batra','1976-07-04','female','8427915693','Andaman and Nicobar Islands','2314743262','AB+',5000,100,'PA',7,2,3),(152,'Kartik','Batra','1978-11-11','male','1556851982','Mizoram','3411665699','AB+',3000,200,'Manager',1,3,9),(153,'Shweta','Tuteja','1996-03-09','male','3394243323','Goa','7332894417','A+',15000,100,'PA',6,6,4),(154,'Samyak','Sheoran','1976-10-20','female','2778131246','Daman and Diu','2911962638','O+',2000,300,'Lead',2,8,8),(155,'Aman','Singh','1994-10-12','female','3617437651','Chhattisgarh','4849562357','O-',8000,200,'PA',5,2,5),(156,'Vidushi','Tuteja','1977-11-09','female','2647956962','Uttarakhand','9465558742','A-',3000,300,'Clerk',8,6,2),(157,'Aman','Tuteja','1995-04-10','female','2622699569','Meghalaya','5266183837','A+',6000,200,'PA',7,2,3),(158,'Rahul','Goyal','1992-09-27','male','9844832358','Dadra and Nagar Haveli','9756691743','A-',1000,100,'Lead',2,10,8),(159,'Rahul','Jain','1993-06-12','female','3945527469','Delhi','3676265236','B+',14000,400,'Manager',1,4,9),(160,'Kartik','Gupta','1979-01-17','male','4251341233','Assam','2937766937','O+',15000,100,'Lead',2,5,8),(161,'Aarya','Tuteja','1993-04-20','male','1181495648','Dadra and Nagar Haveli','1364262294','B+',15000,400,'Lead',3,1,7),(162,'Vidushi','Gupta','1976-01-21','female','6643342798','Meghalaya','4541993127','O+',3000,200,'PA',4,10,6),(163,'Samarth','Tuteja','1991-05-17','female','7311136121','Manipur','5853312134','A-',4000,100,'PA',6,6,4),(164,'Samarth','Tuteja','1971-06-25','male','6773349575','Andaman and Nicobar Islands','9725479834','A+',8000,400,'PA',6,8,4),(165,'Shweta','Goyal','1992-12-10','female','1447497958','Telangana','8428875639','B+',7000,300,'Staff',9,2,1),(166,'Aarya','Singh','1995-05-07','female','8555489821','Kerala','3717162686','O+',9000,400,'Lead',2,9,8),(167,'Kartik','Tuteja','1984-09-04','male','1917978132','Daman and Diu','5972764276','O+',6000,200,'PA',7,9,3),(168,'Aarya','Goyal','1982-05-22','male','8762389289','Jharkhand','4992889471','B+',8000,100,'PA',5,1,5),(169,'Samarth','Tuteja','1995-12-12','male','5786175677','Madhya Pradesh','2585745119','O-',2000,300,'PA',4,1,6),(170,'Aarya','Singh','1977-01-19','female','5786214199','Kerala','7863479387','O+',12000,200,'Lead',2,3,8),(171,'Shweta','Batra','1995-06-08','female','7724925397','Jharkhand','3969392268','A-',5000,500,'Clerk',8,10,2),(172,'Kartik','Singh','1978-02-16','female','9475259372','Meghalaya','3993577513','O-',10000,200,'PA',4,6,6),(173,'Akshit','Kumar','1973-12-08','female','9193659366','Punjab','3156891336','B+',1000,0,'Clerk',8,8,2),(174,'Kartik','Sheoran','1978-10-25','female','3531822471','Nagaland','8274393941','A+',15000,200,'Staff',9,7,1),(175,'Rohan','Singh','1979-11-27','female','6928384932','Maharashtra','7375949899','O-',5000,300,'PA',4,2,6),(176,'Kartik','Gupta','1992-05-17','male','5929776845','Maharashtra','6415389247','O-',1000,200,'Lead',2,1,8),(177,'Vidushi','Sheoran','1995-12-11','female','3257613317','Andaman and Nicobar Islands','4318381375','A+',11000,100,'Clerk',8,9,2),(178,'Kartik','Kumar','1983-08-15','female','9123392712','Punjab','8863835435','O-',3000,200,'Lead',3,3,7),(179,'Aman','Singh','1972-06-22','female','8874158588','Maharashtra','6296921578','A+',15000,200,'PA',6,3,4),(180,'Akshit','Singh','1985-06-15','male','8776834711','Punjab','9326278198','A+',2000,500,'Staff',10,7,0),(181,'Shweta','Sheoran','1991-06-12','female','7912939291','Madhya Pradesh','5635444957','A+',7000,500,'PA',4,7,6),(182,'Vidushi','Sheoran','1972-07-05','female','8962877468','Meghalaya','6575395934','O+',1000,400,'Staff',9,6,1),(183,'Aman','Gupta','1984-07-28','female','9764932884','Punjab','7751953761','A-',8000,200,'PA',4,6,6),(184,'Akshit','Singh','1995-12-21','female','5296562484','West Bengal','6138946435','B-',3000,300,'PA',5,3,5),(185,'Aarya','Singh','1985-10-21','male','3373283838','Telangana','8174725784','A+',2000,0,'Clerk',8,9,2),(186,'Rohan','Gupta','1983-10-06','female','4999865644','Delhi','5498358381','AB+',14000,0,'Manager',1,1,9),(187,'Akshit','Sahni','1971-10-24','male','9845358991','Dadra and Nagar Haveli','9818375873','AB+',15000,200,'Staff',9,1,1),(188,'Shweta','Sahni','1989-10-27','male','6595655788','Chandigarh','7979554985','AB+',13000,500,'PA',4,5,6),(189,'Rohan','Goyal','1971-05-27','female','5957645154','Assam','6194212966','A-',1000,300,'PA',5,10,5),(190,'Akshit','Gupta','1979-04-16','male','4146178285','Karnataka','4917326725','A+',7000,100,'Manager',1,2,9),(191,'Akshit','Sheoran','1996-05-27','male','2375183343','Jammu and Kashmir','6637148791','AB+',9000,300,'Manager',1,4,9),(192,'Samarth','Sheoran','1989-04-01','female','4238986363','Meghalaya','8815225172','AB+',10000,300,'Lead',2,4,8),(193,'Rohan','Kumar','1974-07-22','female','5633872755','Puducherry','2534351593','A+',10000,100,'Clerk',8,4,2),(194,'Rahul','Goyal','1977-02-06','male','8234552123','West Bengal','1653783957','O-',9000,200,'Staff',10,6,0),(195,'Vidushi','Kumar','1992-08-05','female','9749816527','Meghalaya','2657161697','B-',4000,500,'Lead',3,1,7),(196,'Samarth','Jain','1993-05-11','female','9831693744','Arunachal Pradesh','5384391864','AB+',2000,300,'PA',4,9,6),(197,'Vidushi','Jain','1993-06-26','female','4626453436','Gujarat','9954343468','A+',2000,500,'Lead',3,9,7),(198,'Kartik','Goyal','1973-06-25','female','5446481858','Manipur','6632999353','AB+',9000,200,'Manager',1,7,9),(199,'Akshit','Jain','1973-07-23','male','3852192473','Rajasthan','4732887113','O+',3000,200,'Manager',1,1,9),(200,'Aman','Tuteja','1992-09-21','male','7886587642','Punjab','1275246183','AB+',6000,200,'Lead',2,3,8),(201,'Shweta','Gupta','1995-08-12','female','9884122177','Haryana','5527166872','A+',12000,400,'PA',4,6,6),(202,'Vidushi','Sheoran','1984-06-07','female','5385824879','Arunachal Pradesh','1822213111','A+',8000,200,'PA',4,5,6),(203,'Samyak','Batra','1991-10-15','female','8817629859','Madhya Pradesh','5925949829','B+',15000,400,'PA',6,9,4),(204,'Aman','Goyal','1977-06-29','female','2612941634','Meghalaya','7613561728','O+',3000,200,'Lead',3,6,7),(205,'Rahul','Tuteja','1989-03-22','female','8991862496','Madhya Pradesh','8856448295','B+',15000,300,'Lead',3,10,7),(206,'Aarya','Jain','1991-06-24','male','4115823843','Manipur','2884523461','B+',10000,500,'Clerk',8,1,2),(207,'Aarya','Sahni','1984-01-06','female','9484714633','Puducherry','5282428372','A-',5000,0,'Clerk',8,2,2),(208,'Vidushi','Kumar','1996-08-13','female','4453542117','Odisha','7223398284','A-',3000,500,'PA',7,9,3),(209,'Shweta','Batra','1972-06-25','male','9453859448','Delhi','4134565528','O+',4000,300,'PA',7,3,3),(210,'Akshit','Batra','1979-12-16','male','9797722184','Nagaland','7976482769','O+',14000,300,'Lead',3,5,7),(211,'Vidushi','Singh','1975-04-20','male','8785237613','Chhattisgarh','7849647529','O+',2000,100,'Lead',3,8,7),(212,'Rahul','Tuteja','1992-05-27','female','3362691645','West Bengal','8993587385','A+',14000,500,'PA',4,2,6),(213,'Aarya','Batra','1996-01-24','male','5842274799','Arunachal Pradesh','6515484577','O-',9000,0,'Lead',2,6,8),(214,'Samarth','Jain','1985-05-27','female','1484192236','Arunachal Pradesh','5594262159','O+',7000,100,'PA',4,1,6),(215,'Vidushi','Goyal','1989-11-06','female','4823622319','Assam','7623657182','B+',9000,100,'PA',7,7,3),(216,'Samyak','Sahni','1971-10-20','male','4794744626','Andaman and Nicobar Islands','1399121675','B+',8000,0,'Staff',10,6,0),(217,'Aman','Gupta','1982-09-29','male','7741995413','Madhya Pradesh','8455481144','A-',15000,500,'Manager',1,3,9),(218,'Aarya','Goyal','1986-02-12','male','7554658367','Jammu and Kashmir','7977776346','B-',14000,100,'PA',6,9,4),(219,'Samarth','Kumar','1996-06-04','female','7553753465','Jharkhand','2644915839','O+',11000,200,'Staff',10,7,0),(220,'Vidushi','Singh','1995-11-17','female','2662338214','Telangana','5613431817','O+',11000,400,'PA',4,2,6),(221,'Aman','Singh','1974-02-25','male','9515385414','Chandigarh','6336183332','A+',6000,500,'Lead',2,4,8),(222,'Rahul','Tuteja','1987-06-16','male','3134363416','Andaman and Nicobar Islands','7936969854','A-',12000,100,'Staff',10,8,0),(223,'Rohan','Batra','1977-07-29','male','5991228598','Delhi','1658115236','O-',2000,500,'Clerk',8,7,2),(224,'Samarth','Sheoran','1976-03-18','male','9693835141','Andhra Pradesh','8428883523','B-',9000,0,'Clerk',8,3,2),(225,'Samarth','Singh','1995-03-13','female','6466739186','Uttar Pradesh','5697346776','A-',9000,400,'Lead',3,1,7),(226,'Samarth','Singh','1988-10-06','female','7622713568','Madhya Pradesh','5769865886','A+',5000,500,'PA',4,8,6),(227,'Samarth','Singh','1989-04-09','male','7955637488','Telangana','1513426391','B+',11000,200,'Manager',1,2,9),(228,'Samarth','Kumar','1988-04-01','male','2613584323','Telangana','1838658299','O+',3000,500,'PA',5,8,5),(229,'Kartik','Goyal','1971-10-09','female','7418512957','West Bengal','7885423822','B+',14000,300,'Manager',1,2,9),(230,'Shweta','Sheoran','1982-09-21','male','8435513243','Jharkhand','3455375198','B-',10000,200,'Lead',2,3,8),(231,'Aarya','Singh','1977-01-27','female','8699413212','Chhattisgarh','9128912418','B+',1000,100,'Manager',1,4,9),(232,'Rohan','Sheoran','1977-03-09','male','3184673139','Himachal Pradesh','6212326124','A+',15000,200,'PA',5,1,5),(233,'Kartik','Singh','1971-07-16','female','8472914978','Arunachal Pradesh','9594218298','A-',1000,0,'Staff',9,1,1),(234,'Samarth','Tuteja','1980-11-28','female','4328589257','Delhi','3121949754','O-',10000,500,'Lead',2,1,8),(235,'Aman','Sahni','1982-12-24','female','6818264471','Kerala','1393115115','B+',3000,500,'PA',4,6,6),(236,'Samarth','Singh','1975-08-21','female','8214589275','Uttarakhand','3871762374','B-',4000,300,'Manager',1,8,9),(237,'Vidushi','Tuteja','1978-05-18','female','3535248194','Nagaland','4836878287','AB+',6000,100,'PA',6,9,4),(238,'Rahul','Sheoran','1981-04-16','male','3154524542','Himachal Pradesh','5989253142','O-',14000,300,'PA',4,2,6),(239,'Vidushi','Kumar','1973-07-03','male','3472227968','Haryana','3992292462','AB+',7000,200,'PA',6,1,4),(240,'Kartik','Singh','1979-06-10','female','5656585768','West Bengal','8339335829','A-',9000,300,'Lead',2,8,8),(241,'Samarth','Sahni','1988-07-11','male','3981373245','West Bengal','2623823656','O-',15000,100,'Lead',2,8,8),(242,'Kartik','Goyal','1975-11-23','female','9519822967','Jammu and Kashmir','5448313149','A+',13000,200,'Staff',10,2,0),(243,'Aman','Singh','1987-05-27','male','2287762457','Nagaland','4334325779','AB+',12000,300,'PA',7,1,3),(244,'Kartik','Sahni','1992-11-20','female','6152751568','Andhra Pradesh','9287457372','A+',4000,200,'Staff',9,10,1),(245,'Rohan','Singh','1982-01-05','female','4665847196','Himachal Pradesh','3918322376','A-',14000,500,'Staff',9,2,1),(246,'Rohan','Batra','1972-11-17','female','3564728465','Maharashtra','2172418522','O+',7000,200,'Staff',10,3,0),(247,'Rahul','Singh','1976-03-22','female','3631551263','Lakshadweep','2943386348','AB+',7000,200,'PA',7,2,3),(248,'Aarya','Singh','1985-05-21','female','2164337483','Haryana','8534989714','A-',3000,0,'PA',6,10,4),(249,'Aman','Goyal','1995-07-04','male','4184724332','Tripura','9945676858','A-',8000,400,'Clerk',8,7,2),(250,'Aarya','Jain','1987-10-25','male','7957743124','Punjab','9489337966','B+',12000,100,'PA',7,3,3),(251,'Vidushi','Sahni','1974-05-21','female','7957323181','Mizoram','5184787992','O+',6000,500,'Staff',10,2,0),(252,'Aarya','Singh','1982-07-18','female','9918731777','Lakshadweep','9773283159','O-',8000,500,'PA',5,10,5),(253,'Rahul','Sheoran','1972-03-26','male','7396579344','Haryana','3763257655','A+',1000,0,'Lead',2,2,8),(254,'Rohan','Tuteja','1985-02-14','male','1396242964','Sikkim','3485696933','O-',9000,500,'PA',7,5,3),(255,'Akshit','Gupta','1981-07-19','female','5195558324','Sikkim','5951296235','O+',4000,500,'PA',7,4,3),(256,'Shweta','Batra','1980-03-26','male','2577872919','Maharashtra','6124153929','A-',11000,500,'Manager',1,9,9),(257,'Rohan','Jain','1993-12-28','male','8855743919','Uttar Pradesh','3288513541','O+',14000,0,'Clerk',8,9,2),(258,'Kartik','Gupta','1975-12-24','female','2529867899','Jammu and Kashmir','5529538548','B+',9000,200,'PA',6,3,4),(259,'Vidushi','Tuteja','1976-05-25','male','7357988795','Odisha','4685635256','AB+',13000,100,'Staff',9,6,1),(260,'Kartik','Goyal','1987-08-08','male','7884461677','Chandigarh','7327729581','B-',12000,400,'PA',7,7,3),(261,'Aman','Sahni','1980-03-16','female','7511468134','Haryana','9843656948','B-',8000,400,'Lead',3,10,7),(262,'Kartik','Gupta','1980-09-13','male','8752433299','Uttarakhand','2876665482','A+',10000,500,'Clerk',8,6,2),(263,'Rahul','Sheoran','1973-12-19','male','5774239695','Assam','2478746882','A+',14000,400,'Manager',1,9,9),(264,'Rohan','Singh','1978-06-28','male','5767572314','Karnataka','1767125628','AB+',13000,400,'Lead',3,3,7),(265,'Aman','Singh','1974-01-05','male','6711692284','Haryana','2142553433','A-',10000,400,'PA',6,3,4),(266,'Aarya','Goyal','1983-04-28','male','4118389362','Daman and Diu','6957799449','O-',6000,500,'Lead',2,2,8),(267,'Vidushi','Kumar','1991-05-03','female','7846441629','Chandigarh','1466765788','A+',10000,400,'Staff',9,3,1),(268,'Rohan','Tuteja','1991-04-11','female','6651142218','Bihar','2829599433','A+',10000,300,'Lead',2,6,8),(269,'Kartik','Singh','1972-11-03','female','2666782485','Sikkim','9656335838','O+',11000,300,'PA',4,9,6),(270,'Kartik','Gupta','1974-09-14','male','3254629199','Kerala','8731621631','A-',8000,200,'PA',7,7,3),(271,'Shweta','Singh','1993-08-10','male','1939526368','West Bengal','4631981874','O+',11000,0,'Lead',3,2,7),(272,'Rohan','Singh','1992-08-11','male','6714939551','Bihar','5556488292','AB+',14000,500,'PA',7,2,3),(273,'Rohan','Sahni','1972-08-08','female','1213419551','Jharkhand','4247961893','A-',14000,300,'Lead',2,5,8),(274,'Samarth','Sheoran','1984-07-26','female','3913423414','Assam','2184717191','A+',13000,200,'PA',4,1,6),(275,'Akshit','Kumar','1974-12-12','male','8493142395','Karnataka','1678748695','B-',4000,100,'Manager',1,1,9),(276,'Shweta','Jain','1977-05-26','female','3348615479','Jammu and Kashmir','6563247384','O-',13000,400,'Staff',9,4,1),(277,'Samarth','Goyal','1972-02-08','male','1713748419','Chandigarh','1265479247','O-',12000,200,'Staff',9,1,1),(278,'Akshit','Gupta','1994-01-20','female','3873284958','Haryana','2288158122','A-',5000,500,'PA',4,10,6),(279,'Aman','Singh','1981-04-27','female','4877417566','Haryana','6782612996','O-',9000,100,'Staff',10,9,0),(280,'Rohan','Goyal','1971-04-02','male','8613311414','Uttarakhand','6274591519','O-',7000,500,'PA',5,7,5),(281,'Shweta','Goyal','1976-02-24','male','2482131673','Sikkim','9286821918','B+',11000,500,'Manager',1,8,9),(282,'Rohan','Singh','1972-09-03','male','2942256544','Chhattisgarh','9552494559','A-',4000,400,'Lead',3,9,7),(283,'Aman','Singh','1977-02-03','male','8867312562','Punjab','9761964959','A-',12000,100,'Clerk',8,10,2),(284,'Aman','Gupta','1983-05-15','male','7629863519','Uttarakhand','1978274976','A-',8000,500,'Staff',10,10,0),(285,'Vidushi','Jain','1988-07-14','female','6628145629','Lakshadweep','7527172142','A-',13000,500,'Staff',10,3,0),(286,'Akshit','Singh','1989-08-23','male','8556792421','Jammu and Kashmir','8436685474','B-',11000,0,'Staff',9,2,1),(287,'Aman','Singh','1978-11-01','male','7347358219','Rajasthan','6783812676','B-',11000,500,'PA',4,1,6),(288,'Akshit','Batra','1988-07-14','male','1258911817','Goa','6289872412','AB+',12000,0,'PA',6,1,4),(289,'Rahul','Kumar','1974-07-23','male','7372768114','Rajasthan','7641991662','O+',6000,100,'PA',5,5,5),(290,'Rohan','Batra','1983-05-05','male','4884939437','Uttar Pradesh','5841257938','AB+',7000,500,'Staff',9,3,1),(291,'Samarth','Gupta','1992-06-18','male','1166811683','Uttar Pradesh','7126385639','B+',1000,500,'PA',4,6,6),(292,'Samyak','Kumar','1974-03-17','female','7928188123','Sikkim','4152288794','AB+',3000,400,'Lead',2,1,8),(293,'Aman','Batra','1988-08-20','female','1897343965','Mizoram','5853197622','B+',11000,100,'Staff',10,9,0),(294,'Samarth','Jain','1972-05-18','female','3663588954','Manipur','6145633718','O+',9000,300,'Manager',1,9,9),(295,'Samarth','Tuteja','1971-03-08','male','1547994169','West Bengal','7679371379','AB+',14000,400,'Clerk',8,5,2),(296,'Shweta','Tuteja','1985-07-10','male','5413989769','West Bengal','1984121183','B-',7000,500,'PA',7,7,3),(297,'Samarth','Tuteja','1995-07-01','male','2994219992','Punjab','4169336332','B-',3000,100,'Staff',9,6,1),(298,'Vidushi','Singh','1986-09-18','male','9339518941','Lakshadweep','5677895775','B-',15000,100,'Staff',9,8,1),(299,'Vidushi','Tuteja','1995-10-01','female','3641281114','Madhya Pradesh','1616163345','O+',15000,300,'Staff',9,4,1),(300,'Samyak','Batra','1991-08-18','female','3454974329','Odisha','1437835835','A-',2000,500,'Lead',3,8,7),(301,'Samarth','Sahni','1972-05-08','female','7121886361','Assam','8713542665','O-',13000,300,'Manager',1,6,9),(302,'Shweta','Tuteja','1982-10-26','male','8323313364','Uttar Pradesh','9434459117','AB+',5000,100,'PA',7,3,3),(303,'Kartik','Sheoran','1984-12-24','male','6842261512','Odisha','2292565336','O+',13000,500,'Lead',2,7,8),(304,'Akshit','Goyal','1985-01-27','male','5689584159','Telangana','3644421758','B-',10000,300,'PA',6,6,4),(305,'Shweta','Singh','1977-10-07','male','2564989276','Assam','6579226757','O+',9000,300,'Lead',3,1,7),(306,'Vidushi','Gupta','1988-09-29','male','4667522567','Nagaland','1165653531','A-',7000,100,'PA',6,8,4),(307,'Kartik','Goyal','1981-07-04','male','6378695682','Gujarat','4367763437','AB+',7000,500,'Staff',10,5,0),(308,'Shweta','Gupta','1991-12-11','male','5736664448','Daman and Diu','9582761187','A-',4000,400,'PA',7,9,3),(309,'Vidushi','Batra','1971-07-09','male','4875299245','Andhra Pradesh','8125851213','AB+',5000,0,'Staff',9,10,1),(310,'Rahul','Jain','1976-08-19','male','2279841744','Meghalaya','6534748425','B-',1000,300,'Manager',1,6,9),(311,'Vidushi','Singh','1978-01-02','male','4756177662','Delhi','8325225684','A-',13000,300,'PA',6,8,4),(312,'Rahul','Sheoran','1973-04-18','female','8599569459','Delhi','7619539689','A+',10000,0,'PA',4,6,6),(313,'Kartik','Gupta','1982-03-10','female','9733513655','Bihar','9822871155','B-',10000,500,'PA',4,7,6),(314,'Aman','Sahni','1989-10-15','female','3326476869','Meghalaya','5176325772','B-',1000,0,'Clerk',8,9,2),(315,'Rohan','Tuteja','1996-10-21','female','4686252144','Andaman and Nicobar Islands','1733539192','B+',12000,500,'PA',4,9,6),(316,'Shweta','Tuteja','1989-11-20','male','7621569288','Sikkim','3833162554','O-',15000,400,'Lead',2,8,8),(317,'Aarya','Singh','1972-11-12','male','6145211882','Dadra and Nagar Haveli','3773138472','O-',10000,300,'Lead',3,2,7),(318,'Rahul','Jain','1983-02-08','female','8615532488','Dadra and Nagar Haveli','8361556489','AB+',10000,400,'PA',4,8,6),(319,'Akshit','Gupta','1993-03-12','female','3184282556','Andaman and Nicobar Islands','1981634128','B-',4000,500,'Clerk',8,9,2),(320,'Rohan','Singh','1994-01-19','female','3388453378','Odisha','4866796386','O-',15000,100,'Manager',1,8,9),(321,'Kartik','Goyal','1985-12-03','female','7718688276','Madhya Pradesh','2481121439','O-',8000,200,'Manager',1,6,9),(322,'Kartik','Sahni','1994-02-21','male','7279393876','Gujarat','4463582275','O-',15000,400,'Clerk',8,6,2),(323,'Vidushi','Tuteja','1990-11-27','female','7547742753','Odisha','8265663626','O-',5000,300,'Lead',2,9,8),(324,'Rahul','Tuteja','1978-06-28','male','9976598211','Andhra Pradesh','8825686627','O+',9000,500,'PA',6,1,4),(325,'Samarth','Goyal','1979-07-21','female','8749351599','Tamil Nadu','9119382849','B+',12000,100,'Staff',9,4,1),(326,'Akshit','Sahni','1994-05-07','male','5314228889','Tripura','8847694625','O+',6000,0,'PA',6,5,4),(327,'Akshit','Jain','1975-09-17','male','5665143564','Manipur','7783291736','AB+',3000,400,'PA',4,2,6),(328,'Aman','Goyal','1979-01-12','female','8571523373','Mizoram','8121397541','A+',11000,400,'PA',6,3,4),(329,'Samarth','Sahni','1974-12-19','female','8981712532','Himachal Pradesh','1566638245','O-',4000,100,'Clerk',8,9,2),(330,'Aman','Jain','1984-01-08','male','8474834926','Chandigarh','4677592862','A-',8000,300,'Manager',1,9,9),(331,'Aarya','Batra','1984-10-01','female','5743837649','Daman and Diu','3822924895','AB+',2000,0,'Staff',10,7,0),(332,'Aarya','Kumar','1974-03-18','male','9349218385','Goa','7538768894','A+',7000,200,'PA',7,8,3),(333,'Aarya','Sheoran','1971-12-27','female','7676789545','Chhattisgarh','9281374844','B-',13000,300,'PA',5,4,5),(334,'Rahul','Tuteja','1980-04-28','female','5712141251','Himachal Pradesh','1933519672','A-',11000,300,'PA',6,3,4),(335,'Samarth','Tuteja','1974-06-13','male','7613513396','Chandigarh','3744458628','O-',12000,200,'PA',7,7,3),(336,'Aarya','Gupta','1981-09-25','female','9971915583','Tripura','5194252725','A+',14000,200,'PA',4,4,6),(337,'Samarth','Kumar','1983-06-25','female','8243155782','Uttar Pradesh','4196481259','A+',14000,300,'PA',4,7,6),(338,'Shweta','Singh','1972-09-28','female','7644121337','Arunachal Pradesh','9327713255','A+',11000,200,'Lead',2,1,8),(339,'Shweta','Tuteja','1978-03-29','female','7672542553','West Bengal','4266596519','AB+',12000,0,'Lead',3,7,7),(340,'Rohan','Singh','1973-12-01','female','2888141888','Bihar','8623993568','O+',15000,500,'Lead',3,3,7),(341,'Samyak','Sheoran','1990-05-10','female','3792122831','Mizoram','7688171269','O-',2000,500,'Lead',3,3,7),(342,'Samyak','Sheoran','1979-03-19','male','7853168628','Arunachal Pradesh','4192952485','B+',15000,300,'Lead',3,10,7),(343,'Shweta','Kumar','1975-03-28','male','7941591212','Assam','4813744331','O-',9000,400,'PA',6,10,4),(344,'Vidushi','Gupta','1972-06-27','female','7285388412','Rajasthan','5877541283','A-',4000,300,'Staff',9,8,1),(345,'Rohan','Sheoran','1986-07-09','male','2517514315','Uttarakhand','3218972697','O-',8000,200,'PA',7,7,3),(346,'Aarya','Jain','1976-12-15','female','4496771967','Jammu and Kashmir','7827717515','B+',2000,500,'Staff',9,6,1),(347,'Samarth','Batra','1981-03-22','male','5661959164','Kerala','1316233348','B+',12000,100,'Staff',9,6,1),(348,'Rohan','Sahni','1995-10-17','male','2793759918','Tamil Nadu','8275857549','A-',9000,100,'PA',4,1,6),(349,'Vidushi','Singh','1993-02-09','female','3775177432','Arunachal Pradesh','8912172158','AB+',6000,100,'Staff',10,7,0),(350,'Shweta','Singh','1974-02-20','female','9178785834','Uttar Pradesh','2524995782','O-',2000,100,'PA',6,3,4),(351,'Aman','Singh','1982-07-17','male','4745596182','Sikkim','8544479267','O+',9000,100,'Staff',9,10,1),(352,'Rohan','Tuteja','1989-12-11','female','5431112682','Lakshadweep','5786667959','B-',1000,500,'Staff',10,5,0),(353,'Kartik','Sheoran','1990-01-15','female','8719618337','Haryana','8394593831','B+',7000,200,'PA',7,8,3),(354,'Kartik','Batra','1975-01-29','male','6119636195','Uttarakhand','1964826736','O-',3000,400,'Staff',10,9,0),(355,'Aarya','Sahni','1975-08-19','male','8617236418','Dadra and Nagar Haveli','6432899962','AB+',11000,300,'PA',7,6,3),(356,'Rohan','Singh','1984-08-07','male','3588544159','Gujarat','7213278476','O+',1000,400,'Manager',1,2,9),(357,'Akshit','Goyal','1983-12-16','male','4822377591','Dadra and Nagar Haveli','6745695449','O-',5000,200,'PA',4,2,6),(358,'Akshit','Singh','1984-12-13','female','9572929581','Bihar','7563861852','A-',6000,500,'PA',5,7,5),(359,'Shweta','Tuteja','1992-07-22','female','6963413159','Madhya Pradesh','6723816939','A-',1000,200,'PA',4,9,6),(360,'Rohan','Tuteja','1972-01-24','male','7518936814','West Bengal','7379871152','AB+',8000,500,'PA',6,6,4),(361,'Rahul','Jain','1974-10-10','female','7977284792','Chandigarh','6464956968','O-',7000,200,'Staff',9,6,1),(362,'Shweta','Goyal','1984-12-05','female','7851882144','Meghalaya','6152694196','B+',7000,300,'Lead',3,6,7),(363,'Akshit','Tuteja','1987-05-01','male','8551631333','Gujarat','5732228231','AB+',6000,100,'PA',5,8,5),(364,'Vidushi','Sheoran','1996-01-25','female','9737372766','Uttar Pradesh','3633228196','B-',13000,100,'PA',7,6,3),(365,'Aman','Tuteja','1977-01-06','female','8129148548','Odisha','7346526481','A+',8000,500,'Lead',3,1,7),(366,'Samyak','Batra','1974-07-09','male','3564392812','Mizoram','4661732558','A-',10000,400,'PA',6,1,4),(367,'Samyak','Tuteja','1988-12-21','male','2563816675','Telangana','9368698391','B+',2000,0,'PA',7,6,3),(368,'Rahul','Gupta','1975-09-25','male','4879638674','Himachal Pradesh','3695679211','O-',5000,0,'Staff',10,9,0),(369,'Rohan','Batra','1988-01-17','female','9264898918','Delhi','1466399225','B-',3000,200,'Staff',10,8,0),(370,'Kartik','Kumar','1986-09-11','male','1154682333','Maharashtra','7331899581','O+',14000,0,'Lead',2,3,8),(371,'Akshit','Singh','1978-08-06','male','2285233375','Tamil Nadu','8264459486','AB+',2000,300,'Manager',1,10,9),(372,'Rohan','Sahni','1985-11-21','female','8293439647','Meghalaya','6979183764','O-',15000,200,'PA',5,4,5),(373,'Shweta','Sahni','1976-02-27','female','8433694162','Lakshadweep','7389646388','B-',13000,400,'Lead',3,5,7),(374,'Shweta','Sheoran','1976-03-01','female','3688139984','Maharashtra','7725463925','O+',10000,100,'PA',7,8,3),(375,'Kartik','Goyal','1995-11-04','male','6355334527','Himachal Pradesh','6854456919','B-',4000,300,'PA',7,3,3),(376,'Akshit','Sheoran','1992-12-21','female','3691642973','Jharkhand','2837429195','AB+',7000,300,'Lead',3,2,7),(377,'Shweta','Jain','1992-03-07','male','1761346968','Mizoram','5995212137','B-',5000,400,'Staff',9,8,1),(378,'Akshit','Sheoran','1987-08-04','female','2127681494','Chhattisgarh','4556855285','O-',10000,0,'PA',6,7,4),(379,'Akshit','Kumar','1984-11-24','male','5979475641','Jharkhand','1357786778','O+',14000,500,'Manager',1,5,9),(380,'Samarth','Singh','1984-08-05','female','1911443758','Jammu and Kashmir','6336474478','A-',12000,200,'Lead',2,8,8),(381,'Rohan','Jain','1991-01-15','male','7557354822','Tamil Nadu','2372896446','O-',5000,300,'Staff',9,4,1),(382,'Rahul','Singh','1989-04-19','female','4322653255','Maharashtra','3213476468','B+',10000,500,'Manager',1,8,9),(383,'Shweta','Sahni','1977-08-16','female','1764978456','Sikkim','5999493552','O-',9000,200,'Lead',3,8,7),(384,'Kartik','Singh','1972-06-25','male','1271662138','Andhra Pradesh','8494911915','O+',13000,0,'Staff',10,3,0),(385,'Samyak','Singh','1992-10-29','male','6561327882','Goa','9435623862','B+',6000,400,'PA',6,10,4),(386,'Aarya','Jain','1987-08-24','male','8154139411','Lakshadweep','7743325364','AB+',3000,100,'Clerk',8,4,2),(387,'Kartik','Sahni','1990-02-03','female','9771767178','Puducherry','7699886954','AB+',7000,0,'PA',7,9,3),(388,'Akshit','Jain','1974-09-21','female','3319719134','Dadra and Nagar Haveli','3988691222','B+',2000,500,'PA',5,1,5),(389,'Akshit','Sahni','1978-07-09','female','4121138497','Karnataka','7816118677','A+',6000,500,'Clerk',8,4,2),(390,'Akshit','Tuteja','1993-12-04','female','5124317552','Sikkim','3784388646','O-',9000,400,'PA',6,5,4),(391,'Aman','Sheoran','1989-05-28','male','6348564465','Bihar','8521226819','AB+',2000,0,'PA',7,10,3),(392,'Aarya','Sahni','1982-04-15','female','8597221918','Sikkim','6636442381','O+',1000,500,'Staff',10,4,0),(393,'Aman','Kumar','1996-02-16','male','3844339163','Delhi','6535984217','A-',14000,300,'PA',6,10,4),(394,'Rahul','Gupta','1989-10-05','male','1737941526','Lakshadweep','4426758614','B+',5000,500,'PA',7,2,3),(395,'Samyak','Gupta','1995-10-14','female','6485321771','Meghalaya','8477842787','A-',1000,300,'PA',7,10,3),(396,'Samarth','Singh','1991-01-20','female','2818572271','Odisha','9682348669','O+',14000,500,'Staff',9,4,1),(397,'Aman','Sheoran','1981-08-03','female','6782585442','Delhi','2939815626','AB+',13000,100,'PA',7,7,3),(398,'Samyak','Goyal','1988-11-27','male','9869627613','Rajasthan','7344877377','O-',1000,500,'Clerk',8,5,2),(399,'Aarya','Singh','1990-08-05','male','9431888362','Bihar','8578452591','AB+',8000,100,'PA',5,1,5),(400,'Aarya','Gupta','1994-11-24','female','4491634239','Bihar','7297984862','B+',12000,300,'Clerk',8,7,2),(401,'Rohan','Singh','1973-03-04','male','5959292163','Arunachal Pradesh','3786534247','O+',1000,300,'Lead',2,2,8),(402,'Rahul','Tuteja','1979-03-25','female','3921411346','Manipur','4216829682','AB+',13000,0,'PA',6,2,4),(403,'Vidushi','Jain','1995-04-12','female','9354564166','Uttar Pradesh','2178491859','A-',15000,400,'Lead',3,9,7),(404,'Samarth','Sahni','1973-08-23','female','2129745639','Mizoram','2138665266','A-',12000,200,'Staff',9,4,1),(405,'Kartik','Goyal','1988-07-27','female','3399344671','Andaman and Nicobar Islands','6275693181','A+',13000,400,'PA',5,3,5),(406,'Shweta','Batra','1983-11-15','male','7774545423','Punjab','6934835321','A+',13000,300,'Lead',2,8,8),(407,'Rohan','Goyal','1987-02-24','male','9391972892','Telangana','4845254363','O-',7000,500,'Manager',1,9,9),(408,'Akshit','Singh','1972-09-01','female','7268126182','Tripura','8783815616','A+',11000,200,'Lead',3,2,7),(409,'Vidushi','Singh','1990-01-04','female','4331414114','Meghalaya','4148395467','B+',10000,400,'Clerk',8,10,2),(410,'Aman','Jain','1972-06-29','female','6284411372','Haryana','7624352764','O+',8000,300,'PA',7,7,3),(411,'Akshit','Sahni','1981-07-04','male','9728761531','Uttar Pradesh','2219719533','O-',14000,500,'Manager',1,2,9),(412,'Aman','Kumar','1972-10-05','male','3422379922','Andhra Pradesh','7178949989','O+',8000,100,'PA',6,10,4),(413,'Aarya','Batra','1973-12-16','female','9663854879','Dadra and Nagar Haveli','3285695351','O+',3000,0,'Staff',9,9,1),(414,'Aman','Gupta','1986-04-26','male','5345984373','Karnataka','4944686157','O+',11000,300,'Staff',10,1,0),(415,'Aarya','Sahni','1971-11-24','female','4546238296','Haryana','6837224917','B-',3000,0,'PA',7,6,3),(416,'Aarya','Singh','1985-02-16','male','6286651212','Goa','7321221372','A-',6000,500,'Clerk',8,6,2),(417,'Rahul','Jain','1979-03-12','male','7389152267','Jammu and Kashmir','9161693471','AB+',9000,500,'Staff',9,2,1),(418,'Samyak','Gupta','1975-12-24','male','2428969263','Andaman and Nicobar Islands','6291276995','B+',12000,100,'Staff',10,9,0),(419,'Aarya','Tuteja','1978-01-18','female','6196911542','Punjab','6387729467','O+',14000,500,'Clerk',8,7,2),(420,'Samarth','Gupta','1986-12-26','male','1479656227','Gujarat','2443516449','A-',2000,400,'PA',5,7,5),(421,'Vidushi','Sheoran','1981-07-23','female','2293993455','Chhattisgarh','2418342477','A-',12000,400,'Manager',1,3,9),(422,'Akshit','Gupta','1976-09-22','male','5978753649','Karnataka','2864892958','A+',5000,100,'Staff',9,8,1),(423,'Shweta','Sahni','1976-04-20','male','3951864211','Assam','8689328544','O+',3000,0,'Lead',2,9,8),(424,'Shweta','Gupta','1972-04-19','male','8218144111','Bihar','4795955839','AB+',6000,100,'Lead',3,5,7),(425,'Akshit','Gupta','1975-10-15','female','7444626499','Gujarat','9596786125','B-',12000,200,'PA',5,8,5),(426,'Shweta','Sahni','1996-01-20','female','6613774887','Andhra Pradesh','9388265551','A+',5000,100,'PA',6,5,4),(427,'Rahul','Singh','1972-07-01','male','4399962891','Himachal Pradesh','6222886271','O-',3000,400,'PA',6,9,4),(428,'Kartik','Goyal','1993-07-23','female','2446292121','Daman and Diu','6637476362','B-',9000,200,'Staff',9,7,1),(429,'Aman','Jain','1974-02-21','female','3995794279','Telangana','1244361416','O-',3000,300,'PA',7,4,3),(430,'Aarya','Singh','1973-06-21','female','3251682175','Mizoram','9271343315','A+',4000,200,'Clerk',8,9,2),(431,'Samyak','Gupta','1987-09-17','female','4326329343','Bihar','1266248134','O-',5000,100,'PA',6,10,4),(432,'Rahul','Goyal','1987-12-10','male','6388316895','Jharkhand','7447861552','B+',11000,400,'Manager',1,9,9),(433,'Aarya','Sheoran','1994-10-20','male','3352371357','Bihar','7698826763','AB+',10000,300,'Staff',9,4,1),(434,'Samyak','Tuteja','1983-07-18','male','1191597612','Tripura','4819626929','AB+',10000,300,'Manager',1,8,9),(435,'Rohan','Singh','1996-03-15','female','6773195227','Jammu and Kashmir','2585491342','B+',5000,200,'Lead',2,7,8),(436,'Rahul','Singh','1995-04-18','male','6744922449','Andaman and Nicobar Islands','5633844434','AB+',12000,300,'Lead',2,5,8),(437,'Kartik','Sheoran','1993-12-28','male','5914313561','Bihar','1396915897','O+',3000,200,'PA',6,6,4),(438,'Vidushi','Kumar','1994-02-05','female','8723234462','Karnataka','9231497148','O+',8000,0,'Lead',3,3,7),(439,'Akshit','Batra','1977-10-07','male','1319335745','Andhra Pradesh','3546983895','B+',3000,500,'PA',7,10,3),(440,'Samarth','Kumar','1987-08-02','female','7886478698','Dadra and Nagar Haveli','1626453758','B-',9000,200,'PA',5,4,5),(441,'Aarya','Tuteja','1985-07-14','male','8819286579','Gujarat','1481832838','B-',12000,300,'Staff',10,4,0),(442,'Samyak','Tuteja','1971-02-04','female','4338159937','Assam','7156528639','O+',9000,300,'PA',6,4,4),(443,'Vidushi','Sheoran','1977-07-02','female','5636892761','Nagaland','2925745794','A-',5000,300,'PA',7,4,3),(444,'Aman','Goyal','1976-01-07','female','8141594158','Chandigarh','7823422564','A-',12000,400,'PA',4,1,6),(445,'Aman','Tuteja','1994-08-20','female','2846743115','Delhi','1435126673','A-',2000,0,'PA',4,9,6),(446,'Samarth','Singh','1983-03-03','female','4992227646','Goa','3469557665','A+',6000,200,'Lead',3,6,7),(447,'Samyak','Sheoran','1981-11-02','male','7758749266','Sikkim','6694196367','B+',7000,500,'Staff',10,3,0),(448,'Samyak','Tuteja','1973-05-17','male','1815779813','Mizoram','5815943415','O-',8000,100,'Lead',3,1,7),(449,'Samarth','Sheoran','1982-01-03','male','1617692981','Madhya Pradesh','5487468833','AB+',11000,0,'Lead',2,7,8),(450,'Akshit','Jain','1983-11-05','male','8969368934','Kerala','2458274633','A+',12000,100,'Staff',10,1,0),(451,'Aman','Jain','1980-02-04','male','7836584378','Gujarat','2193684267','B-',8000,200,'Staff',9,6,1),(452,'Shweta','Jain','1995-09-06','female','1355926611','Puducherry','9694331991','AB+',4000,100,'Staff',9,1,1),(453,'Aarya','Tuteja','1983-06-12','male','8492687394','Karnataka','8775296497','A-',1000,500,'PA',6,4,4),(454,'Samyak','Kumar','1986-09-28','female','7459382892','Rajasthan','9226983875','B-',6000,300,'PA',4,9,6),(455,'Samarth','Singh','1977-11-17','female','9614545826','Gujarat','9634996549','A+',14000,100,'Lead',3,8,7),(456,'Shweta','Goyal','1984-08-18','female','9916738936','Rajasthan','2397776356','O-',9000,200,'Staff',10,1,0),(457,'Rahul','Goyal','1973-07-26','male','4816335735','Telangana','3166278154','O+',2000,500,'PA',6,3,4),(458,'Vidushi','Kumar','1984-12-07','female','8627388664','Manipur','4377319425','A-',12000,200,'PA',4,3,6),(459,'Shweta','Sheoran','1985-09-23','male','2426228489','Daman and Diu','6535344591','AB+',10000,100,'PA',4,5,6),(460,'Rahul','Kumar','1977-05-12','female','1164277131','Nagaland','2511316725','A-',2000,100,'Lead',2,4,8),(461,'Aman','Batra','1977-07-17','female','9281298885','Uttar Pradesh','3658757937','AB+',12000,100,'Staff',9,3,1),(462,'Kartik','Singh','1977-07-26','female','8134722977','Bihar','1971938582','B+',1000,300,'Manager',1,4,9),(463,'Akshit','Kumar','1986-10-29','female','6563435949','Andhra Pradesh','6179144951','B+',11000,0,'PA',6,2,4),(464,'Vidushi','Kumar','1992-04-23','male','8554952282','Odisha','8898316737','B-',12000,200,'Lead',2,1,8),(465,'Rahul','Singh','1974-02-27','male','7455839597','Assam','8519378368','O-',14000,0,'PA',7,5,3),(466,'Kartik','Tuteja','1996-06-16','male','2195116311','Telangana','3782245272','B+',4000,200,'Staff',10,1,0),(467,'Samyak','Goyal','1987-01-22','female','1533732888','Telangana','6911314885','B+',4000,0,'PA',6,2,4),(468,'Akshit','Singh','1972-09-09','female','6615823333','Karnataka','2569199365','O-',5000,400,'Clerk',8,4,2),(469,'Samyak','Gupta','1993-02-13','male','2717696484','Odisha','6322986275','B-',15000,200,'Clerk',8,10,2),(470,'Rahul','Batra','1991-11-17','female','9678827496','Uttar Pradesh','6525847516','B-',10000,0,'PA',4,10,6),(471,'Kartik','Batra','1979-03-29','female','1165195236','Tamil Nadu','2854315425','B+',13000,500,'Staff',10,9,0),(472,'Kartik','Kumar','1978-11-20','male','5873345589','Delhi','6571887316','A+',2000,100,'PA',6,3,4),(473,'Aarya','Gupta','1981-06-29','female','5818697355','Gujarat','8235681856','O+',1000,300,'Lead',2,1,8),(474,'Vidushi','Kumar','1996-04-07','male','7627292744','Telangana','4573476145','AB+',7000,400,'Manager',1,9,9),(475,'Akshit','Tuteja','1988-06-07','male','4817445412','Dadra and Nagar Haveli','1593437358','AB+',9000,400,'PA',6,8,4),(476,'Vidushi','Batra','1996-10-11','female','4116216455','Odisha','8892926878','O-',4000,400,'PA',7,10,3),(477,'Kartik','Singh','1983-08-22','male','1861886828','Chandigarh','9768983274','A+',9000,300,'Lead',2,1,8),(478,'Aarya','Tuteja','1978-05-10','male','8146242111','Lakshadweep','9961368832','A-',15000,0,'Lead',3,3,7),(479,'Akshit','Sheoran','1994-10-12','female','3577593212','Assam','6987214947','O+',8000,400,'Lead',3,9,7),(480,'Rahul','Singh','1986-02-18','female','9736215854','Meghalaya','2647697182','O+',3000,200,'PA',4,2,6),(481,'Rohan','Tuteja','1989-06-16','female','6281629882','Sikkim','1382257524','B-',12000,400,'PA',4,1,6),(482,'Rahul','Sahni','1981-10-17','female','8694855629','Jammu and Kashmir','9628834254','AB+',4000,200,'Clerk',8,2,2),(483,'Aman','Kumar','1976-05-27','male','5584855433','Goa','6786872164','O-',14000,0,'Lead',3,9,7),(484,'Kartik','Sahni','1979-05-21','female','9376691612','Jammu and Kashmir','1119436652','B-',2000,0,'Lead',2,6,8),(485,'Rahul','Singh','1983-02-09','female','3533833946','Andhra Pradesh','4169415555','O+',10000,500,'PA',4,10,6),(486,'Shweta','Singh','1987-07-08','male','8322441697','Uttarakhand','6881192563','A-',10000,100,'Staff',10,5,0),(487,'Kartik','Tuteja','1990-03-24','female','9251179699','Tripura','9615718595','B-',10000,300,'PA',7,8,3),(488,'Samyak','Kumar','1990-02-03','female','7127737713','Kerala','8114432872','A-',10000,200,'Manager',1,3,9),(489,'Rohan','Sahni','1976-06-10','female','6263194287','Lakshadweep','4245846629','AB+',6000,200,'PA',4,2,6),(490,'Aman','Gupta','1996-01-02','female','4149686857','Himachal Pradesh','8517379477','O-',8000,200,'PA',4,3,6),(491,'Aman','Batra','1976-08-09','male','5366121887','Chhattisgarh','3276292649','AB+',10000,200,'Lead',3,9,7),(492,'Vidushi','Sheoran','1972-05-22','male','3288285233','Chhattisgarh','8142383672','A+',15000,0,'Clerk',8,10,2),(493,'Rohan','Batra','1994-11-10','female','8177436515','Jammu and Kashmir','3168476651','AB+',11000,400,'PA',5,8,5),(494,'Shweta','Jain','1987-06-28','male','1544496487','Dadra and Nagar Haveli','2253331756','B+',3000,0,'PA',7,10,3),(495,'Rohan','Kumar','1972-07-22','male','1257966911','Rajasthan','7256378151','A-',1000,400,'Staff',10,5,0),(496,'Samarth','Sheoran','1987-02-14','male','8771513226','Uttarakhand','1549911948','A+',5000,500,'PA',7,8,3),(497,'Kartik','Gupta','1974-07-14','female','8522761554','West Bengal','6177328238','B+',15000,400,'Staff',9,3,1),(498,'Shweta','Singh','1972-10-15','male','6178792369','Mizoram','3268788669','O-',11000,500,'Staff',9,5,1),(499,'Aman','Sahni','1996-01-11','female','4781888825','Madhya Pradesh','3117839663','A+',11000,200,'PA',6,4,4);
/*!40000 ALTER TABLE `agency_employee` ENABLE KEYS */;
UNLOCK TABLES;

--
-- Table structure for table `booked_for`
--

DROP TABLE IF EXISTS `booked_for`;
/*!40101 SET @saved_cs_client     = @@character_set_client */;
/*!50503 SET character_set_client = utf8mb4 */;
CREATE TABLE `booked_for` (
  `offload_luggage` tinyint(1) NOT NULL DEFAULT '0',
  `medical_certificate` varchar(256) DEFAULT NULL,
  `email` varchar(128) NOT NULL,
  `booking_id` int NOT NULL,
  `customer_id` int NOT NULL,
  PRIMARY KEY (`email`,`booking_id`,`customer_id`),
  KEY `customer_id` (`customer_id`),
  KEY `booking_id` (`booking_id`),
  CONSTRAINT `booked_for_ibfk_1` FOREIGN KEY (`booking_id`) REFERENCES `booking` (`booking_id`),
  CONSTRAINT `booked_for_ibfk_2` FOREIGN KEY (`customer_id`) REFERENCES `customer_info` (`customer_id`),
  CONSTRAINT `booked_for_ibfk_3` FOREIGN KEY (`booking_id`) REFERENCES `booking` (`booking_id`),
  CONSTRAINT `booked_for_ibfk_4` FOREIGN KEY (`email`) REFERENCES `customer_account` (`email`)
) ENGINE=InnoDB DEFAULT CHARSET=utf8mb4 COLLATE=utf8mb4_0900_ai_ci;
/*!40101 SET character_set_client = @saved_cs_client */;

--
-- Dumping data for table `booked_for`
--

LOCK TABLES `booked_for` WRITE;
/*!40000 ALTER TABLE `booked_for` DISABLE KEYS */;
INSERT INTO `booked_for` VALUES (1,'JRfstFtBJB','AdennCantu2@hotmail.com',53,179),(0,'ZvDMJGYWpm','AdennCantu2@hotmail.com',131,179),(0,'wNSMnpFqUV','AdennCantu2@hotmail.com',184,179),(1,'OgqaqdDITh','AdennChavez79@gmail.com',119,377),(0,'jPGkgOwwFc','AdennChavez79@gmail.com',146,377),(1,'IVNgPXgmtP','AdennDale86@yahoo.com',63,418),(1,'fsGEHTPKjE','AdennDodson100@yahoo.com',80,307),(1,'QXKfuuFgZL','AdennGilliam54@gmail.com',59,211),(1,'UmFnZThbNP','AdennHerman84@hotmail.com',41,381),(1,'KgYvcuLYis','AdennHill64@hotmail.com',77,357),(0,'yGOHbWVwsY','AlexBonner0@hotmail.com',156,197),(1,'CdfQINtJXF','AlexBonner0@hotmail.com',185,197),(0,'CakjxtgphR','AlexCallahan62@gmail.com',159,296),(1,'AsIcJVtbjv','AlexCallahan62@gmail.com',163,296),(1,'YRevRBbOwZ','AlexCallahan62@gmail.com',174,296),(1,'gpucztKBCG','AlexConway36@hotmail.com',8,355),(0,'CfKAGETScV','AlexConway36@hotmail.com',89,355),(1,'TYiCCSEqUi','AlexCooley41@yahoo.com',65,107),(1,'PENVUXOrcO','AlexCooley41@yahoo.com',135,107),(0,'IZfVhreIqZ','AlexCruz56@hotmail.com',24,229),(0,'NJPiLlCjBg','AlexDelacruz19@hotmail.com',26,262),(0,'SyzQwQjFmr','AlexDelacruz19@hotmail.com',44,262),(1,'iOulVqEZcH','AlexDelacruz19@hotmail.com',158,262),(0,'JiirgWQMZK','AlexDelacruz19@hotmail.com',192,262),(1,'DGmocVAFig','AlexDeleon86@hotmail.com',10,293),(0,'etPecpUBjE','AlexFleming75@gmail.com',12,126),(1,'aYmJRvfrBz','AlexFleming75@gmail.com',73,126),(1,'bjRqRxCoJx','AlexFleming75@gmail.com',106,126),(1,'IagHrmRozm','AlexGilliam5@hotmail.com',21,248),(0,'eMRxBSfBTx','AlexGilliam5@hotmail.com',53,248),(1,'HgoUQWDiEi','AlexGlass36@hotmail.com',86,68),(0,'nUpdSEKVru','AlexGlass36@hotmail.com',159,68),(0,'fuGtOqqmrZ','AlexGriffin93@yahoo.com',16,491),(1,'veaZkIazOn','AlexGriffin93@yahoo.com',84,491),(0,'yhESEnxRmj','CalanDale5@gmail.com',137,483),(1,'EmLdxrfBMZ','CalanDuran98@gmail.com',36,104),(0,'KkzHYSLBKc','CalanEllison50@hotmail.com',51,454),(1,'ccdPdPnAEM','CalanFigueroa53@yahoo.com',3,275),(1,'AuxRpFNyfG','CalanFigueroa53@yahoo.com',146,275),(0,'xvMKIHIzHJ','CalanFigueroa53@yahoo.com',187,275),(1,'wNfCSazhiS','CalanGilliam11@hotmail.com',145,386),(0,'HKmPtgJyck','CalanGilliam11@hotmail.com',153,386),(0,'NNqzwcKYUv','CalanGilliam96@yahoo.com',4,88),(0,'tKaqYDCULs','CalanGilliam96@yahoo.com',24,88),(0,'TZRYGtsyKx','CalanGray97@hotmail.com',5,498),(1,'ksXLEZtzhC','CalanGuzman33@hotmail.com',175,18),(0,'ROfyEZnyAt','CalanHaley44@hotmail.com',153,152),(0,'hppCacYLoz','DaithiCallahan91@gmail.com',152,196),(1,'kljitmzYdh','DaithiCallahan91@gmail.com',179,196),(0,'zhHzCbRsEo','DaithiDale6@hotmail.com',10,45),(0,'tpePmTPzyg','DaithiDale6@hotmail.com',58,45),(0,'zGsxmxuqFN','DaithiDale6@hotmail.com',63,45),(0,'GNzerzooCt','DaithiDale6@hotmail.com',94,45),(0,'zHioLRejRa','DaithiDale6@hotmail.com',100,45),(1,'caYxNCqPeU','DaithiDale6@hotmail.com',130,45),(0,'INEkosldRj','DaleBlair17@yahoo.com',33,177),(1,'OYzIUxDMLF','DaleCollier48@yahoo.com',198,385),(0,'kINJKpPYtd','DaleFigueroa26@hotmail.com',20,348),(1,'pcppUJAuBu','DaleFigueroa89@hotmail.com',161,422),(0,'aFwouXjsZk','DaleFigueroa89@yahoo.com',70,278),(0,'opRQAjMKNC','DaleFigueroa89@yahoo.com',155,278),(1,'BvFhvpSuEh','DaleFigueroa89@yahoo.com',187,278),(0,'FZpkUrPYap','DaleForeman58@gmail.com',18,438),(0,'TRQBtCsxrs','DaleForeman58@gmail.com',21,438),(0,'IjtFUWDDOn','DanyalBlair86@hotmail.com',31,30),(0,'SKErVwOutE','DanyalBlair86@hotmail.com',67,30),(0,'fQaIZpNBQn','DanyalBlair86@hotmail.com',160,30),(1,'SwsHRLGTEv','DanyalBlair86@hotmail.com',166,30),(0,'qbWXuzchgB','DanyalCrane32@gmail.com',6,109),(0,'BdJpkRuLhI','DanyalDeleon91@gmail.com',109,391),(1,'qYiiRjAPmU','DanyalDunn60@yahoo.com',95,244),(0,'hENZFVRqPu','DanyalEllison66@yahoo.com',16,379),(0,'QVjyznUddq','DanyalEllison66@yahoo.com',80,379),(0,'yeXxGLwWnU','DanyalEllison66@yahoo.com',158,379),(1,'KMNFgZuGHM','DanyalFigueroa8@hotmail.com',127,255),(0,'NBrqaApibs','DanyalHampton31@hotmail.com',40,131),(0,'gGoTzBbHaK','DanyalHatfield8@yahoo.com',129,493),(0,'ZvADaRFkiR','DeecanCummings34@gmail.com',45,336),(1,'zsWUOHivcB','DeecanCummings34@gmail.com',169,336),(1,'dJqcGlQMtr','DeecanForeman65@yahoo.com',1,17),(0,'FJRrUKcsEt','DeecanForeman65@yahoo.com',72,17),(0,'EccgjVaomw','DeecanForeman65@yahoo.com',165,17),(0,'ODcGqihMYo','DeecanHays85@gmail.com',42,447),(0,'znvUXGGbVF','DeecanHays85@gmail.com',188,447),(0,'cWNXYdTXZx','EljayCantu85@gmail.com',56,113),(0,'LpmshZgAAx','EljayCantu85@gmail.com',89,113),(1,'xAAjhJVVxY','EljayGarza8@hotmail.com',24,166),(0,'QseqWdCTcc','EljayGarza8@hotmail.com',33,166),(0,'tFZHZicdXE','EljayGarza8@hotmail.com',103,166),(0,'IfmkcyyomY','EljayGarza8@hotmail.com',107,166),(0,'egcNqoQOue','EljayHampton86@gmail.com',186,383),(0,'xPaTASiwOi','EljayHays44@gmail.com',100,485),(0,'DINNFwfKsO','EljayHays44@gmail.com',126,485),(1,'NsUEEXiOxu','EljayHester47@hotmail.com',29,84),(1,'HwflWCUoNW','FamaraAlston76@yahoo.com',14,419),(1,'NxwzleFRlf','FamaraCantu7@yahoo.com',13,188),(1,'WfUuumlPDf','FamaraCantu7@yahoo.com',80,188),(1,'ZqHtKvNqXe','FamaraCantu7@yahoo.com',173,188),(1,'keQHniWpCi','FamaraCrane36@yahoo.com',41,371),(1,'xNXAYzsIid','FamaraDale71@hotmail.com',162,182),(0,'QFNsengrHl','FamaraDale71@hotmail.com',179,182),(0,'KlZYvRlTwy','FamaraDale98@gmail.com',69,294),(1,'VDyHhSGsYc','FamaraDale98@gmail.com',193,294),(1,'nkIaWJObGG','FamaraDeleon9@gmail.com',5,395),(0,'hHeRaoPngD','FamaraDeleon9@gmail.com',163,395),(1,'WeArJIUTQm','FamaraDeleon9@gmail.com',184,395),(0,'MvfqpEkRgi','FamaraDeleon9@gmail.com',199,395),(1,'JPRnDiNHdN','FamaraFigueroa93@yahoo.com',180,103),(1,'KyuPlWGnvh','FamaraGuzman38@yahoo.com',46,374),(0,'GdCDxjBtDl','FamaraHays89@yahoo.com',54,159),(0,'ESFQJZbcSm','FergusAlford50@hotmail.com',172,428),(1,'BFHYxYxWNP','FergusCooke88@gmail.com',121,417),(0,'ZBigkudLHl','FergusDeleon20@gmail.com',103,135),(1,'dREbepLomn','FergusDeleon50@yahoo.com',12,258),(0,'LEXeEzwMYa','FergusDeleon50@yahoo.com',88,258),(0,'hkTckeoKtN','FergusDeleon50@yahoo.com',94,258),(1,'ECeHnceHzj','FergusDeleon50@yahoo.com',112,258),(1,'GXEjfGEEDe','FergusDeleon50@yahoo.com',152,258),(1,'WQJxegZizW','FergusDeleon50@yahoo.com',175,258),(0,'QidHpIWoVH','FergusFleming58@gmail.com',144,425),(1,'syUZbhuVtj','FergusFleming58@gmail.com',176,425),(1,'WiQQmPmHgT','FergusForeman52@yahoo.com',115,165),(0,'IFYngCkMBc','FergusHampton55@yahoo.com',84,297),(1,'HwRqChxmjB','FergusHampton55@yahoo.com',186,297),(0,'HWBJNHWFsy','FergusHampton73@gmail.com',158,393),(1,'gZUYDyTndC','HarveyAlston66@yahoo.com',23,351),(0,'JyCvOogDhl','HarveyAlston66@yahoo.com',58,351),(1,'ZjhuUnQghE','HarveyAlston66@yahoo.com',185,351),(1,'XYTtLJXxkU','HarveyDodson67@hotmail.com',200,284),(1,'FKKEbvnkqA','HarveyDunn14@gmail.com',85,205),(0,'UITTQYyFTT','HarveyDunn14@gmail.com',171,205),(0,'GMWeJqYUHT','HarveyDuran99@hotmail.com',48,289),(1,'OOZkgXkDjJ','HarveyDuran99@hotmail.com',70,289),(1,'rGmuuiRFUO','HarveyDuran99@hotmail.com',110,289),(1,'RcFRZIJLBe','HarveyDuran99@hotmail.com',116,289),(1,'FmiIZyujJa','HarveyDuran99@hotmail.com',147,289),(1,'QjTQrrdDGp','HarveyHays5@hotmail.com',68,72),(1,'ZTfurQaTFg','HectorAlston6@yahoo.com',97,354),(1,'YWpSWoczTY','HectorDominguez75@gmail.com',32,329),(0,'SpItfoPFip','HectorForeman98@hotmail.com',65,267),(1,'iwcnylFNms','HectorGillespie100@gmail.com',149,282),(1,'vQHvhptKdd','HectorGray45@gmail.com',15,237),(1,'jBtEclVzCz','HectorGray45@gmail.com',22,237),(0,'IaHdXuPZjZ','HectorGray45@gmail.com',50,237),(1,'uPZBxZFaCp','HectorGriffin54@gmail.com',57,57),(1,'RASndPMCSi','HectorGriffin54@gmail.com',176,57),(1,'YWjSwbMyMv','HectorGriffin89@hotmail.com',45,184),(1,'zwPNiDsLud','HectorHays73@hotmail.com',2,492),(0,'vawjJLETRb','HectorHays73@hotmail.com',124,492),(0,'wfxWlOhoEs','HectorHays73@hotmail.com',195,492),(0,'YDgPRiTZlY','HerbertCantu47@gmail.com',175,40),(0,'vDzGUzpZrY','HerbertDuran59@gmail.com',13,230),(1,'cTQbJcNEBM','HerbertDuran59@gmail.com',72,230),(0,'yaFPkJLFQu','HerbertFigueroa36@yahoo.com',7,268),(1,'UidcUWcJtk','HerbertFigueroa36@yahoo.com',105,268),(0,'BWtFSSqZGA','HerbertFleming86@yahoo.com',49,479),(1,'DREFdbvBoE','HerbertFleming86@yahoo.com',93,479),(1,'XNVUnuFYkM','HerbertHampton53@hotmail.com',117,3),(0,'jxGBVMeDEY','JameilClay99@hotmail.com',195,125),(1,'ydXwcEASED','JameilDale100@hotmail.com',86,488),(0,'HHkSrphNbl','JameilDale100@hotmail.com',110,488),(1,'UvgEZfhTxm','JameilDale100@hotmail.com',174,488),(1,'yoCvVnfETy','JameilDeleon79@gmail.com',148,271),(0,'TbspQDDbfj','JameilDunn20@gmail.com',181,340),(0,'hfSSNJvzua','JameilGilliam89@yahoo.com',108,384),(0,'cSvImvTEHZ','JameilGood58@gmail.com',7,269),(1,'HieRlhtBcw','JameilGood58@gmail.com',114,269),(1,'AOksdojtbm','JameilGood58@gmail.com',128,269),(1,'RajAcaMQeu','JameilHerman33@yahoo.com',91,69),(1,'nFXDPugGDd','JohnpaulAvila98@gmail.com',85,497),(0,'ALCutsqKyO','JohnpaulAvila98@gmail.com',113,497),(0,'JLwusmQeqj','JohnpaulAvila98@gmail.com',169,497),(0,'UBSMHMYdrG','JohnpaulChavez43@yahoo.com',101,158),(1,'yLWLhycnOO','JohnpaulChavez43@yahoo.com',139,158),(1,'RtEWiDZRVn','JohnpaulConway11@hotmail.com',27,470),(1,'vClUEJjUff','JohnpaulConway11@hotmail.com',71,470),(0,'uhhfSCXnCy','JohnpaulConway11@hotmail.com',78,470),(0,'qlSTVFdjyW','JohnpaulConway11@hotmail.com',161,470),(0,'QTQxdaJzDm','JohnpaulConway72@gmail.com',9,500),(1,'nGzWyuPFvs','JohnpaulConway72@gmail.com',142,500),(1,'QRnnAMXaSQ','JohnpaulDodson82@hotmail.com',55,34),(1,'fkOIzYZgSu','JohnpaulForeman42@hotmail.com',48,61),(0,'auXKkbMGMG','JohnpaulForeman42@hotmail.com',60,61),(0,'MCULEyYtZA','JohnpaulForeman42@hotmail.com',142,61),(1,'IhsEgdiiKY','JohnpaulForeman42@hotmail.com',178,61),(0,'sIceESNIpp','JohnpaulGilliam27@yahoo.com',79,480),(0,'FkDeBAVnXP','JohnpaulGilliam27@yahoo.com',102,480),(1,'WeIFuGRyDw','JohnpaulGriffin46@gmail.com',154,359),(1,'HGxDPGGKDp','JohnpaulHatfield76@gmail.com',98,183),(0,'ooqJfoKDnF','JohnpaulHatfield76@gmail.com',152,183),(0,'AxthTXfOux','JohnpaulHester36@yahoo.com',54,25),(1,'OnBwRedqJA','JohnpaulHester36@yahoo.com',156,25),(1,'opBOxWQGpz','JonAlford11@yahoo.com',77,459),(1,'KxXLBOccLD','JonAlston57@hotmail.com',32,14),(0,'nikSWRfZQe','JonAlston57@hotmail.com',42,14),(0,'guzdDSBjfX','JonAlston57@hotmail.com',141,14),(0,'rHSsVGZloD','JonBlair30@gmail.com',30,137),(1,'fRhqNVDstt','JonBlair30@gmail.com',126,137),(0,'JyBsgCWQEY','JonCooley91@gmail.com',42,358),(1,'rpwanKfDZN','JonCooley91@gmail.com',49,358),(0,'eouWARqJtQ','JonCooley91@gmail.com',96,358),(1,'yVjiltldIA','JonCrane47@gmail.com',189,124),(1,'VznDrvLaTu','JonCrane99@hotmail.com',143,272),(0,'SnHChgxZaQ','JonDodson2@gmail.com',6,102),(1,'fVLXMYHIYX','JonDodson2@gmail.com',55,102),(0,'yEVfCYbCdd','JonDominguez15@hotmail.com',145,97),(0,'BuoiQPYaqL','JonEnglish11@hotmail.com',40,316),(1,'KkgOiRIatZ','JonEnglish11@hotmail.com',155,316),(1,'cVTpakQwPQ','JordiAvila48@gmail.com',16,93),(0,'CpbrvHMGzV','JordiCummings84@hotmail.com',150,128),(1,'CqYbYoqyDM','JordiCummings84@hotmail.com',183,128),(0,'ewtYzhmFUu','JordiDale50@hotmail.com',34,146),(1,'UGxRWAiKWm','JordiFigueroa47@gmail.com',25,277),(1,'OERxKKYYzJ','JordiFigueroa47@gmail.com',64,277),(1,'NtxMfaVfUO','JordiFigueroa47@gmail.com',113,277),(0,'GqmYOQlOBY','JordiGlass48@yahoo.com',61,265),(1,'VICexxBNDf','JordiGlass48@yahoo.com',148,265),(0,'xUrPqFCQgm','JordiGlass48@yahoo.com',183,265),(0,'wBWVKVlBSC','JordiGlass48@yahoo.com',197,265),(0,'cDYNKTTgbz','JordiGray30@hotmail.com',31,356),(0,'mSLKRhTFsc','JudahAlston30@yahoo.com',106,234),(1,'YMAwHLXTiN','JudahConway91@yahoo.com',2,199),(0,'ZmIPLPxCDc','JudahConway91@yahoo.com',68,199),(1,'RxGvGDEKpH','JudahDotson17@hotmail.com',147,246),(1,'uXsMNBNSqw','JudahGriffin63@gmail.com',133,313),(1,'UftsAReXDp','JudahHerman72@gmail.com',67,215),(1,'kSoCxpvXYm','JudahHerman72@gmail.com',135,215),(0,'rWiLRagGQO','KaineArnold20@yahoo.com',121,16),(0,'iLmDXPSJYY','KaineCallahan90@yahoo.com',27,100),(1,'dsMwbSPpYR','KaineCraft0@hotmail.com',113,74),(0,'AJeoDcORti','KaineDale94@gmail.com',72,38),(0,'DZLYoFkKnp','KaineDunn48@hotmail.com',104,12),(0,'tsIaDnsLHI','KaineHaley27@gmail.com',166,314),(1,'qjyJbWCjcs','KaineHays29@hotmail.com',1,400),(1,'thvKrstFqF','KaineHays29@hotmail.com',19,400),(1,'XSOwQEGzvv','KaineHays29@hotmail.com',115,400),(0,'dYmVMVWaUq','KaineHerman79@hotmail.com',131,324),(0,'zCriWSMRpJ','KaineHerman79@hotmail.com',139,324),(0,'PazKCQATjg','KasperAlford21@gmail.com',18,198),(1,'UhsZUkiySM','KasperAlford21@gmail.com',115,198),(0,'lxTKRwxIfn','KasperAlford21@gmail.com',181,198),(1,'MFxswIIBtf','KasperChavez8@gmail.com',46,56),(0,'ZQBZKZlJoM','KasperCrane37@hotmail.com',135,63),(1,'VJkCZPWukP','KasperForeman22@hotmail.com',22,149),(0,'nZjxsIyESz','KasperGlass12@hotmail.com',70,115),(0,'wDpDpPwIVT','KasperGood29@yahoo.com',21,147),(1,'SYPWvpieqJ','KasperGray16@yahoo.com',136,106),(0,'sYIMzcNwQM','KasperGray16@yahoo.com',143,106),(1,'JZxjvRessf','KasperGray16@yahoo.com',170,106),(1,'QIffvlCQmS','KeiganBlair24@hotmail.com',143,77),(1,'fnQyDJVTtQ','KeiganDale27@hotmail.com',5,295),(0,'bMJqtfrWnA','KeiganDelacruz98@gmail.com',129,398),(1,'wrHTABkaGL','KeiganDelacruz98@gmail.com',136,398),(0,'XdRBXUmfGe','KeiganFleming94@yahoo.com',19,495),(1,'EYttyaPpsm','KeiganFleming94@yahoo.com',52,495),(1,'UvpPeWWxiZ','KeiganFranks49@hotmail.com',56,291),(0,'uNcawtmQMr','KeiganFranks49@hotmail.com',188,291),(0,'EdWGkPRcsx','KorayAlston41@gmail.com',60,239),(1,'vYCuHUsxZn','KorayAlston41@gmail.com',182,239),(1,'TLgMYRTXCr','KorayAvila90@hotmail.com',65,186),(1,'dIspvFtTXR','KorayAvila90@hotmail.com',71,186),(0,'kbnXhSaNbb','KorayAvila90@hotmail.com',76,186),(1,'gUCOCXtnMf','KorayAvila90@hotmail.com',153,186),(1,'oGujrkwmmZ','KorayAvila90@hotmail.com',164,186),(0,'NeEfepbtQL','KorayClay69@yahoo.com',71,250),(1,'MdQSnOShHy','KorayCooke63@yahoo.com',82,50),(1,'KITktuDTaM','KorayCooke63@yahoo.com',132,50),(0,'TCsaCDoZOu','KorayCraft93@hotmail.com',47,87),(1,'tpIvwxAxRP','KorayCraft93@hotmail.com',128,87),(0,'CaEdCIsjah','KorayDotson11@hotmail.com',112,212),(0,'BRhXFctkhk','KorayDotson11@hotmail.com',168,212),(1,'COMsCZGWgr','KorayForeman7@yahoo.com',39,360),(1,'GNchfAkriv','KorayForeman7@yahoo.com',43,360),(1,'OznkJiMyOy','KorayGood91@yahoo.com',43,194),(1,'ZoWRoAPfQO','KorayHester6@yahoo.com',111,312),(0,'MfuBCSKudm','LisandroDunn81@hotmail.com',39,46),(0,'WXQvukEEJZ','LisandroDuran45@yahoo.com',62,402),(1,'zxFnExjtdS','LisandroDuran45@yahoo.com',132,402),(1,'rfRGHMNvKS','LisandroEnglish6@gmail.com',79,309),(0,'xkSArDVBem','LisandroEnglish6@gmail.com',92,309),(0,'wrEwJmiknG','LisandroHampton17@gmail.com',165,96),(0,'SmvUrvGKVd','LovellCruz91@hotmail.com',53,466),(1,'xPlIPMAJwZ','LovellCruz91@hotmail.com',91,466),(0,'SuJZeEHBQV','LovellCummings92@gmail.com',49,142),(0,'kMNyzTolhB','LovellDale4@yahoo.com',74,47),(0,'yIwFQkoaRm','LovellDay65@hotmail.com',88,499),(0,'LXnZtWvihL','LovellDotson60@hotmail.com',88,345),(1,'ENSCkoIBBe','LovellDotson60@hotmail.com',116,345),(0,'nhyxaeVmsc','LovellEllison37@hotmail.com',96,73),(1,'fydgGRRaKj','LovellEllison37@hotmail.com',146,73),(1,'qWHqWvPtrF','LovellEllison37@hotmail.com',168,73),(0,'zjPnlqwFrE','LovellGilliam78@hotmail.com',34,238),(1,'MOsdjXimef','LovellGilliam78@hotmail.com',164,238),(0,'LcZeCoJuIi','LovellGilliam78@hotmail.com',165,238),(0,'fhklcDANqE','LovellGilliam78@hotmail.com',167,238),(1,'SxlPsFdDHf','LovellHaley41@hotmail.com',198,67),(1,'ebIbadVcWH','LovellHays90@gmail.com',81,467),(0,'TmnrvKCUTb','MariusBlackburn83@yahoo.com',178,214),(0,'YVSifPSENO','MariusDelacruz52@gmail.com',119,332),(1,'jFJbyVBwhF','MariusFranks27@gmail.com',17,2),(1,'boBOlrXuzf','MariusFranks27@gmail.com',69,2),(0,'tgQkABALfz','MariusFranks27@gmail.com',129,2),(0,'lyVGQePxiT','MariusFranks27@gmail.com',140,2),(1,'rwrKXQpLBv','MariusFranks27@gmail.com',189,2),(1,'iUIudzrtkN','MariusGarza54@hotmail.com',17,320),(1,'hbZdPNtUGt','MariusGarza54@hotmail.com',32,320),(0,'TjzTrBBjvL','MariusGuzman19@gmail.com',191,55),(1,'QaSrqFFXkE','MariusHampton54@gmail.com',136,482),(0,'jBsqqipqUi','MariusHampton54@gmail.com',192,482),(1,'FzNPxaGAyj','McKadeAlston66@hotmail.com',51,217),(1,'btlooPgbxi','McKadeAlston66@hotmail.com',138,217),(0,'CXQZIOHLOc','McKadeAlston7@yahoo.com',8,4),(1,'tYdoGBwdEL','McKadeCallahan100@gmail.com',92,180),(0,'clYxuuxYQs','McKadeCallahan100@gmail.com',162,180),(1,'xEsMqczBpx','McKadeCruz74@gmail.com',157,326),(1,'gRCbNFrBLO','McKadeDominguez95@gmail.com',66,429),(1,'VHfkCrJEDN','McKadeDominguez95@gmail.com',76,429),(0,'FkFvNODFBZ','McKadeDominguez95@gmail.com',171,429),(1,'meFNOqgCfa','McKadeFranks12@gmail.com',50,469),(1,'jTlWEzVXMv','McKadeGillespie96@hotmail.com',157,48),(1,'VjcZwaXdTj','McKadeGillespie96@hotmail.com',177,48),(1,'VfRcGLFvFk','McKadeGlass39@yahoo.com',63,413),(1,'ibUwpktrHv','McKadeHester71@hotmail.com',3,192),(1,'SKytXAidEt','McKadeHester71@hotmail.com',114,192),(0,'SFsjflPuIF','MeshachAvila67@yahoo.com',55,394),(0,'rqHTTlaxjF','MeshachAvila67@yahoo.com',57,394),(1,'yZTHuuIkAr','MeshachAvila67@yahoo.com',193,394),(0,'NreIKwHvVM','MeshachBonner39@yahoo.com',33,247),(0,'NQjNBgqJOB','MeshachClay28@gmail.com',122,437),(1,'XzzctLzEsx','MeshachClay28@gmail.com',140,437),(1,'fFKyMcAwJE','MeshachCraft83@yahoo.com',23,53),(0,'UBKxpvVXCh','MeshachDuran27@gmail.com',172,349),(0,'qJSefLxVXD','MeshachFleming13@gmail.com',54,70),(1,'BQzClIEaAu','MeshachFleming13@gmail.com',90,70),(0,'fHHGakskFE','MeshachGarza37@hotmail.com',142,477),(1,'yichzCfikZ','MeshachGilliam90@yahoo.com',66,378),(0,'BITDylyliU','MunachiBlair88@yahoo.com',124,261),(0,'ORGXpcOCOP','MunachiBlair88@yahoo.com',193,261),(1,'cuQUegAfJz','MunachiCollier71@yahoo.com',69,436),(0,'lGfETrYyZn','MunachiCollier71@yahoo.com',198,436),(0,'uSLpjTQiua','MunachiDelacruz23@yahoo.com',194,243),(1,'DuGzxDHtIs','MunachiDominguez83@yahoo.com',96,283),(0,'mNYMpwLZuu','MunachiDominguez99@hotmail.com',109,435),(0,'FmQALRIZqv','MunachiDominguez99@hotmail.com',139,435),(1,'MkkBafeLmS','MunachiDominguez99@hotmail.com',156,435),(0,'KkfIRRImLv','MunachiDuran73@yahoo.com',36,253),(1,'zmASefhWZk','MunachiDuran73@yahoo.com',62,253),(0,'HyUjVwbqep','MunachiDuran73@yahoo.com',92,253),(0,'fBkKZWvbeV','MunachiGillespie60@yahoo.com',13,82),(1,'NLjEXovOwE','MunachiGillespie60@yahoo.com',84,82),(1,'tfdjeHVvhq','MunachiGillespie60@yahoo.com',127,82),(1,'WswGizaWdo','MunachiHampton45@hotmail.com',147,19),(1,'VEoWJCmaLJ','MunachiHampton49@yahoo.com',34,78),(0,'EJUbZOUPeZ','MunachiHester53@yahoo.com',11,300),(1,'gKVJyaEpwD','MunachiHester53@yahoo.com',190,300),(1,'zwPzuxTOyz','MunroCallahan4@gmail.com',35,270),(1,'PeHuhAOJst','MunroCallahan4@gmail.com',75,270),(1,'eLofoSprqP','MunroCallahan4@gmail.com',178,270),(1,'UGubwzKnTy','MunroClay29@hotmail.com',97,315),(0,'FaDMdDOngQ','MunroClay29@hotmail.com',137,315),(1,'XsEzNihVER','MunroCrane99@gmail.com',59,133),(1,'ALxqqtsZbD','MunroDelacruz85@hotmail.com',51,405),(0,'fywaqvesPJ','MunroDelacruz85@hotmail.com',99,405),(0,'jyMtgEQGLA','MunroGarza20@gmail.com',105,129),(0,'ZRCeCZdGxG','MunroGillespie31@gmail.com',15,227),(0,'MfrRSxNxXe','MunroGillespie31@gmail.com',35,227),(1,'wEBPOPxFdB','MunroGillespie31@gmail.com',161,227),(0,'IYCpLquAFj','MunroGillespie31@gmail.com',173,227),(0,'hnflLPhmOS','MunroGillespie31@gmail.com',196,227),(1,'iIRrQsxKdQ','MunroGillespie70@hotmail.com',149,31),(0,'bCpOsbFbbL','MunroHerman100@yahoo.com',4,279),(0,'smlWLQEQdq','MunroHerman100@yahoo.com',122,279),(0,'iNnchaFuNV','NickyAvila75@yahoo.com',76,496),(0,'SBEjPfgtXN','NickyCantu44@yahoo.com',125,141),(1,'jUfJYyMjyO','NickyCantu44@yahoo.com',134,141),(0,'HxDVbAwqKN','NickyChavez45@hotmail.com',47,475),(1,'BFucMuHsNk','NickyChavez45@hotmail.com',91,475),(0,'hUZQZQaqLL','NickyChavez45@hotmail.com',133,475),(0,'vvmSXJNSaZ','NickyCruz67@gmail.com',181,195),(1,'GwJTugNoOX','NickyDeleon32@gmail.com',132,140),(1,'glOasNkeYa','NickyDeleon32@gmail.com',145,140),(1,'IdYAmPabLj','NickyDeleon32@gmail.com',184,140),(1,'oRjVDCcWYE','NickyGillespie89@yahoo.com',111,145),(1,'CFksHxibdl','NickyGillespie89@yahoo.com',172,145),(1,'shkQtlenKJ','NickyHatfield36@yahoo.com',101,200),(0,'NheohxiPXM','NormanBlair52@yahoo.com',120,114),(0,'SMCJrbXoco','NormanBlair9@hotmail.com',39,176),(1,'yZhGtgFgWW','NormanBlair9@hotmail.com',151,176),(0,'FjMHcXiRPW','NormanDotson35@hotmail.com',29,341),(1,'eLEBKWPulb','NormanDotson35@hotmail.com',74,341),(1,'ZAiSfbyRtT','NormanDotson35@hotmail.com',195,341),(0,'HbPswhNqEi','NormanEllison34@yahoo.com',118,266),(1,'CTiTRfYtkH','NormanEllison34@yahoo.com',119,266),(0,'uTGGkQEUhr','NormanEllison34@yahoo.com',154,266),(0,'pCHcLaFniu','OrrickCallahan38@hotmail.com',163,170),(1,'ovzmwjFncK','OrrickCooke34@gmail.com',57,444),(0,'RCwsLOydJV','OrrickDay18@gmail.com',4,241),(1,'CMdzLnmgdY','OrrickDay18@gmail.com',183,241),(1,'TUTteNXEWs','OrrickDelacruz94@hotmail.com',64,21),(1,'MttDJINvWh','OrrickDelacruz94@hotmail.com',151,21),(1,'HEsDlfwlJi','OrrickDodson17@gmail.com',44,337),(0,'QfDomxCIFO','OrrickDodson17@gmail.com',94,337),(0,'QytDAKihTA','OrrickDunn21@gmail.com',93,130),(0,'NwGwsFTmoE','OrrickDunn21@gmail.com',112,130),(0,'OkGailUMXG','OrrickDuran11@hotmail.com',78,39),(1,'zkZydLfuAi','OrrickFranks27@yahoo.com',155,59),(0,'fiJleSAIBH','OrrickFranks27@yahoo.com',191,59),(0,'qKUGvYlzJH','OrrickGray17@gmail.com',83,331),(0,'GlpjYxjDGp','OrrickGray17@gmail.com',170,331),(1,'yteKDCOfdV','OrrickGuzman93@gmail.com',107,23),(0,'dLPuzqBxJO','OrrickGuzman93@gmail.com',151,23),(0,'JCgHYpGKuP','RamseyAlston7@gmail.com',45,352),(0,'hJYXARqOko','RamseyAlston7@gmail.com',82,352),(0,'ZZFlTnGTBW','RamseyAvila99@gmail.com',90,220),(0,'ggzIlOJujm','RamseyAvila99@gmail.com',182,220),(1,'BkoeSeBqUb','RamseyBlackburn30@hotmail.com',27,333),(1,'tjBXcjUXMW','RamseyBlackburn30@hotmail.com',50,333),(1,'rpUrFPyhME','RamseyBonner37@gmail.com',82,81),(1,'vktPlgAxoU','RamseyCooley20@hotmail.com',30,116),(1,'RjSXrEEGum','RamseyCooley20@hotmail.com',111,116),(0,'CfzyooTZft','RamseyDotson33@yahoo.com',123,434),(1,'faccrBqSyL','RamseyGilliam33@gmail.com',35,310),(1,'eFMonbkXbM','RhuaridhAlford46@hotmail.com',200,361),(0,'wrKzjNAcBq','RhuaridhAvila52@hotmail.com',23,330),(1,'tgaYYHadoy','RhuaridhAvila55@gmail.com',169,453),(1,'CsotrWFEyV','RhuaridhCruz45@yahoo.com',114,105),(1,'fiBMUOPTUS','RhuaridhDale0@gmail.com',185,362),(0,'vRZulPIlNU','RhuaridhDale0@gmail.com',194,362),(0,'OpevhOvyaS','RhuaridhDeleon44@hotmail.com',37,161),(0,'sZQsHXLIDt','RhuaridhDeleon44@hotmail.com',123,161),(0,'wHEhulmpVK','RhuaridhDominguez22@hotmail.com',116,392),(0,'vjTQsRBGoM','RhuaridhDominguez92@hotmail.com',97,424),(1,'sCHiwlCGSa','RhuaridhFleming41@yahoo.com',73,174),(1,'gZKmTFLaBr','RhuaridhGriffin17@gmail.com',2,219),(0,'gssumCJePq','RhuaridhGriffin17@gmail.com',11,219),(1,'QXCsIXphBp','RioAlston92@gmail.com',108,427),(0,'wSobVIVJXn','RioEnglish42@gmail.com',86,260),(0,'NhFuFwsJXC','RioEnglish77@gmail.com',25,286),(1,'THhEgjgwgC','RioEnglish77@gmail.com',180,286),(1,'ksGiiBEECV','RioFigueroa94@hotmail.com',77,94),(0,'dTgZGGoWty','RioHaley55@yahoo.com',83,1),(1,'aEGGutsgNq','RioHaley55@yahoo.com',141,1),(0,'yWqXioDmyG','RioHaley55@yahoo.com',148,1),(0,'nmqHGNFleO','RioHaley55@yahoo.com',160,1),(0,'kmITqOhPvE','RioHampton48@yahoo.com',20,487),(1,'hJYQudGpbM','RioHampton48@yahoo.com',99,487),(1,'gXXLaQbqRw','RishiEnglish92@gmail.com',46,460),(1,'zoHBMePDNq','RishiEnglish92@gmail.com',79,460),(1,'qPbfPOYbwb','RishiEnglish92@gmail.com',150,460),(1,'eKpaREhMac','RishiEnglish92@gmail.com',168,460),(0,'YdXQMzKaUP','RobbiCummings29@yahoo.com',99,414),(0,'ojIsRBMXoG','RobbiCummings29@yahoo.com',173,414),(0,'BDaVvqzhlW','RobbiDickerson88@hotmail.com',15,85),(0,'GNMbGDcOsq','RobbiDominguez89@hotmail.com',196,62),(1,'EfPthcJWBp','RobbiGillespie58@yahoo.com',7,322),(0,'DNdfcXymWN','RobbiGillespie58@yahoo.com',36,322),(0,'lgUSPuIBhs','RobbiGillespie58@yahoo.com',61,322),(1,'KrbQHVqgew','RobbiGillespie58@yahoo.com',170,322),(0,'yhTcxBzJbc','RobbiGriffin73@yahoo.com',44,285),(1,'bGvaRSCFgs','RobbiGriffin73@yahoo.com',104,285),(0,'qLFSdOcbNB','RobbiHampton16@hotmail.com',64,65),(1,'BFcBEAAQsr','RobbiHampton81@gmail.com',122,256),(1,'xlFCiZDkzr','RobbiHerman100@yahoo.com',102,7),(0,'zhNeYhzbHI','RobbiHester2@yahoo.com',56,452),(0,'UByIFXYKyZ','RobbyDeleon73@gmail.com',61,173),(0,'lCjRJhudQc','RobbyDeleon73@gmail.com',120,173),(0,'wgRbwvgewK','RobbyDickerson23@gmail.com',28,151),(0,'nFdyvjcYoy','RobbyEllison48@yahoo.com',104,305),(1,'eNzwvjLwlL','RobbyEnglish24@gmail.com',26,410),(1,'PhNpaeOGGz','RobbyEnglish24@gmail.com',90,410),(1,'tjUWlosVUI','RobbyEnglish24@gmail.com',177,410),(0,'MUoudmDkYr','RobbyEnglish24@gmail.com',200,410),(0,'NCstJAoRKF','RobbyFleming69@yahoo.com',29,489),(0,'ylrOfWVRjD','RobbyFleming69@yahoo.com',105,489),(1,'MwyhlepvDu','RobbyFleming69@yahoo.com',164,489),(1,'wtljscMOcT','RobbyGilliam60@hotmail.com',149,185),(0,'VcjvxzySrv','RobbyGood68@gmail.com',124,318),(0,'rGEsLhIpug','RobbyGriffin52@gmail.com',138,276),(0,'sSSYMVVcuY','RossiAlford35@gmail.com',188,450),(1,'cHCZYObWKp','RossiArnold56@hotmail.com',134,41),(0,'fWlsgTiwHN','RossiArnold56@hotmail.com',137,41),(0,'BufyfAiDIq','RossiAvila36@yahoo.com',182,42),(1,'nRmMMIsDHT','RossiCruz30@hotmail.com',160,181),(1,'qeExSbQgEx','RossiDelacruz52@yahoo.com',118,143),(0,'oozzhHDZdG','ShreeramAlston52@yahoo.com',167,157),(1,'HLNQXlKHvS','ShreeramBonner24@yahoo.com',10,26),(0,'UenAHxxKCr','ShreeramBonner24@yahoo.com',40,26),(0,'aDbJfOwUXW','ShreeramBonner6@hotmail.com',66,120),(1,'SGzczaPkfm','ShreeramBonner6@hotmail.com',150,120),(1,'qKzpQwhfnH','ShreeramBonner6@hotmail.com',180,120),(0,'IFbgQsHgQC','ShreeramChavez3@hotmail.com',125,191),(0,'OlHAIYjqJi','ShreeramClay91@hotmail.com',95,236),(1,'bOViaQDJVR','ShreeramDeleon99@yahoo.com',134,71),(0,'xGCZSNIaLK','ShreeramHaley6@hotmail.com',48,193),(1,'FgZuxwvmcM','ShreeramHaley6@hotmail.com',166,193),(0,'nIgJUVEvfD','ShreeramHays16@yahoo.com',58,473),(0,'EiCSunZXqO','ShreeramHerman95@gmail.com',98,290),(0,'TtZWgpmjgB','StevenArnold25@hotmail.com',22,484),(0,'wKdoglwDqL','StevenCooley15@gmail.com',117,189),(0,'ORiYhpLFjl','StevenDickerson96@yahoo.com',18,60),(1,'rvIzeQEqie','StevenDickerson96@yahoo.com',120,60),(1,'xrAKXlorBP','StevenDickerson96@yahoo.com',199,60),(1,'KqAgqoNqgE','StevenDotson11@hotmail.com',89,20),(0,'XKCEjaeneS','StevenDotson11@hotmail.com',110,20),(1,'IVPzMjQRmN','StevenFigueroa79@gmail.com',59,28),(0,'KBGIXdfaWz','StevenFigueroa79@gmail.com',100,28),(1,'qknhJQvWSn','StevenFigueroa79@gmail.com',106,28),(0,'PpzxzyzaiL','StevenFigueroa79@gmail.com',109,28),(1,'msDnEgDJfC','StevenFigueroa79@gmail.com',186,28),(0,'JWfqgwNRyD','StevenGray96@yahoo.com',176,11),(1,'LqNWICJOMm','StevenGuzman39@hotmail.com',108,412),(0,'RoCGbCKtks','StevenHaley17@yahoo.com',144,249),(1,'saApgpkCdm','StevenHatfield90@hotmail.com',26,154),(0,'RuhVOMlBBL','StevenHerman7@hotmail.com',121,334),(0,'ivjXMseTUs','SullivanBlackburn32@hotmail.com',130,456),(1,'VLusptfhzt','SullivanCallahan66@hotmail.com',9,37),(0,'PcnCmhohVu','SullivanCallahan66@hotmail.com',30,37),(0,'VOVyFcAKEF','SullivanCallahan66@hotmail.com',37,37),(1,'JMMOislbZU','SullivanCallahan66@hotmail.com',125,37),(0,'vDSXyYDWQe','SullivanDunn0@yahoo.com',20,98),(1,'fNyPQOyANF','SullivanGilliam25@yahoo.com',52,204),(0,'aJNzFsLtLT','SullivanGilliam25@yahoo.com',73,204),(0,'sKgarsyZQh','SullivanGilliam25@yahoo.com',118,204),(0,'yIALBrrBBd','SullivanGilliam25@yahoo.com',157,204),(1,'RqAzUpDBTx','SullivanGriffin87@hotmail.com',81,8),(0,'VibrqFghcU','SultanAlford0@gmail.com',41,439),(0,'kfesqJafQq','SultanAlston91@hotmail.com',3,136),(1,'vYXSBLgsHd','SultanAlston91@hotmail.com',78,136),(1,'cnPsvhTpjs','SultanBonner80@yahoo.com',9,79),(0,'gDygKBmqbQ','SultanChavez87@gmail.com',38,175),(1,'hXMvknFdtJ','SultanChavez87@gmail.com',75,175),(1,'tikEkzOqJY','SultanChavez87@gmail.com',123,175),(0,'sSUvZxjlXW','SultanConway18@hotmail.com',126,321),(1,'CNIZIuJENs','SultanCraft75@gmail.com',177,368),(1,'ntLkptacXF','SultanDunn22@hotmail.com',11,380),(1,'uIeweWrFIi','SultanFigueroa79@hotmail.com',154,366),(0,'DURYzDTFDY','SultanForeman100@gmail.com',43,306),(1,'jaqLiBkDHl','SultanForeman100@gmail.com',127,306),(1,'IzjKApYKdT','SultanFranks43@yahoo.com',131,210),(1,'oBVfwfBcNR','SultanHerman76@gmail.com',14,164),(1,'XMbMmYDmXS','SultanHerman76@gmail.com',25,164),(1,'FoXhYGbraF','SultanHill63@hotmail.com',81,202),(1,'KQoMcEwfKP','TammamCallahan62@gmail.com',12,111),(0,'TgWdKrNfYE','TammamCallahan62@gmail.com',189,111),(0,'YSMOmxwcQh','TammamCantu97@hotmail.com',194,369),(1,'fWQrOlYsGX','TammamCantu97@hotmail.com',199,369),(1,'FLxzkwFsAs','TammamCollier20@gmail.com',14,461),(0,'lLYYfMnJXa','TammamCollier20@gmail.com',159,461),(1,'eHkpDwwSHF','TammamHampton39@yahoo.com',17,89),(0,'ELXOKzXHjY','TammamHampton39@yahoo.com',95,89),(0,'WCcfFJPgAR','TieranAlford96@hotmail.com',133,301),(1,'McEnYoKqvE','TieranAvila43@yahoo.com',37,117),(0,'yIrwFTMDBL','TieranAvila43@yahoo.com',197,117),(1,'NzmAqacNnN','TieranDickerson72@gmail.com',19,339),(1,'boVgAlecfw','TitusFigueroa18@yahoo.com',75,363),(1,'CbmTMhzVMh','TitusHester84@gmail.com',67,373),(1,'EUDvHksKDJ','TiylarAlford91@hotmail.com',179,112),(0,'ivraorWmpa','TiylarBonner51@gmail.com',1,486),(0,'ewiEPJUCxq','TiylarBonner51@gmail.com',52,486),(1,'aQadlSMMWc','TiylarBonner51@gmail.com',60,486),(1,'BmjVMxOKit','TiylarCummings88@hotmail.com',68,441),(1,'aMNrvALnGq','TiylarCummings88@hotmail.com',174,441),(0,'lspBSRZsWq','TiylarFleming2@yahoo.com',101,10),(1,'cHgoZNzpnY','TiylarFleming9@hotmail.com',28,375),(1,'ahmpXdHBcj','TiylarFleming9@hotmail.com',140,375),(0,'XIgDAXCRNC','TiylarGarza100@hotmail.com',141,401),(1,'esEuipAbkj','TiylarGarza100@hotmail.com',171,401),(0,'FzMuctueOZ','TiylarHays87@gmail.com',107,420),(0,'KjQyGydmBY','TiylarHerman24@yahoo.com',47,431),(0,'dBkViBAWPs','TiylarHerman24@yahoo.com',74,431),(0,'whUBKdJhJA','TiylarHerman24@yahoo.com',138,431),(0,'wWXdOBludT','TiylarHester24@hotmail.com',117,108),(0,'JVTWYHKXhw','TiylarHester24@hotmail.com',190,108),(0,'LEObCJafFw','TommyChavez81@yahoo.com',87,64),(0,'ByvpGsbpyP','TommyCollier94@gmail.com',87,110),(1,'QFpZYElKHd','TommyCollier94@gmail.com',187,110),(1,'IIKPPosydz','TommyDunn64@yahoo.com',6,232),(1,'YoSRvJQxzw','TommyDunn64@yahoo.com',83,232),(0,'eAGATowPpG','TommyDunn64@yahoo.com',128,232),(0,'izLUqYkvVy','TommyDunn64@yahoo.com',191,232),(0,'bHgRByEhCd','TommyEllison29@hotmail.com',102,127),(1,'TenVsGaEFg','TommyEllison29@hotmail.com',196,127),(0,'fLztBzybAo','TommyGarza97@hotmail.com',130,292),(0,'JDgboqialc','TommyGarza97@hotmail.com',192,292),(1,'ZtpKXrEFxZ','TommyGray43@hotmail.com',28,317),(0,'MWHxVHkFVd','TommyGray43@hotmail.com',98,317),(1,'GZaibcnJwz','WilsonBlackburn22@hotmail.com',103,245),(1,'jOgaxJMJXz','WilsonCooley73@yahoo.com',87,163),(1,'JwOlyhqMIt','WilsonDay68@gmail.com',38,32),(1,'aGsIyLwwVU','WilsonDickerson33@gmail.com',62,86),(0,'mAFHQDAqzW','WilsonGilliam49@gmail.com',85,342),(1,'vfqgmqFuGe','ZendelBonner91@hotmail.com',190,49),(0,'JwkPhAlkAo','ZendelClay71@yahoo.com',38,347),(1,'jAVChigGiH','ZendelDominguez46@gmail.com',93,471),(0,'RXxXTWZZDD','ZendelDominguez46@gmail.com',167,471),(0,'igoIeuKDDd','ZendelFleming74@yahoo.com',8,187),(0,'XrfedsmLAc','ZendelFleming74@yahoo.com',31,187),(0,'waYSjRyPSV','ZendelFranks9@yahoo.com',162,388),(1,'cmQyJRbgfy','ZendelFranks9@yahoo.com',197,388);
/*!40000 ALTER TABLE `booked_for` ENABLE KEYS */;
UNLOCK TABLES;

--
-- Table structure for table `booking`
--

DROP TABLE IF EXISTS `booking`;
/*!40101 SET @saved_cs_client     = @@character_set_client */;
/*!50503 SET character_set_client = utf8mb4 */;
CREATE TABLE `booking` (
  `booking_id` int NOT NULL AUTO_INCREMENT,
  `email` varchar(128) NOT NULL,
  `coupon_applied` varchar(64) DEFAULT NULL,
  `amount_paid` decimal(10,2) NOT NULL,
  `bulk_discount` decimal(10,2) DEFAULT '0.00',
  `time_of_booking` datetime NOT NULL,
  `group_id` int NOT NULL,
  PRIMARY KEY (`booking_id`,`email`),
  KEY `email` (`email`),
  KEY `group_id` (`group_id`),
  CONSTRAINT `booking_ibfk_1` FOREIGN KEY (`email`) REFERENCES `customer_account` (`email`),
  CONSTRAINT `booking_ibfk_2` FOREIGN KEY (`group_id`) REFERENCES `trek_group` (`trek_group_id`),
  CONSTRAINT `booking_chk_1` CHECK ((`amount_paid` >= 0)),
  CONSTRAINT `booking_chk_2` CHECK ((`bulk_discount` >= 0))
) ENGINE=InnoDB AUTO_INCREMENT=201 DEFAULT CHARSET=utf8mb4 COLLATE=utf8mb4_0900_ai_ci;
/*!40101 SET character_set_client = @saved_cs_client */;

--
-- Dumping data for table `booking`
--

LOCK TABLES `booking` WRITE;
/*!40000 ALTER TABLE `booking` DISABLE KEYS */;
INSERT INTO `booking` VALUES (1,'DeecanForeman65@yahoo.com','aRkRELtNIo',11000.00,500.00,'2019-06-26 00:00:00',10),(2,'HectorHays73@hotmail.com','mjEBuHlgQJ',13000.00,100.00,'2019-02-28 00:00:00',11),(3,'McKadeHester71@hotmail.com','RZIrAMOgYZ',1000.00,200.00,'2020-03-08 00:00:00',10),(4,'OrrickDay18@gmail.com','qXKQBYaBla',15000.00,400.00,'2020-02-16 00:00:00',12),(5,'FamaraDeleon9@gmail.com','OwihwRSKyU',12000.00,100.00,'2019-03-26 00:00:00',7),(6,'DanyalCrane32@gmail.com','yxlDUSdFgX',13000.00,500.00,'2019-08-01 00:00:00',5),(7,'HerbertFigueroa36@yahoo.com','pmJGOlswxq',12000.00,400.00,'2020-11-12 00:00:00',8),(8,'ZendelFleming74@yahoo.com','lHWFZZyYcj',8000.00,500.00,'2020-07-06 00:00:00',3),(9,'SultanBonner80@yahoo.com','NfspKirmzv',10000.00,100.00,'2020-08-29 00:00:00',4),(10,'ShreeramBonner24@yahoo.com','ydTaBOivqu',8000.00,400.00,'2020-01-10 00:00:00',5),(11,'RhuaridhGriffin17@gmail.com','rhMKKOLnuT',4000.00,300.00,'2021-09-09 00:00:00',13),(12,'TammamCallahan62@gmail.com',' ',11000.00,0.00,'2020-11-18 00:00:00',7),(13,'MunachiGillespie60@yahoo.com','WLDDKhagCW',10000.00,300.00,'2020-07-26 00:00:00',5),(14,'TammamCollier20@gmail.com','IqQkbbpMLh',9000.00,500.00,'2021-01-12 00:00:00',1),(15,'MunroGillespie31@gmail.com','fRocENKHYU',4000.00,300.00,'2020-10-29 00:00:00',12),(16,'DanyalEllison66@yahoo.com','XUMeTzlRCU',7000.00,100.00,'2019-02-07 00:00:00',12),(17,'TammamHampton39@yahoo.com',' ',5000.00,0.00,'2021-08-09 00:00:00',15),(18,'StevenDickerson96@yahoo.com','YPFnfHHxnv',5000.00,100.00,'2020-09-05 00:00:00',2),(19,'KeiganFleming94@yahoo.com','mpnOjUnWZT',11000.00,500.00,'2021-05-10 00:00:00',13),(20,'RioHampton48@yahoo.com','QJYqlnNMvn',13000.00,400.00,'2019-07-27 00:00:00',9),(21,'KasperGood29@yahoo.com','hUaPprOIBE',9000.00,500.00,'2021-08-29 00:00:00',12),(22,'HectorGray45@gmail.com',' ',3000.00,0.00,'2019-08-22 00:00:00',3),(23,'RhuaridhAvila52@hotmail.com','oEmnTwqhpx',14000.00,500.00,'2019-09-29 00:00:00',12),(24,'AlexCruz56@hotmail.com','XPGmWGoOrv',6000.00,100.00,'2021-07-28 00:00:00',14),(25,'SultanHerman76@gmail.com',' ',3000.00,0.00,'2020-01-25 00:00:00',9),(26,'AlexDelacruz19@hotmail.com','PTFVejboLc',5000.00,200.00,'2021-11-01 00:00:00',6),(27,'RamseyBlackburn30@hotmail.com','UQSxLkhivF',1000.00,400.00,'2019-12-27 00:00:00',3),(28,'TiylarFleming9@hotmail.com','XWIRQvnlaJ',3000.00,400.00,'2019-02-23 00:00:00',3),(29,'RobbyFleming69@yahoo.com',' ',9000.00,0.00,'2021-04-27 00:00:00',1),(30,'JonBlair30@gmail.com','shpmMvBaPa',10000.00,200.00,'2020-02-06 00:00:00',1),(31,'ZendelFleming74@yahoo.com','aIkvWCeayk',7000.00,300.00,'2019-05-21 00:00:00',3),(32,'MariusGarza54@hotmail.com',' ',8000.00,0.00,'2019-09-13 00:00:00',11),(33,'MeshachBonner39@yahoo.com',' ',12000.00,0.00,'2019-05-28 00:00:00',7),(34,'LovellGilliam78@hotmail.com','zcAEmGTKPm',3000.00,400.00,'2021-07-02 00:00:00',3),(35,'MunroCallahan4@gmail.com','JzYAhLOFlL',10000.00,300.00,'2021-10-14 00:00:00',6),(36,'CalanDuran98@gmail.com',' ',12000.00,0.00,'2021-06-15 00:00:00',6),(37,'TieranAvila43@yahoo.com','BxggZQqtok',15000.00,300.00,'2020-04-25 00:00:00',14),(38,'WilsonDay68@gmail.com','BSjceTabaT',11000.00,300.00,'2020-07-26 00:00:00',7),(39,'NormanBlair9@hotmail.com',' ',14000.00,0.00,'2020-03-11 00:00:00',1),(40,'JonEnglish11@hotmail.com','STzOrUiPBs',1000.00,300.00,'2020-07-13 00:00:00',7),(41,'AdennHerman84@hotmail.com','iPALCBdxlt',13000.00,400.00,'2020-02-05 00:00:00',2),(42,'JonAlston57@hotmail.com','VPvXLmVstJ',15000.00,500.00,'2020-01-03 00:00:00',5),(43,'KorayGood91@yahoo.com','BipQNNPATS',12000.00,400.00,'2021-03-21 00:00:00',14),(44,'AlexDelacruz19@hotmail.com','SLkyCGPeUH',9000.00,400.00,'2020-01-17 00:00:00',4),(45,'DeecanCummings34@gmail.com','YjjImIShfi',1000.00,500.00,'2020-01-26 00:00:00',4),(46,'FamaraGuzman38@yahoo.com','FfLgXJbnKr',9000.00,100.00,'2020-03-08 00:00:00',13),(47,'TiylarHerman24@yahoo.com',' ',5000.00,0.00,'2020-09-26 00:00:00',14),(48,'ShreeramHaley6@hotmail.com','wWzHAJrfzP',14000.00,200.00,'2021-07-26 00:00:00',8),(49,'HerbertFleming86@yahoo.com',' ',13000.00,0.00,'2020-03-13 00:00:00',14),(50,'McKadeFranks12@gmail.com',' ',2000.00,0.00,'2021-06-15 00:00:00',2),(51,'CalanEllison50@hotmail.com','JoAwOtWYZV',14000.00,200.00,'2019-11-23 00:00:00',1),(52,'KeiganFleming94@yahoo.com','pEUXjxzyrW',13000.00,200.00,'2020-05-23 00:00:00',15),(53,'LovellCruz91@hotmail.com','ArKKzuGozN',10000.00,200.00,'2020-11-28 00:00:00',5),(54,'JohnpaulHester36@yahoo.com','JSwBQShxWQ',4000.00,100.00,'2021-11-20 00:00:00',13),(55,'JohnpaulDodson82@hotmail.com','IUWvdJbLjs',14000.00,200.00,'2021-07-08 00:00:00',10),(56,'EljayCantu85@gmail.com','fkCPBeYaKi',13000.00,500.00,'2019-03-25 00:00:00',7),(57,'HectorGriffin54@gmail.com',' ',3000.00,0.00,'2021-11-19 00:00:00',13),(58,'HarveyAlston66@yahoo.com','jfXcsOBtDM',14000.00,300.00,'2019-05-14 00:00:00',11),(59,'StevenFigueroa79@gmail.com','xEtJBNEztq',7000.00,200.00,'2021-12-17 00:00:00',8),(60,'TiylarBonner51@gmail.com','eOfreUyyMU',6000.00,200.00,'2019-11-05 00:00:00',12),(61,'RobbyDeleon73@gmail.com','XpjStXBvqF',6000.00,400.00,'2020-12-26 00:00:00',8),(62,'LisandroDuran45@yahoo.com','MhhNaOYBUr',6000.00,100.00,'2019-09-13 00:00:00',8),(63,'AdennDale86@yahoo.com',' ',15000.00,0.00,'2019-05-27 00:00:00',1),(64,'OrrickDelacruz94@hotmail.com','eyybEaLqVv',9000.00,100.00,'2019-04-13 00:00:00',15),(65,'HectorForeman98@hotmail.com','cVDGAOtwgi',14000.00,500.00,'2020-12-21 00:00:00',9),(66,'McKadeDominguez95@gmail.com',' ',1000.00,0.00,'2021-09-11 00:00:00',15),(67,'DanyalBlair86@hotmail.com','fHnUkduPBf',12000.00,500.00,'2021-01-02 00:00:00',13),(68,'TiylarCummings88@hotmail.com',' ',14000.00,0.00,'2019-04-04 00:00:00',2),(69,'MunachiCollier71@yahoo.com','FBmQcSknuj',12000.00,100.00,'2020-12-07 00:00:00',14),(70,'DaleFigueroa89@yahoo.com','rMiGDHTrQW',11000.00,200.00,'2019-07-14 00:00:00',2),(71,'KorayClay69@yahoo.com','VrtHEsBcJa',14000.00,300.00,'2019-05-25 00:00:00',5),(72,'DeecanForeman65@yahoo.com','yiqinGkVvv',3000.00,200.00,'2019-05-17 00:00:00',6),(73,'SullivanGilliam25@yahoo.com','SxDmzyDtNi',5000.00,300.00,'2019-08-11 00:00:00',13),(74,'NormanDotson35@hotmail.com','WVuoaxYnKX',8000.00,300.00,'2020-03-12 00:00:00',14),(75,'TitusFigueroa18@yahoo.com','JHDZdqkvHf',10000.00,200.00,'2019-11-18 00:00:00',2),(76,'McKadeDominguez95@gmail.com','XPHuBbUEmn',11000.00,100.00,'2019-04-10 00:00:00',15),(77,'RioFigueroa94@hotmail.com','FAjvWfmfzu',14000.00,400.00,'2020-02-15 00:00:00',5),(78,'JohnpaulConway11@hotmail.com',' ',1000.00,0.00,'2019-07-12 00:00:00',5),(79,'JohnpaulGilliam27@yahoo.com','QqMfpgFjYi',9000.00,100.00,'2019-07-04 00:00:00',15),(80,'DanyalEllison66@yahoo.com','DTECMcLpVi',9000.00,100.00,'2019-07-07 00:00:00',12),(81,'LovellHays90@gmail.com',' ',11000.00,0.00,'2021-11-11 00:00:00',12),(82,'KorayCooke63@yahoo.com','wdtqeMpIdX',6000.00,300.00,'2021-10-05 00:00:00',8),(83,'OrrickGray17@gmail.com',' ',15000.00,0.00,'2019-06-23 00:00:00',12),(84,'MunachiGillespie60@yahoo.com','lVEzUMsErs',11000.00,500.00,'2019-07-09 00:00:00',2),(85,'JohnpaulAvila98@gmail.com','yLTwnhSMso',15000.00,300.00,'2021-11-05 00:00:00',10),(86,'RioEnglish42@gmail.com',' ',6000.00,0.00,'2020-09-27 00:00:00',5),(87,'TommyCollier94@gmail.com','BbgdJuoUwh',10000.00,200.00,'2019-02-09 00:00:00',7),(88,'LovellDay65@hotmail.com','kiwKKxlKYA',1000.00,300.00,'2021-03-09 00:00:00',4),(89,'StevenDotson11@hotmail.com','vnqDpZfsyD',9000.00,300.00,'2019-03-25 00:00:00',5),(90,'MeshachFleming13@gmail.com','UWjhmlbbrQ',13000.00,500.00,'2020-12-17 00:00:00',10),(91,'NickyChavez45@hotmail.com','xMTjCFYbjf',4000.00,100.00,'2020-11-06 00:00:00',2),(92,'LisandroEnglish6@gmail.com','LmLXEWsmnY',7000.00,300.00,'2021-02-09 00:00:00',4),(93,'OrrickDunn21@gmail.com',' ',2000.00,0.00,'2020-03-23 00:00:00',3),(94,'DaithiDale6@hotmail.com',' ',13000.00,0.00,'2021-02-26 00:00:00',10),(95,'ShreeramClay91@hotmail.com','GTwXaoCEMz',1000.00,300.00,'2021-05-03 00:00:00',11),(96,'JonCooley91@gmail.com','DEvUMEBFgW',3000.00,500.00,'2019-08-10 00:00:00',11),(97,'MunroClay29@hotmail.com',' ',10000.00,0.00,'2021-12-27 00:00:00',7),(98,'ShreeramHerman95@gmail.com','VnTOEEIwbN',9000.00,300.00,'2019-11-09 00:00:00',10),(99,'RobbiCummings29@yahoo.com','rQLzJzdOnf',7000.00,300.00,'2021-01-02 00:00:00',10),(100,'StevenFigueroa79@gmail.com','XwCdzhotUl',10000.00,100.00,'2021-05-26 00:00:00',10),(101,'JohnpaulChavez43@yahoo.com','SSAwtdmfiW',2000.00,300.00,'2020-04-08 00:00:00',10),(102,'TommyEllison29@hotmail.com','qkXKvfrdVw',5000.00,400.00,'2020-06-26 00:00:00',8),(103,'EljayGarza8@hotmail.com','sDPPHpGtYR',7000.00,400.00,'2021-10-13 00:00:00',4),(104,'RobbyEllison48@yahoo.com','VfuIOQMuPj',4000.00,500.00,'2020-06-10 00:00:00',13),(105,'HerbertFigueroa36@yahoo.com',' ',10000.00,0.00,'2020-03-11 00:00:00',8),(106,'JudahAlston30@yahoo.com','EBtaGxWazH',4000.00,200.00,'2021-01-27 00:00:00',15),(107,'TiylarHays87@gmail.com','SbgtLYvhPU',3000.00,300.00,'2020-09-15 00:00:00',11),(108,'RioAlston92@gmail.com','bKiAHtVjwC',8000.00,300.00,'2021-02-15 00:00:00',14),(109,'StevenFigueroa79@gmail.com','fnhbXnhbBu',12000.00,200.00,'2019-05-18 00:00:00',13),(110,'HarveyDuran99@hotmail.com','vSgaBBlROU',3000.00,200.00,'2019-08-04 00:00:00',5),(111,'KorayHester6@yahoo.com','DqxjvVsZBe',11000.00,200.00,'2020-06-02 00:00:00',9),(112,'FergusDeleon50@yahoo.com',' ',3000.00,0.00,'2020-09-10 00:00:00',5),(113,'JohnpaulAvila98@gmail.com','ereXiyfDob',15000.00,200.00,'2020-08-17 00:00:00',10),(114,'JameilGood58@gmail.com','TBljDDyDbM',11000.00,500.00,'2020-06-16 00:00:00',9),(115,'FergusForeman52@yahoo.com','ciKSFmpRZI',8000.00,300.00,'2019-09-16 00:00:00',15),(116,'HarveyDuran99@hotmail.com','DcDjnbXFPV',3000.00,400.00,'2020-02-16 00:00:00',14),(117,'HerbertHampton53@hotmail.com',' ',13000.00,0.00,'2019-03-06 00:00:00',2),(118,'NormanEllison34@yahoo.com','BoFfKQouWL',9000.00,300.00,'2019-06-03 00:00:00',13),(119,'AdennChavez79@gmail.com','BcIsndEuEW',11000.00,300.00,'2019-08-14 00:00:00',11),(120,'StevenDickerson96@yahoo.com',' ',11000.00,0.00,'2019-08-08 00:00:00',3),(121,'StevenHerman7@hotmail.com',' ',15000.00,0.00,'2021-08-26 00:00:00',4),(122,'MeshachClay28@gmail.com','snosxcVmYq',4000.00,300.00,'2020-07-24 00:00:00',3),(123,'SultanChavez87@gmail.com','UqOVZfiNXc',10000.00,200.00,'2020-03-01 00:00:00',6),(124,'MunachiBlair88@yahoo.com','jaDhjQmGFQ',8000.00,200.00,'2019-05-17 00:00:00',13),(125,'SullivanCallahan66@hotmail.com','HtaPhtThzV',11000.00,300.00,'2021-02-06 00:00:00',8),(126,'SultanConway18@hotmail.com','cvPLOZTjkz',15000.00,400.00,'2019-03-03 00:00:00',11),(127,'MunachiGillespie60@yahoo.com','MTFpfuDfdH',6000.00,200.00,'2021-12-09 00:00:00',7),(128,'KorayCraft93@hotmail.com',' ',8000.00,0.00,'2019-07-01 00:00:00',11),(129,'DanyalHatfield8@yahoo.com','RxmIdFBSpA',13000.00,200.00,'2021-09-23 00:00:00',15),(130,'SullivanBlackburn32@hotmail.com',' ',7000.00,0.00,'2021-12-10 00:00:00',1),(131,'AdennCantu2@hotmail.com','qSyoeWYnKt',9000.00,200.00,'2021-12-23 00:00:00',4),(132,'NickyDeleon32@gmail.com','uTTaXneaIq',12000.00,500.00,'2020-07-06 00:00:00',3),(133,'JudahGriffin63@gmail.com','dxRCpAfQUu',4000.00,500.00,'2020-05-04 00:00:00',5),(134,'NickyCantu44@yahoo.com',' ',9000.00,0.00,'2020-07-16 00:00:00',10),(135,'KasperCrane37@hotmail.com',' ',14000.00,0.00,'2021-09-12 00:00:00',15),(136,'KeiganDelacruz98@gmail.com','aJdQgdsXqq',14000.00,300.00,'2021-06-09 00:00:00',14),(137,'CalanDale5@gmail.com','ZkOsWvgBVK',7000.00,500.00,'2019-06-25 00:00:00',4),(138,'TiylarHerman24@yahoo.com','McokZrAATM',12000.00,300.00,'2019-02-17 00:00:00',5),(139,'MunachiDominguez99@hotmail.com','GRYKDWjAkI',15000.00,500.00,'2021-11-29 00:00:00',1),(140,'MariusFranks27@gmail.com','NbOagxTYNU',4000.00,300.00,'2020-07-08 00:00:00',11),(141,'TiylarGarza100@hotmail.com',' ',8000.00,0.00,'2019-12-29 00:00:00',1),(142,'JohnpaulForeman42@hotmail.com',' ',12000.00,0.00,'2021-08-09 00:00:00',5),(143,'JonCrane99@hotmail.com','AwAbDGzIMJ',15000.00,500.00,'2020-08-14 00:00:00',4),(144,'StevenHaley17@yahoo.com','TvnKpOXFQE',2000.00,300.00,'2021-02-21 00:00:00',12),(145,'NickyDeleon32@gmail.com','IpAzRGsUFZ',8000.00,500.00,'2021-07-15 00:00:00',10),(146,'AdennChavez79@gmail.com','hutqdiZuMH',6000.00,200.00,'2021-07-15 00:00:00',10),(147,'MunachiHampton45@hotmail.com',' ',12000.00,0.00,'2019-10-04 00:00:00',11),(148,'RioHaley55@yahoo.com','jTIrBImvaP',8000.00,100.00,'2021-09-25 00:00:00',13),(149,'MunroGillespie70@hotmail.com','JXznosRiNr',12000.00,400.00,'2020-08-25 00:00:00',6),(150,'ShreeramBonner6@hotmail.com','zcYAYsrhfG',13000.00,300.00,'2020-06-22 00:00:00',8),(151,'OrrickDelacruz94@hotmail.com','jdsoRTudPj',11000.00,500.00,'2021-06-21 00:00:00',6),(152,'FergusDeleon50@yahoo.com','nQhtyeKKKH',13000.00,200.00,'2019-09-19 00:00:00',7),(153,'CalanHaley44@hotmail.com','CudBlOwaLH',9000.00,200.00,'2021-11-02 00:00:00',1),(154,'SultanFigueroa79@hotmail.com',' ',12000.00,0.00,'2020-04-10 00:00:00',12),(155,'OrrickFranks27@yahoo.com','AFGmsfdgYq',13000.00,200.00,'2021-07-18 00:00:00',1),(156,'MunachiDominguez99@hotmail.com','grlzoocQBX',3000.00,100.00,'2019-03-28 00:00:00',4),(157,'SullivanGilliam25@yahoo.com','wZVTMRWlHy',7000.00,400.00,'2021-06-15 00:00:00',13),(158,'FergusHampton73@gmail.com','MfPfqLVFRr',4000.00,400.00,'2019-02-19 00:00:00',6),(159,'AlexGlass36@hotmail.com','QbbSsnuEgY',8000.00,200.00,'2019-10-19 00:00:00',2),(160,'RossiCruz30@hotmail.com',' ',11000.00,0.00,'2019-05-12 00:00:00',15),(161,'MunroGillespie31@gmail.com','ZXijLjLsLd',9000.00,500.00,'2019-11-26 00:00:00',13),(162,'McKadeCallahan100@gmail.com','jlOgxVLbrK',7000.00,400.00,'2021-09-02 00:00:00',5),(163,'FamaraDeleon9@gmail.com','LbAolTuiso',7000.00,500.00,'2020-03-15 00:00:00',3),(164,'KorayAvila90@hotmail.com','oauyNSwtsO',6000.00,400.00,'2020-03-19 00:00:00',1),(165,'LovellGilliam78@hotmail.com',' ',4000.00,0.00,'2019-09-20 00:00:00',9),(166,'KaineHaley27@gmail.com','JbLflClYQH',3000.00,200.00,'2021-12-25 00:00:00',13),(167,'ZendelDominguez46@gmail.com','zpEmNaOSKr',5000.00,300.00,'2021-04-14 00:00:00',11),(168,'RishiEnglish92@gmail.com','uzFkCKqprY',14000.00,400.00,'2021-01-17 00:00:00',1),(169,'RhuaridhAvila55@gmail.com','jrvfNGrLug',1000.00,100.00,'2021-03-08 00:00:00',5),(170,'RobbiGillespie58@yahoo.com','NmvhFhrVUW',9000.00,400.00,'2019-02-18 00:00:00',7),(171,'HarveyDunn14@gmail.com',' ',7000.00,0.00,'2019-11-28 00:00:00',3),(172,'NickyGillespie89@yahoo.com','kLdSVZloHl',14000.00,500.00,'2019-02-25 00:00:00',5),(173,'FamaraCantu7@yahoo.com','MtKVvYOFWj',8000.00,500.00,'2019-09-10 00:00:00',14),(174,'TiylarCummings88@hotmail.com','nvLQiHpEAl',5000.00,100.00,'2021-12-01 00:00:00',8),(175,'HerbertCantu47@gmail.com','VWysJanSIl',1000.00,100.00,'2021-06-26 00:00:00',13),(176,'HectorGriffin54@gmail.com','ZSrqBnOugY',4000.00,300.00,'2021-10-02 00:00:00',1),(177,'SultanCraft75@gmail.com','dqmtlPkSfV',10000.00,300.00,'2020-05-15 00:00:00',14),(178,'JohnpaulForeman42@hotmail.com','hppjoRuzVK',3000.00,400.00,'2020-09-15 00:00:00',7),(179,'DaithiCallahan91@gmail.com',' ',7000.00,0.00,'2020-07-11 00:00:00',1),(180,'RioEnglish77@gmail.com','cOSUeLxaWu',9000.00,300.00,'2019-05-27 00:00:00',4),(181,'KasperAlford21@gmail.com','xUxnOQCvVq',8000.00,500.00,'2019-10-24 00:00:00',2),(182,'KorayAlston41@gmail.com','yPYDvxzOue',2000.00,200.00,'2019-01-19 00:00:00',10),(183,'JordiGlass48@yahoo.com','ajsbNEdFtd',9000.00,500.00,'2019-07-25 00:00:00',7),(184,'FamaraDeleon9@gmail.com','dUkehbsCyF',1000.00,400.00,'2021-08-23 00:00:00',7),(185,'HarveyAlston66@yahoo.com','ZGBNxHoRSY',4000.00,300.00,'2019-03-09 00:00:00',15),(186,'FergusHampton55@yahoo.com','gMinUUkmuR',13000.00,300.00,'2021-09-09 00:00:00',3),(187,'DaleFigueroa89@yahoo.com','aspKjChujB',3000.00,400.00,'2019-09-18 00:00:00',8),(188,'DeecanHays85@gmail.com','jYNKeNPKMZ',1000.00,300.00,'2021-04-05 00:00:00',11),(189,'JonCrane47@gmail.com','AWygDyTcTm',13000.00,500.00,'2020-10-20 00:00:00',15),(190,'TiylarHester24@hotmail.com','KsixAqQuti',9000.00,500.00,'2021-03-12 00:00:00',14),(191,'TommyDunn64@yahoo.com',' ',9000.00,0.00,'2020-06-01 00:00:00',14),(192,'TommyGarza97@hotmail.com','mSclkMarrZ',3000.00,200.00,'2020-07-18 00:00:00',2),(193,'MunachiBlair88@yahoo.com','SZaktwyNgv',4000.00,300.00,'2019-09-10 00:00:00',11),(194,'RhuaridhDale0@gmail.com',' ',4000.00,0.00,'2019-03-02 00:00:00',14),(195,'JameilClay99@hotmail.com','VVOnJxxdwi',5000.00,400.00,'2020-06-28 00:00:00',9),(196,'TommyEllison29@hotmail.com','jyYcayxnyc',4000.00,100.00,'2020-03-27 00:00:00',6),(197,'ZendelFranks9@yahoo.com','gtHwSGxLTI',13000.00,100.00,'2019-05-06 00:00:00',14),(198,'LovellHaley41@hotmail.com','xwXeYzIMLQ',14000.00,400.00,'2020-03-07 00:00:00',6),(199,'TammamCantu97@hotmail.com','CJXtJVgphj',13000.00,100.00,'2019-07-04 00:00:00',15),(200,'RobbyEnglish24@gmail.com','zeyZCPWrUi',7000.00,400.00,'2020-08-08 00:00:00',11);
/*!40000 ALTER TABLE `booking` ENABLE KEYS */;
UNLOCK TABLES;

--
-- Table structure for table `branch`
--

DROP TABLE IF EXISTS `branch`;
/*!40101 SET @saved_cs_client     = @@character_set_client */;
/*!50503 SET character_set_client = utf8mb4 */;
CREATE TABLE `branch` (
  `branch_id` int NOT NULL,
  `office_address` varchar(128) NOT NULL,
  `manager_id` int NOT NULL,
  PRIMARY KEY (`branch_id`),
  KEY `manager_id` (`manager_id`),
  CONSTRAINT `branch_ibfk_1` FOREIGN KEY (`manager_id`) REFERENCES `agency_employee` (`employee_id`),
  CONSTRAINT `branch_ibfk_2` FOREIGN KEY (`manager_id`) REFERENCES `agency_employee` (`employee_id`)
) ENGINE=InnoDB DEFAULT CHARSET=utf8mb4 COLLATE=utf8mb4_0900_ai_ci;
/*!40101 SET character_set_client = @saved_cs_client */;

--
-- Dumping data for table `branch`
--

LOCK TABLES `branch` WRITE;
/*!40000 ALTER TABLE `branch` DISABLE KEYS */;
INSERT INTO `branch` VALUES (1,'Chhattisgarh',195),(2,'Chandigarh',403),(3,'Himachal Pradesh',65),(4,'Bihar',353),(5,'Assam',267),(6,'Uttarakhand',35),(7,'Mizoram',426),(8,'Punjab',391),(9,'Daman and Diu',283),(10,'Chhattisgarh',368);
/*!40000 ALTER TABLE `branch` ENABLE KEYS */;
UNLOCK TABLES;

--
-- Table structure for table `camping_company`
--

DROP TABLE IF EXISTS `camping_company`;
/*!40101 SET @saved_cs_client     = @@character_set_client */;
/*!50503 SET character_set_client = utf8mb4 */;
CREATE TABLE `camping_company` (
  `branch_id` int NOT NULL,
  `company_name` varchar(128) NOT NULL,
  `phone_number` varchar(16) NOT NULL,
  `email` varchar(128) NOT NULL,
  `crew_strength` int NOT NULL,
  `monthly_payment` decimal(10,2) NOT NULL,
  PRIMARY KEY (`branch_id`,`company_name`),
  CONSTRAINT `camping_company_ibfk_1` FOREIGN KEY (`branch_id`) REFERENCES `branch` (`branch_id`),
  CONSTRAINT `camping_company_ibfk_2` FOREIGN KEY (`branch_id`) REFERENCES `branch` (`branch_id`),
  CONSTRAINT `camping_company_chk_1` CHECK ((`crew_strength` >= 0)),
  CONSTRAINT `camping_company_chk_2` CHECK ((`monthly_payment` >= 0))
) ENGINE=InnoDB DEFAULT CHARSET=utf8mb4 COLLATE=utf8mb4_0900_ai_ci;
/*!40101 SET character_set_client = @saved_cs_client */;

--
-- Dumping data for table `camping_company`
--

LOCK TABLES `camping_company` WRITE;
/*!40000 ALTER TABLE `camping_company` DISABLE KEYS */;
INSERT INTO `camping_company` VALUES (1,'LovellDodson','3456482119','LovellDodsonLimited11@gmail.com',30,13000.00),(2,'HarveyHatfield','5822585872','HarveyHatfieldLimited98@gmail.com',30,1000.00),(3,'RamseyDelacruz','1761174952','RamseyDelacruzLimited1@yahoo.com',26,4000.00),(4,'HarveyBlackburn','3613492398','HarveyBlackburnLimited88@hotmail.com',23,12000.00),(5,'FergusHaley','2219692839','FergusHaleyLimited57@gmail.com',23,13000.00),(6,'RhuaridhAlford','3587597363','RhuaridhAlfordLimited3@gmail.com',20,1000.00),(7,'RobbiHerman','6992247611','RobbiHermanLimited64@gmail.com',28,9000.00),(8,'TieranAvila','1775642586','TieranAvilaLimited70@gmail.com',29,5000.00),(9,'SullivanFigueroa','2686512693','SullivanFigueroaLimited80@yahoo.com',20,13000.00),(10,'DanyalDelacruz','7562836682','DanyalDelacruzLimited59@hotmail.com',28,5000.00);
/*!40000 ALTER TABLE `camping_company` ENABLE KEYS */;
UNLOCK TABLES;

--
-- Table structure for table `camping_crew`
--

DROP TABLE IF EXISTS `camping_crew`;
/*!40101 SET @saved_cs_client     = @@character_set_client */;
/*!50503 SET character_set_client = utf8mb4 */;
CREATE TABLE `camping_crew` (
  `camping_crew_id` int NOT NULL AUTO_INCREMENT,
  `treks_completed` int DEFAULT NULL,
  `currently_engaged` tinyint(1) DEFAULT '0',
  PRIMARY KEY (`camping_crew_id`),
  CONSTRAINT `camping_crew_chk_1` CHECK ((`treks_completed` >= 0))
) ENGINE=InnoDB AUTO_INCREMENT=100 DEFAULT CHARSET=utf8mb4 COLLATE=utf8mb4_0900_ai_ci;
/*!40101 SET character_set_client = @saved_cs_client */;

--
-- Dumping data for table `camping_crew`
--

LOCK TABLES `camping_crew` WRITE;
/*!40000 ALTER TABLE `camping_crew` DISABLE KEYS */;
INSERT INTO `camping_crew` VALUES (1,7,1),(2,7,1),(3,5,1),(4,12,0),(5,14,1),(6,6,1),(7,10,0),(8,6,0),(9,6,1),(10,13,1),(11,8,0),(12,8,1),(13,15,1),(14,8,0),(15,14,0),(16,6,0),(17,8,0),(18,10,0),(19,9,0),(20,8,0),(21,7,0),(22,7,0),(23,11,1),(24,5,0),(25,13,0),(26,12,0),(27,9,1),(28,12,1),(29,13,1),(30,5,0),(31,7,1),(32,14,0),(33,6,0),(34,13,1),(35,6,0),(36,10,1),(37,11,1),(38,12,0),(39,12,0),(40,11,1),(41,13,1),(42,12,0),(43,7,0),(44,10,1),(45,8,1),(46,10,0),(47,5,0),(48,5,0),(49,12,1),(50,14,1),(51,5,0),(52,13,1),(53,5,1),(54,5,1),(55,13,0),(56,8,0),(57,12,1),(58,15,0),(59,15,1),(60,13,0),(61,9,0),(62,8,1),(63,14,0),(64,7,1),(65,9,0),(66,6,0),(67,15,1),(68,6,0),(69,9,0),(70,7,0),(71,7,1),(72,8,1),(73,11,1),(74,5,0),(75,14,1),(76,9,1),(77,13,1),(78,12,0),(79,8,1),(80,15,1),(81,12,1),(82,11,0),(83,11,0),(84,9,0),(85,8,0),(86,15,1),(87,6,0),(88,11,0),(89,11,0),(90,12,0),(91,9,0),(92,10,0),(93,6,0),(94,7,0),(95,9,1),(96,8,0),(97,15,0),(98,14,1),(99,12,0);
/*!40000 ALTER TABLE `camping_crew` ENABLE KEYS */;
UNLOCK TABLES;

--
-- Table structure for table `camping_crew_member`
--

DROP TABLE IF EXISTS `camping_crew_member`;
/*!40101 SET @saved_cs_client     = @@character_set_client */;
/*!50503 SET character_set_client = utf8mb4 */;
CREATE TABLE `camping_crew_member` (
  `camping_member_id` int NOT NULL AUTO_INCREMENT,
  `first_name` varchar(128) NOT NULL,
  `last_name` varchar(128) NOT NULL,
  `id_proof` varchar(256) NOT NULL,
  `date_of_birth` datetime NOT NULL,
  `primary_phone` varchar(16) NOT NULL,
  `alternate_phone` varchar(16) DEFAULT NULL,
  `blood_group` varchar(4) NOT NULL,
  `gender` varchar(32) NOT NULL,
  `address` varchar(128) NOT NULL,
  `company_name` varchar(128) NOT NULL,
  `branch_id` int NOT NULL,
  `camping_crew_id` int NOT NULL,
  PRIMARY KEY (`camping_member_id`),
  KEY `branch_id` (`branch_id`,`company_name`),
  KEY `camping_crew_id` (`camping_crew_id`),
  CONSTRAINT `camping_crew_member_ibfk_1` FOREIGN KEY (`branch_id`, `company_name`) REFERENCES `camping_company` (`branch_id`, `company_name`),
  CONSTRAINT `camping_crew_member_ibfk_2` FOREIGN KEY (`camping_crew_id`) REFERENCES `camping_crew` (`camping_crew_id`)
) ENGINE=InnoDB AUTO_INCREMENT=101 DEFAULT CHARSET=utf8mb4 COLLATE=utf8mb4_0900_ai_ci;
/*!40101 SET character_set_client = @saved_cs_client */;

--
-- Dumping data for table `camping_crew_member`
--

LOCK TABLES `camping_crew_member` WRITE;
/*!40000 ALTER TABLE `camping_crew_member` DISABLE KEYS */;
INSERT INTO `camping_crew_member` VALUES (1,'Adenn','Marius','www.proof.com/nVdWoYzoqO','1971-08-17 00:00:00','daHmSHIIDY','sqtMvicLKK','AB+','male','Andaman and Nicobar Islands','CalanEllison',1,69),(2,'McKade','Famara','www.proof.com/PQgDfhYlBC','1988-06-27 00:00:00','SqpKmQtIRg','rqHYoFmFQq','O+','male','West Bengal','CalanEllison',7,12),(3,'Adenn','Titus','www.proof.com/gOvjyymePi','1969-07-25 00:00:00','gMtWAVHgKw','NIMfaQUPaB','O-','male','Uttarakhand','NormanCummings',1,32),(4,'Famara','Johnpaul','www.proof.com/kKWRXXwlhQ','1974-08-07 00:00:00','SZXROvoCnd','BIXxYhgGXR','B-','female','Madhya Pradesh','RamseyDickerson',1,87),(5,'Johnpaul','Marius','www.proof.com/gWmvakdckM','1974-10-08 00:00:00','HCgHFdkcTi','XOPknwcfke','AB+','female','Bihar','CalanEllison',8,38),(7,'Tieran','Adenn','www.proof.com/kBaqXBBNce','1981-05-03 00:00:00','GrUUWwnbOD','gZkrcDaIxG','B-','female','Tamil Nadu','HerbertDeleon',9,91),(8,'Shreeram','Johnpaul','www.proof.com/iGDGnlsHyH','1971-09-10 00:00:00','gnabqqqwOZ','FypYaOlFTf','A+','female','Meghalaya','RossiAvila',0,61),(9,'Shreeram','Nicky','www.proof.com/NTzVXWXLDo','1975-03-02 00:00:00','lhueYfMjhb','bmPvvLhfOY','A-','male','Bihar','RamseyDickerson',1,33),(10,'Marius','Nicky','www.proof.com/fwepykohYw','1980-10-29 00:00:00','xFiyLqDsXo','ILxWJHSNTR','AB+','male','Uttarakhand','TitusCooley',7,76),(11,'Titus','Marius','www.proof.com/XpbunyAIDY','1976-08-18 00:00:00','rBzHdLDvgk','kJmvcAlZKH','AB+','female','Kerala','TitusCooley',7,51),(12,'Titus','Adenn','www.proof.com/ITLsEgmkbG','1980-05-21 00:00:00','BEIqOcjcnP','WwTkfKZpUB','B+','male','Rajasthan','RossiAvila',1,63),(13,'Shreeram','Famara','www.proof.com/GNGTMuVlbX','1968-02-05 00:00:00','KmyFyKuINl','bnAgFlVsFG','B+','female','Lakshadweep','RossiAvila',0,0),(14,'Tieran','Shreeram','www.proof.com/zvUZcdvkdB','1971-02-08 00:00:00','dCJyXzQGDZ','nccuGXEpEu','B+','female','Kerala','RamseyDickerson',1,38),(15,'Titus','Marius','www.proof.com/SbbRVWRrbE','1970-11-19 00:00:00','VWPnCykQQS','EeLKBndOgS','B-','male','Odisha','RossiAvila',5,84),(16,'Titus','Adenn','www.proof.com/gyEwlqLVju','1987-11-13 00:00:00','HOEkowHqQY','lxedWRHKlb','O-','male','Uttarakhand','RamseyDickerson',0,49),(17,'Marius','Adenn','www.proof.com/ypBXMddvGH','1967-05-03 00:00:00','piYaPWAyih','WVHhZXIJPi','A-','male','Punjab','CalanEllison',1,92),(18,'Tieran','Famara','www.proof.com/fUzZnbSAbM','1974-02-05 00:00:00','gzuBrbsqTn','xdKFMSraJl','AB+','female','Goa','CalanEllison',8,48),(19,'Marius','Robby','www.proof.com/dWRHBqfJyy','1985-04-20 00:00:00','eaSUUSVQPx','bLRUSXeWQL','A+','female','Chandigarh','DaithiHays',2,73),(20,'Robby','Adenn','www.proof.com/tGBbpxitZk','1979-04-17 00:00:00','OCNYqZqcSn','GvmVfVNucn','AB+','female','Sikkim','FergusDeleon',6,74),(21,'Tieran','Adenn','www.proof.com/aDSSMvgNkq','1971-06-01 00:00:00','MPlVpbODaS','NTnPDTIPjP','AB+','female','Himachal Pradesh','TitusCooley',9,4),(22,'McKade','Johnpaul','www.proof.com/tAULZnfskX','1985-11-14 00:00:00','FmXryVHpmv','NviCYnAkEE','O-','female','Goa','RossiAvila',8,35),(23,'Marius','Johnpaul','www.proof.com/hibsdMupSn','1982-04-16 00:00:00','mTkhOyTzdN','AYHWAugZgj','B+','female','Maharashtra','RossiAvila',2,13),(24,'Famara','McKade','www.proof.com/qfXqELDoJF','1980-08-21 00:00:00','lMAYJQBdgA','BlzKLRltpt','B-','male','Andhra Pradesh','FergusDeleon',0,42),(25,'Johnpaul','Adenn','www.proof.com/XzKGUySIXo','1987-07-01 00:00:00','wuyeXLVTzN','ItgDBdAlvm','A-','male','Dadra and Nagar Haveli','DaithiHays',8,99),(26,'Robby','Marius','www.proof.com/vxBcsbMhLP','1970-06-16 00:00:00','NRKsMrJWgK','FwumnelLUK','A-','male','Tamil Nadu','RossiAvila',0,96),(27,'Johnpaul','McKade','www.proof.com/YBxcjXQURw','1977-11-18 00:00:00','wWtxWwxHkJ','RTtQPdwoub','O+','male','Chandigarh','RossiAvila',8,56),(28,'Marius','McKade','www.proof.com/gDdCrGoKBu','1968-02-14 00:00:00','ozxAPchCUs','hTpNcmDXeF','B+','male','Dadra and Nagar Haveli','TitusCooley',0,36),(29,'Shreeram','Nicky','www.proof.com/StMNfwAchW','1982-11-24 00:00:00','chMNbibpxs','UneceWcwPX','B-','female','Nagaland','RossiAvila',3,68),(30,'Tieran','Adenn','www.proof.com/lscljQNgIu','1985-09-17 00:00:00','ONWSqZJaeR','OhiLLgIeEe','B+','female','Punjab','HerbertDotson',5,46),(31,'Marius','Tieran','www.proof.com/aIUtggEiEs','1976-02-11 00:00:00','dMlCHjNefr','xlaqadFAxp','B+','female','Kerala','HerbertDotson',5,39),(32,'Tieran','Tieran','www.proof.com/xOHoFZJiVD','1981-02-01 00:00:00','ojDLiedKPg','lVUvnzXoBl','O-','female','Andaman and Nicobar Islands','RossiAvila',7,35),(33,'Marius','Adenn','www.proof.com/cnhRWdWAJc','1980-09-09 00:00:00','foWPqAEuGI','NwYdSgBCxc','A-','female','Puducherry','NormanCummings',4,81),(34,'Tieran','Shreeram','www.proof.com/MwwiegTTUi','1976-12-16 00:00:00','IyTcFjMcPL','JhQTwTbRkc','AB+','male','Tamil Nadu','AlexDodson',2,71),(35,'Shreeram','Tieran','www.proof.com/AvGWKKHugn','1973-05-13 00:00:00','AcsPNifyIw','AnRjTuDFws','AB+','male','Nagaland','HerbertDeleon',1,43),(36,'Robby','Tieran','www.proof.com/aWLNwXsXvi','1973-04-16 00:00:00','tRyzLFuuey','fNuBOEMipZ','O+','male','Andhra Pradesh','HerbertDeleon',1,40),(37,'McKade','Famara','www.proof.com/QVeQQkqlEX','1976-09-16 00:00:00','CoIkKyQTLL','tzSWTMirDA','A-','female','Tamil Nadu','AlexDodson',1,73),(38,'McKade','Famara','www.proof.com/ZfRXzuDoaF','1986-07-12 00:00:00','nHAgiWFIjB','QRuLzILrvS','AB+','female','Madhya Pradesh','TitusCooley',8,4),(39,'Adenn','McKade','www.proof.com/VKhiCYLPiX','1988-02-27 00:00:00','frnfzYpScB','JRKVHFKDJF','O-','female','Delhi','RamseyDickerson',7,53),(40,'McKade','Titus','www.proof.com/DgZsGtulDY','1983-01-09 00:00:00','dzhYDFdHEW','JhhkGGcERs','B-','female','Telangana','CalanEllison',6,11),(41,'Nicky','Marius','www.proof.com/yNmdZUOkcp','1967-10-12 00:00:00','jundgpmxvp','RNYkyGxNZr','O+','female','Delhi','RamseyDickerson',7,28),(42,'Nicky','Adenn','www.proof.com/idKMJqcNdr','1987-12-16 00:00:00','JlkySwdypg','LVIBxnXfsV','A+','male','Puducherry','AlexDodson',9,16),(43,'Shreeram','Famara','www.proof.com/bVkcGDExqf','1988-09-19 00:00:00','FRGQGrlbvk','MkpjKWnvgT','B+','male','Himachal Pradesh','TitusCooley',0,42),(44,'McKade','Robby','www.proof.com/bKxRPjwZvj','1971-10-03 00:00:00','PQrAwQYeSZ','rDyvOOqlMH','B-','female','Goa','NormanCummings',9,98),(45,'Johnpaul','Tieran','www.proof.com/SseZaArwYr','1990-09-11 00:00:00','wefsOjYzbB','OQsaIpPPcO','B-','female','Sikkim','NormanCummings',2,51),(46,'Tieran','Adenn','www.proof.com/PYxrLRwgID','1990-05-19 00:00:00','DBxFVjYGGj','MaSyeQdDoe','A-','male','Assam','DaithiHays',3,90),(47,'Titus','Marius','www.proof.com/hgaFciXKDN','1987-10-24 00:00:00','sCODKXaUxj','WPKMmFmSwM','A-','male','Puducherry','HerbertDotson',2,23),(48,'Nicky','Famara','www.proof.com/WAdFYUKfAG','1989-11-18 00:00:00','rKssIQvtfJ','OEwCcdSknB','B-','male','West Bengal','FergusDeleon',6,77),(49,'McKade','Robby','www.proof.com/lokAjavQXJ','1979-08-07 00:00:00','HSNcfLwHHY','MQXzGPwKFp','B+','female','Gujarat','RossiAvila',4,11),(50,'Nicky','Shreeram','www.proof.com/KSlVlhQIYM','1987-01-19 00:00:00','QOUwsNrNEE','tSoPneHkBp','O+','male','Jharkhand','TitusCooley',5,84),(51,'Johnpaul','McKade','www.proof.com/OnyJZLnqaC','1966-09-08 00:00:00','HPLNNBDNkp','SsuaPDthwM','B+','male','Andaman and Nicobar Islands','HerbertDeleon',1,32),(52,'Tieran','Titus','www.proof.com/NcpUIyuNbJ','1986-12-04 00:00:00','fCPXpzvLBx','ymlyEalnaJ','B-','male','Odisha','RossiAvila',8,79),(53,'Adenn','Adenn','www.proof.com/oMVlIdUkWR','1968-05-21 00:00:00','KUCEAPylrf','FwKCkOhkGP','B-','male','Himachal Pradesh','RossiAvila',1,53),(54,'Titus','Nicky','www.proof.com/DbDEXbhXgH','1983-03-04 00:00:00','OAvNIUkdUL','APWLOYgEWD','B+','male','Chandigarh','AlexDodson',3,93),(55,'Adenn','Johnpaul','www.proof.com/PbpTKRuQiC','1975-12-02 00:00:00','cixBCcscQi','sENsDJxeFc','AB+','male','Assam','HerbertDeleon',9,89),(56,'Robby','Johnpaul','www.proof.com/mOHHLVCftW','1989-04-17 00:00:00','mZUoBWHzrB','tMTAPVAGxG','A+','female','Puducherry','NormanCummings',3,4),(57,'Shreeram','Titus','www.proof.com/xRYLzvvTjf','1975-07-28 00:00:00','VlfroXaLKf','QQOONdqWYe','O+','female','Gujarat','HerbertDotson',7,72),(58,'Shreeram','Nicky','www.proof.com/eJqLocXzFt','1983-11-28 00:00:00','rTJZiaFMcT','ssoPLvHVwd','AB+','male','Arunachal Pradesh','TitusCooley',3,60),(59,'Titus','Adenn','www.proof.com/eONKvyBRdY','1981-05-27 00:00:00','UkYnjKpkIp','OXTnanzsNW','O-','male','Rajasthan','AlexDodson',1,40),(60,'McKade','Adenn','www.proof.com/LuEnJvesVP','1987-03-24 00:00:00','XWbkftgpvk','JqmBEZjyTh','A+','female','Mizoram','RamseyDickerson',7,46),(61,'Famara','Johnpaul','www.proof.com/VgjRBhXMCh','1984-04-25 00:00:00','yFrSrIvSwB','kKTmBrKFoe','A-','male','Gujarat','HerbertDeleon',8,0),(62,'Johnpaul','Nicky','www.proof.com/zgCAJSeFlF','1985-07-09 00:00:00','hautktrSiM','sycNgLOgew','B-','female','Manipur','AlexDodson',2,90),(63,'Marius','Tieran','www.proof.com/OjvmtaEkVS','1982-10-22 00:00:00','HxmbQvqHUt','apRkYtpsBf','A-','male','Goa','CalanEllison',2,96),(64,'Nicky','Johnpaul','www.proof.com/iVuPBryyjL','1970-02-16 00:00:00','ATrKENGUmb','mHjUSjwGUj','B+','female','Puducherry','CalanEllison',4,89),(65,'Titus','Marius','www.proof.com/lFpXfqTWsW','1975-09-07 00:00:00','lutGqzfLVP','xKPHKyoknb','O-','female','West Bengal','FergusDeleon',4,72),(66,'Tieran','Robby','www.proof.com/BicDNxFvox','1968-11-16 00:00:00','PQFHWJRQcN','fQDLVVdYtV','B+','female','Assam','RamseyDickerson',9,63),(67,'Robby','Famara','www.proof.com/UoskhsOlLn','1983-11-11 00:00:00','tvLMlOLsmp','HDdnMPsQDs','A-','female','Goa','HerbertDeleon',6,10),(68,'Adenn','Adenn','www.proof.com/qhxfYTrrje','1982-11-03 00:00:00','VKpIibRlCM','tnfTYqtKBa','O+','female','Uttarakhand','HerbertDeleon',3,64),(69,'Johnpaul','Adenn','www.proof.com/oACDKGJvHa','1991-12-04 00:00:00','IIxYKAduGV','dadZufuhQD','AB+','female','Madhya Pradesh','CalanEllison',5,7),(70,'McKade','McKade','www.proof.com/dGzYCgIrjK','1988-08-04 00:00:00','lVuQPUeuiw','CrUQJsctgg','O+','female','Punjab','FergusDeleon',5,85),(71,'Titus','Shreeram','www.proof.com/wIcfKLtUIH','1978-10-10 00:00:00','XOroXNtKBg','IEOHnnVjla','O+','female','Himachal Pradesh','NormanCummings',4,41),(72,'Robby','Robby','www.proof.com/yrpCbidRQH','1982-09-12 00:00:00','bmWUVZnVfX','NpBPkRBLTy','O+','male','Andaman and Nicobar Islands','RamseyDickerson',0,71),(73,'Titus','Adenn','www.proof.com/roudERryIU','1977-02-08 00:00:00','rRPCMKgxoR','ccGcKdNhMd','A-','female','Rajasthan','AlexDodson',3,6),(74,'Adenn','Adenn','www.proof.com/tpKXWErFKp','1984-05-16 00:00:00','abTtUIWSnM','WcYvPBJxaA','O+','male','Daman and Diu','HerbertDotson',4,50),(75,'Tieran','Marius','www.proof.com/CtdxGxFFww','1973-08-04 00:00:00','IcXdzpcALv','nyHOtYOwJb','B+','female','Uttar Pradesh','FergusDeleon',5,75),(76,'Tieran','Tieran','www.proof.com/JMPEvCnVoQ','1973-04-11 00:00:00','aVuFCmxgBU','klACLkEEPK','B+','male','Uttar Pradesh','HerbertDeleon',3,83),(77,'Tieran','McKade','www.proof.com/FAUgjrHMwm','1969-04-23 00:00:00','qtKbwWTglM','uIwlvcMjqy','A-','male','Manipur','RamseyDickerson',0,55),(78,'McKade','Nicky','www.proof.com/bGMkUFaAEG','1989-10-14 00:00:00','vvvjxVcsfV','CdsLUxKnml','O+','female','Arunachal Pradesh','HerbertDeleon',3,67),(79,'McKade','Nicky','www.proof.com/ZscrmooJrq','1970-05-24 00:00:00','ycXlXRibfn','LuhzyolMrQ','A-','female','Odisha','TitusCooley',8,96),(80,'Famara','Tieran','www.proof.com/BhXiLMHtwr','1989-01-09 00:00:00','OoRWHRzMbh','ibFkhuxJkb','B-','female','Andhra Pradesh','FergusDeleon',9,92),(81,'Adenn','McKade','www.proof.com/hbQWveEBpp','1990-09-16 00:00:00','yYoFUvUbzA','hPAqfhTCBJ','AB+','female','Jammu and Kashmir','CalanEllison',4,75),(82,'Titus','Marius','www.proof.com/LRHfEGYQfF','1980-12-21 00:00:00','GBzpDVaCll','HvDLngzLnn','B-','male','Assam','RossiAvila',6,98),(83,'Famara','Johnpaul','www.proof.com/dqzcHpipZh','1973-01-29 00:00:00','ruKxqrYuwz','cDotkfLFIa','B+','female','Manipur','TitusCooley',5,12),(84,'Adenn','Johnpaul','www.proof.com/XjWIzMcwnp','1984-06-02 00:00:00','WrXcSzlntX','MpFWRWlhdY','B+','male','Uttar Pradesh','AlexDodson',8,56),(85,'McKade','McKade','www.proof.com/cvOLVDSYiU','1985-11-27 00:00:00','GwlwlrQEbP','pxvGMvoGNL','A+','female','Madhya Pradesh','RamseyDickerson',1,22),(86,'Famara','Shreeram','www.proof.com/gnvpuXIftn','1977-01-27 00:00:00','huznlrmXOA','LkRTabmAwz','AB+','male','Rajasthan','NormanCummings',7,16),(87,'Adenn','Shreeram','www.proof.com/kWEnGOtdTd','1987-01-12 00:00:00','KxtWabQIZM','zBFAAAgxwb','O+','female','West Bengal','NormanCummings',7,60),(88,'Titus','Famara','www.proof.com/AZUfHLxiaI','1966-08-10 00:00:00','jgqATmahzg','uogyqmFcDB','O+','male','Daman and Diu','CalanEllison',7,86),(89,'Famara','Nicky','www.proof.com/cBQRJtgFCx','1975-04-24 00:00:00','GqQYMpwBaa','RPmAAVIXzq','A-','female','Meghalaya','FergusDeleon',2,98),(90,'Robby','Titus','www.proof.com/uKZOYRwEvL','1968-12-17 00:00:00','xlKYAxjiQs','MmAHaGtznD','O-','male','Himachal Pradesh','FergusDeleon',4,89),(91,'Famara','Nicky','www.proof.com/aTDQqQJGqx','1975-03-20 00:00:00','iqJKfUHixe','oZozIvdEcd','B+','male','Meghalaya','RamseyDickerson',7,77),(92,'Adenn','Titus','www.proof.com/bshtcJPEUy','1973-08-24 00:00:00','RhwxfaTHSQ','UEpeRdpfvj','O+','male','Dadra and Nagar Haveli','NormanCummings',2,39),(93,'Marius','Shreeram','www.proof.com/asqeiexKCW','1967-08-03 00:00:00','dYHJhjhKzm','FqxSsUXMET','B+','female','Uttarakhand','DaithiHays',3,54),(94,'Adenn','Titus','www.proof.com/tqHgoLAKzf','1987-02-27 00:00:00','CVrKPMImvg','ZmFsjuLGcL','O+','male','Madhya Pradesh','DaithiHays',9,67),(95,'Nicky','Johnpaul','www.proof.com/mWNpNUcTZS','1991-10-07 00:00:00','FWSUADhSvP','pkqZqlcKPY','A+','male','Uttarakhand','CalanEllison',6,91),(96,'Johnpaul','McKade','www.proof.com/JEhoPeneQP','1989-09-10 00:00:00','yHcRavrkMP','YaXaBarJnz','B-','female','Chhattisgarh','AlexDodson',1,62),(97,'Famara','Adenn','www.proof.com/GZkPVcCByR','1983-05-12 00:00:00','yKtxsNjwcD','QvsCJyGBFO','A-','female','Telangana','RossiAvila',2,38),(98,'Titus','Robby','www.proof.com/QGhTwvyMJy','1966-10-03 00:00:00','DrnpNHfluV','NSCyyDNVFq','O+','male','Assam','HerbertDotson',2,78),(99,'Shreeram','Johnpaul','www.proof.com/PxpbjaSeHh','1982-02-11 00:00:00','nIbzNMakGY','rDXEqFXdhs','O+','male','Odisha','DaithiHays',0,69),(100,'Shreeram','Titus','www.proof.com/mlVqCYYqUN','1969-08-13 00:00:00','kLBqHerHcp','WvoeIBFuhC','O+','male','Odisha','HerbertDeleon',5,64);
/*!40000 ALTER TABLE `camping_crew_member` ENABLE KEYS */;
UNLOCK TABLES;

--
-- Table structure for table `customer_account`
--

DROP TABLE IF EXISTS `customer_account`;
/*!40101 SET @saved_cs_client     = @@character_set_client */;
/*!50503 SET character_set_client = utf8mb4 */;
CREATE TABLE `customer_account` (
  `email` varchar(128) NOT NULL,
  `password_hash` varchar(256) NOT NULL,
  `profile_image` varchar(100) DEFAULT NULL,
  `date_of_creation` datetime NOT NULL,
  `customer_id` int NOT NULL,
  PRIMARY KEY (`email`),
  UNIQUE KEY `customer_id` (`customer_id`),
  CONSTRAINT `customer_account_ibfk_1` FOREIGN KEY (`customer_id`) REFERENCES `customer_info` (`customer_id`)
) ENGINE=InnoDB DEFAULT CHARSET=utf8mb4 COLLATE=utf8mb4_0900_ai_ci;
/*!40101 SET character_set_client = @saved_cs_client */;

--
-- Dumping data for table `customer_account`
--

LOCK TABLES `customer_account` WRITE;
/*!40000 ALTER TABLE `customer_account` DISABLE KEYS */;
INSERT INTO `customer_account` VALUES ('AdennCantu58@hotmail.com','AOsPsSpBTy','www.image.com/hITsWQVZLc','2019-02-15 00:00:00',179),('AdennChavez13@hotmail.com','UozsngCDjj','www.image.com/yGZcNkcAJV','2021-08-18 00:00:00',377),('AdennDale61@gmail.com','YrRwAwfFua','www.image.com/ZNwWCJahaQ','2020-08-03 00:00:00',418),('AdennDodson79@gmail.com','cCqPBgmAOY','www.image.com/yacdVFfOiS','2019-08-27 00:00:00',307),('AdennDotson64@gmail.com','EqAqGKfQnd','www.image.com/OYZpSEMqEg','2020-08-29 00:00:00',440),('AdennEllison31@hotmail.com','JnSuWLmiOb','www.image.com/XoDTTCtiwr','2019-12-02 00:00:00',252),('AdennGilliam87@hotmail.com','GIieZBxsvL','www.image.com/GrlDXhCLjn','2020-01-28 00:00:00',211),('AdennHerman87@hotmail.com','DbxFgxNmIL','www.image.com/sztoYzYokH','2019-02-08 00:00:00',381),('AdennHill58@gmail.com','mloAnQRCYA','www.image.com/XsyiamzQPN','2021-06-25 00:00:00',357),('AlexBonner67@hotmail.com','rzECjaAjxI','www.image.com/fbqtBpQBpB','2021-01-29 00:00:00',197),('AlexCallahan55@hotmail.com','ietbCFEldF','www.image.com/mZFjQwJsPL','2020-03-22 00:00:00',296),('AlexConway81@hotmail.com','fNxLzboSLC','www.image.com/xtoVraCESf','2021-03-03 00:00:00',355),('AlexCooley60@yahoo.com','RbbObeqNaZ','www.image.com/tRwsHBssje','2021-05-27 00:00:00',107),('AlexCruz2@gmail.com','dvtcUSwIcj','www.image.com/OIDwccfOMg','2019-05-09 00:00:00',229),('AlexDelacruz8@yahoo.com','flPjMoXVLU','www.image.com/ZFCAsSYjIL','2020-10-27 00:00:00',262),('AlexDeleon6@yahoo.com','GVivRKWYra','www.image.com/gRvHZXFgAg','2020-04-17 00:00:00',293),('AlexDotson9@gmail.com','mKoUGWUGiV','www.image.com/xhHagmxEho','2019-01-21 00:00:00',90),('AlexFleming85@gmail.com','unHRbIYZsr','www.image.com/VoUcxvgJka','2019-08-23 00:00:00',126),('AlexGilliam52@yahoo.com','SblpnUfVkn','www.image.com/ddmhOYopcJ','2020-03-28 00:00:00',251),('AlexGilliam79@hotmail.com','tRkPWzYjKN','www.image.com/pMTqvFLPWu','2021-07-20 00:00:00',248),('AlexGlass23@gmail.com','kUflRRUzAh','www.image.com/hGpVCfKJnc','2020-11-18 00:00:00',68),('AlexGriffin96@hotmail.com','ialdgOdnOc','www.image.com/bYbcGtcrzP','2020-11-05 00:00:00',491),('AlexGuzman25@yahoo.com','bvsjhCMTNe','www.image.com/mafxEslrTb','2019-03-27 00:00:00',481),('AlexHaley8@yahoo.com','XxRvciNpAd','www.image.com/lHjQlJZCjq','2020-12-07 00:00:00',235),('CalanClay2@yahoo.com','rWzhAdTJYm','www.image.com/XpTiqHgnWR','2021-10-25 00:00:00',168),('CalanDale19@gmail.com','ulGmTRsrUp','www.image.com/VdJjVGgCkc','2020-01-14 00:00:00',483),('CalanDuran28@gmail.com','nAaZjgGJFF','www.image.com/BCWeRkjbSg','2021-08-10 00:00:00',104),('CalanEllison83@yahoo.com','hMYHwIkHCT','www.image.com/IxZtLIZGQP','2021-05-15 00:00:00',454),('CalanFigueroa21@yahoo.com','GetLAWSyBG','www.image.com/WehyOefQbD','2019-02-25 00:00:00',119),('CalanFigueroa68@yahoo.com','eBfttREOFk','www.image.com/hiLQKSDoJc','2019-07-18 00:00:00',275),('CalanGilliam18@gmail.com','QxNMiIwPgj','www.image.com/tsbDIraMwv','2020-10-21 00:00:00',386),('CalanGilliam7@yahoo.com','eHfPKpTfIR','www.image.com/WvkxyQJtrq','2020-09-24 00:00:00',88),('CalanGray2@gmail.com','fwJLzoPENg','www.image.com/csRoJQKbhs','2020-09-15 00:00:00',498),('CalanGuzman15@gmail.com','uQhQMYLSGz','www.image.com/eyPQEfbivh','2021-08-16 00:00:00',18),('CalanHaley2@hotmail.com','XplHnTcBea','www.image.com/YcLgZkRXyH','2019-12-29 00:00:00',152),('CalanHill81@hotmail.com','IjPoKxOSym','www.image.com/AbNCtqZeYa','2020-07-10 00:00:00',44),('CalanHill85@hotmail.com','QUnADdczMH','www.image.com/EvAGmHmbBP','2021-07-23 00:00:00',240),('DaithiCallahan5@yahoo.com','DwOoZdoMco','www.image.com/IwAGRhMtJO','2021-02-02 00:00:00',196),('DaithiConway72@yahoo.com','FEkaaEhusH','www.image.com/pSSxQaRyup','2020-03-10 00:00:00',478),('DaithiDale74@gmail.com','sOjBdhOJhO','www.image.com/ddyDsjAXGf','2021-12-05 00:00:00',45),('DaithiFleming49@gmail.com','dtxRtGMyIl','www.image.com/dkAtUBlzvH','2019-05-20 00:00:00',58),('DaithiGlass65@yahoo.com','ojxhFYzyoQ','www.image.com/tXVepCNghz','2020-07-26 00:00:00',406),('DaithiHill6@yahoo.com','tgZSIZfXKw','www.image.com/bbqIoyDxKG','2019-12-26 00:00:00',95),('DaleBlair56@hotmail.com','CYvHhKZgwa','www.image.com/kCLbOefcgo','2020-09-22 00:00:00',177),('DaleCollier96@hotmail.com','aJCwzNSuDh','www.image.com/URhXlehOit','2021-10-17 00:00:00',385),('DaleFigueroa27@gmail.com','ULbsMUCnwm','www.image.com/LRnfrInTnz','2021-10-24 00:00:00',303),('DaleFigueroa49@yahoo.com','pBXjVxdfWA','www.image.com/BoJmcGDuNV','2021-12-24 00:00:00',278),('DaleFigueroa71@hotmail.com','uySWAdjjgv','www.image.com/QJZRbnglGy','2021-04-25 00:00:00',348),('DaleFigueroa8@gmail.com','gwszwWvtmT','www.image.com/wmyfiQynao','2020-10-20 00:00:00',422),('DaleForeman96@hotmail.com','BFDRptZXSC','www.image.com/ghgVDzQkiu','2019-05-20 00:00:00',438),('DaleHerman59@gmail.com','nDIilqfKdT','www.image.com/mvUyqSkQlq','2019-05-09 00:00:00',201),('DanyalBlair75@yahoo.com','HRgOhSrDdG','www.image.com/aPKqPyZSzq','2020-04-17 00:00:00',30),('DanyalCooke30@yahoo.com','EIeTtPyEvM','www.image.com/KuWdBKPVQB','2019-02-08 00:00:00',407),('DanyalCrane31@hotmail.com','SgDftzzhlB','www.image.com/RXyjYcykXR','2021-12-23 00:00:00',109),('DanyalDeleon99@gmail.com','xUndhlpLkg','www.image.com/lggatTDaTE','2020-02-28 00:00:00',391),('DanyalDunn45@gmail.com','SjeuowCPGZ','www.image.com/QxCdwaUOvS','2019-02-11 00:00:00',244),('DanyalEllison98@hotmail.com','SPNeWastnY','www.image.com/pXYloQmgmF','2020-06-05 00:00:00',379),('DanyalFigueroa10@yahoo.com','KaLmYVuFVu','www.image.com/ALZNrxeFAi','2019-08-12 00:00:00',255),('DanyalHampton40@hotmail.com','QYhpOdVMQl','www.image.com/wsnZFeCjgp','2021-07-16 00:00:00',131),('DanyalHatfield98@hotmail.com','xlkQOtjkdy','www.image.com/ITWvpyMuJN','2019-03-28 00:00:00',493),('DeecanClay46@yahoo.com','lMWAgjrTAy','www.image.com/CLpYSPZzym','2021-09-11 00:00:00',323),('DeecanCummings71@yahoo.com','twoVTwGHLj','www.image.com/OTMqcRpFlw','2019-12-17 00:00:00',336),('DeecanDale38@yahoo.com','CuocQoQFox','www.image.com/FxPBHsvdTL','2020-10-03 00:00:00',259),('DeecanForeman26@gmail.com','ncDadXEwUg','www.image.com/RrVkhVUVhC','2020-11-24 00:00:00',17),('DeecanHampton20@gmail.com','EVLqCGDJws','www.image.com/chqbMqSkAw','2019-02-23 00:00:00',432),('DeecanHays41@gmail.com','zWydZuzmFQ','www.image.com/iaZRQiuQMH','2020-06-04 00:00:00',447),('EljayBonner26@yahoo.com','heDtcfoQRe','www.image.com/ITUvAktFRY','2021-04-16 00:00:00',9),('EljayCantu97@hotmail.com','TKomIWlBAE','www.image.com/HakZZxDJOZ','2019-06-15 00:00:00',113),('EljayGarza52@hotmail.com','GPjOZHdhxy','www.image.com/mHZdmrsppJ','2020-03-07 00:00:00',166),('EljayHampton68@gmail.com','iXNWMpSuGt','www.image.com/XIOssjhfFK','2019-01-02 00:00:00',383),('EljayHays17@hotmail.com','uUiMxanWhW','www.image.com/hmurzVQHti','2021-02-24 00:00:00',485),('EljayHester25@hotmail.com','nyQICBRRWN','www.image.com/umUztHMhZx','2021-01-19 00:00:00',84),('FamaraAlston98@gmail.com','DmHosvNMUb','www.image.com/fzfHQtccCo','2021-02-15 00:00:00',419),('FamaraCantu31@hotmail.com','NfkLDabTOd','www.image.com/HMtSbBEikk','2020-12-21 00:00:00',188),('FamaraCrane88@yahoo.com','LmhbIMZRse','www.image.com/LmvVayZmZA','2020-05-12 00:00:00',371),('FamaraDale100@hotmail.com','bxlAOpfZbt','www.image.com/ucGlLKDNuS','2021-09-29 00:00:00',182),('FamaraDale37@gmail.com','YzqwQxbGHQ','www.image.com/hAvmdVxuju','2020-12-06 00:00:00',294),('FamaraDale55@hotmail.com','TYJPcAcoFS','www.image.com/UnRHeUsAlR','2021-01-10 00:00:00',458),('FamaraDale83@hotmail.com','XleTqgLRRJ','www.image.com/VJIDpghIop','2020-11-08 00:00:00',156),('FamaraDeleon66@hotmail.com','ziSohyXSfX','www.image.com/HMebJwlrCD','2019-01-20 00:00:00',395),('FamaraFigueroa67@gmail.com','FDcDmFiwDO','www.image.com/RxvgZLQfLK','2021-03-09 00:00:00',103),('FamaraGarza13@gmail.com','gLFaBHIjQc','www.image.com/KMVoocJtdv','2021-05-03 00:00:00',302),('FamaraGuzman43@hotmail.com','AuwLchgTqK','www.image.com/BlPgrUbymJ','2019-02-19 00:00:00',374),('FamaraHays49@yahoo.com','vuGfSWJawR','www.image.com/yjGNdbrajb','2020-07-03 00:00:00',159),('FergusAlford43@hotmail.com','WokFVsmOlN','www.image.com/UtSPLIEqng','2019-10-05 00:00:00',428),('FergusCallahan24@yahoo.com','HHciTujVqZ','www.image.com/DUNlAPTmtT','2021-10-06 00:00:00',288),('FergusCooke27@hotmail.com','wYgGMVvlfj','www.image.com/sCaflKHZst','2021-04-09 00:00:00',417),('FergusDale89@yahoo.com','gBurxrznpR','www.image.com/syPLSZrEAr','2021-12-24 00:00:00',311),('FergusDelacruz51@hotmail.com','TBOIahRgSa','www.image.com/bJHDHOzqlo','2020-11-29 00:00:00',263),('FergusDeleon39@yahoo.com','ooltTscEYq','www.image.com/XvcbiDhzSD','2020-07-08 00:00:00',15),('FergusDeleon72@yahoo.com','FbhAkUAzJL','www.image.com/SFUpFQjdZw','2019-12-23 00:00:00',135),('FergusDeleon94@gmail.com','JTftbZnaHg','www.image.com/eQHhBJyYvc','2021-06-18 00:00:00',258),('FergusDunn5@yahoo.com','unHYGgpZsa','www.image.com/cLRDHITrpD','2021-11-27 00:00:00',155),('FergusFigueroa65@hotmail.com','dwLpRhKoOi','www.image.com/zFrkdJafaU','2019-03-19 00:00:00',328),('FergusFleming2@yahoo.com','TRWkBDkexW','www.image.com/CsWGEvbjCZ','2021-07-07 00:00:00',425),('FergusForeman37@hotmail.com','ETQVABReyo','www.image.com/ZdMIKoybvX','2019-11-01 00:00:00',165),('FergusHampton63@gmail.com','EajIKtqgdo','www.image.com/AjZuIoRtIm','2021-02-28 00:00:00',393),('FergusHampton85@gmail.com','YyLXTYlRuv','www.image.com/dCbxCUPafC','2021-10-24 00:00:00',297),('FergusHester80@yahoo.com','wCmdAyIFTP','www.image.com/FtyRXDzpgM','2019-02-08 00:00:00',13),('HarveyAlston60@gmail.com','TRsoHPAVld','www.image.com/HziDeEpnhn','2020-02-12 00:00:00',351),('HarveyDickerson67@gmail.com','TLhcVPagxo','www.image.com/ETBEfrvAcW','2020-05-26 00:00:00',325),('HarveyDodson47@hotmail.com','AMDfKjjCzJ','www.image.com/QXfJjNdgWu','2020-07-19 00:00:00',284),('HarveyDunn82@yahoo.com','QPryVynZdq','www.image.com/fFQivAquKt','2021-07-02 00:00:00',205),('HarveyDuran18@gmail.com','cNhGhxEXRD','www.image.com/pIPdFIGyVn','2020-10-18 00:00:00',289),('HarveyFranks39@gmail.com','mfqCARgBEj','www.image.com/wMffcWUtfg','2020-01-04 00:00:00',27),('HarveyGillespie71@gmail.com','UgqcYIijxY','www.image.com/tpBmKuCIVl','2020-09-09 00:00:00',494),('HarveyHays2@yahoo.com','lZZEcpOMxm','www.image.com/ezWgfUhznw','2021-09-29 00:00:00',72),('HectorAlston31@gmail.com','jPCHCYvzdY','www.image.com/CsdnNuLSrp','2021-08-20 00:00:00',354),('HectorDominguez8@hotmail.com','vmOGCbHzin','www.image.com/jvkseQWwrE','2019-03-11 00:00:00',329),('HectorForeman5@yahoo.com','dlXBYHTTLY','www.image.com/yGLjtELWEQ','2021-09-28 00:00:00',267),('HectorGillespie87@yahoo.com','fSZTytjpFa','www.image.com/drEdPAoefu','2019-11-10 00:00:00',282),('HectorGray62@yahoo.com','VWjfztCKZh','www.image.com/kFCaRsRnsv','2020-12-01 00:00:00',237),('HectorGriffin42@hotmail.com','lNHRIUWrBe','www.image.com/XXANeqBBPb','2019-06-04 00:00:00',57),('HectorHays36@gmail.com','IvYyxdaPuV','www.image.com/AiNzxIMhiv','2019-08-26 00:00:00',144),('HectorHays43@gmail.com','lQablCtiFP','www.image.com/vyaQlhiZIF','2019-12-02 00:00:00',492),('HerbertCantu60@gmail.com','nQEUoYYRMT','www.image.com/TAKnZruvjh','2021-08-03 00:00:00',40),('HerbertClay38@yahoo.com','fUItkXNYua','www.image.com/iIJmRwZUXQ','2020-08-09 00:00:00',308),('HerbertDodson60@gmail.com','bSZfelITYx','www.image.com/bWFsEXllhT','2019-09-24 00:00:00',92),('HerbertDunn71@hotmail.com','ihbnCPIrIP','www.image.com/aGQwBGMabo','2020-05-24 00:00:00',423),('HerbertDuran37@yahoo.com','PcsqrQGqOU','www.image.com/jHYSFmJOIY','2019-10-21 00:00:00',230),('HerbertFigueroa73@yahoo.com','hdzZRrFEns','www.image.com/lcsblKRxvL','2021-11-19 00:00:00',268),('HerbertFleming35@hotmail.com','wAesoOBRwk','www.image.com/GbhXaxwSQt','2019-06-02 00:00:00',479),('HerbertGarza14@hotmail.com','CxlZvjLren','www.image.com/KsMxBzkFqT','2020-06-05 00:00:00',76),('HerbertHampton57@hotmail.com','SbrkYtOBuT','www.image.com/gtZoolhnyW','2021-06-04 00:00:00',3),('JameilBlackburn84@gmail.com','nUQLjxMLMD','www.image.com/AZiDtkAxUE','2021-09-05 00:00:00',242),('JameilClay64@yahoo.com','HCpogScFlv','www.image.com/rUFBPkKaMj','2021-01-09 00:00:00',125),('JameilDale93@hotmail.com','gWjiwrNaza','www.image.com/OTodwockpQ','2021-01-12 00:00:00',488),('JameilDeleon67@gmail.com','SszAludRGr','www.image.com/mKEmmyjoLK','2021-12-16 00:00:00',271),('JameilDunn23@gmail.com','QsfItrjeuR','www.image.com/vXollUWsCo','2020-02-26 00:00:00',340),('JameilGilliam30@gmail.com','dokRGOXBke','www.image.com/qwwJjhEXqy','2021-11-11 00:00:00',384),('JameilGood37@yahoo.com','OsxYzXEaIa','www.image.com/ARyoyCtqiL','2021-07-17 00:00:00',91),('JameilGood70@gmail.com','HJHUztrSbe','www.image.com/clciclcTMF','2019-06-28 00:00:00',269),('JameilHays98@yahoo.com','RHxUdqJxON','www.image.com/AdzjQHNDlN','2019-12-21 00:00:00',80),('JameilHerman45@gmail.com','eobFOOIvnF','www.image.com/eWHebpAWiX','2020-12-01 00:00:00',69),('JameilHester56@hotmail.com','UznaEkJrbz','www.image.com/ilbZbPifro','2019-03-02 00:00:00',54),('JohnpaulAlston19@gmail.com','gAqxVkiVXP','www.image.com/ufolviUjOY','2019-09-05 00:00:00',228),('JohnpaulAvila55@hotmail.com','NwAngNQfBS','www.image.com/zvsjOtGRye','2021-12-03 00:00:00',497),('JohnpaulBonner71@gmail.com','GVPnOpuZbY','www.image.com/leKVutIcfg','2021-01-10 00:00:00',122),('JohnpaulChavez58@gmail.com','eaQIZdpLma','www.image.com/cPkLIIPKSo','2019-10-07 00:00:00',158),('JohnpaulCollier44@yahoo.com','sHCpbQFefN','www.image.com/YbZOGhmywP','2020-07-27 00:00:00',273),('JohnpaulConway33@hotmail.com','sHYzkFoavW','www.image.com/xaqPJUsJUm','2021-07-09 00:00:00',470),('JohnpaulDodson5@yahoo.com','rqSggOyACv','www.image.com/ZhNfQnUXXZ','2020-04-10 00:00:00',34),('JohnpaulDuran74@yahoo.com','eDBorJaqPm','www.image.com/AXgJbINKZV','2019-03-17 00:00:00',281),('JohnpaulForeman43@yahoo.com','ASdDSacMOt','www.image.com/qEjtVNVlGy','2019-10-17 00:00:00',61),('JohnpaulGillespie69@gmail.com','zDlPsJWKsK','www.image.com/fhAfCvKyty','2020-04-17 00:00:00',148),('JohnpaulGilliam21@yahoo.com','TiQrsXghKT','www.image.com/cnkfyHARdP','2020-07-14 00:00:00',480),('JohnpaulGriffin85@yahoo.com','NyGaQDRWLF','www.image.com/CFhagHHFCN','2020-12-10 00:00:00',359),('JohnpaulGuzman88@hotmail.com','bbDWQhPcSr','www.image.com/osuPGgBxwW','2020-02-16 00:00:00',264),('JohnpaulHatfield58@yahoo.com','oNulutUkvn','www.image.com/bgdioxeMEc','2019-02-01 00:00:00',183),('JohnpaulHester33@yahoo.com','QQEwGlOfkt','www.image.com/xpyxnQrpRN','2019-06-29 00:00:00',222),('JohnpaulHester65@gmail.com','RatbdiHLFb','www.image.com/vGxRSgLLDH','2019-05-15 00:00:00',25),('JonAlford19@yahoo.com','pzzDHMzkhc','www.image.com/DYOiFfRdlq','2021-06-02 00:00:00',459),('JonAlston20@hotmail.com','MSfAaWKhQP','www.image.com/kNIswHIfUt','2019-05-25 00:00:00',14),('JonBlair38@yahoo.com','VQfrCidddq','www.image.com/bOZzqMUtUp','2020-01-21 00:00:00',137),('JonBonner87@hotmail.com','DgdeKKpHxg','www.image.com/ARUwNUbrVt','2019-11-03 00:00:00',178),('JonCollier87@gmail.com','lOQWfDuYYJ','www.image.com/CXdLeqBdva','2019-08-16 00:00:00',457),('JonCooley28@yahoo.com','mKDENfSrik','www.image.com/EkFJBMvUUh','2021-02-02 00:00:00',358),('JonCrane48@hotmail.com','NgXadIBqLU','www.image.com/uvbJxSHqdm','2020-05-04 00:00:00',272),('JonCrane59@hotmail.com','rYndRSbpnT','www.image.com/sEgAGUsSGg','2019-09-12 00:00:00',124),('JonCummings43@hotmail.com','JVuRmrWFzX','www.image.com/eeTPsdJGNT','2020-09-25 00:00:00',43),('JonDay42@hotmail.com','QkoIdawHJw','www.image.com/hlBtXRhchW','2020-05-05 00:00:00',83),('JonDodson40@hotmail.com','JPepteKADx','www.image.com/zQbElomSeh','2019-09-22 00:00:00',102),('JonDominguez86@gmail.com','MWPvNWZjkp','www.image.com/qfcvfYRAKl','2019-02-27 00:00:00',97),('JonEnglish40@yahoo.com','fsCMLqXYTo','www.image.com/VYrRBQvAKE','2020-04-24 00:00:00',316),('JonGood8@hotmail.com','SZQZCusoup','www.image.com/irzIaJIwmS','2019-03-05 00:00:00',172),('JordiAvila58@hotmail.com','IYabyLaaru','www.image.com/QpjzZgUYOY','2020-01-11 00:00:00',93),('JordiCantu46@yahoo.com','ilOJgpgqOB','www.image.com/tIPpGXCoeT','2020-01-17 00:00:00',5),('JordiCruz26@gmail.com','kXKBdIWumU','www.image.com/VuftxEoUjJ','2020-05-25 00:00:00',203),('JordiCummings18@hotmail.com','uZKUBSsFne','www.image.com/YkAtFovIIs','2019-10-13 00:00:00',128),('JordiDale15@hotmail.com','bBxEPWPNsP','www.image.com/DsNmbmZBwK','2019-07-17 00:00:00',146),('JordiFigueroa27@yahoo.com','tbxexRgpVV','www.image.com/HzPafFkFhG','2020-11-23 00:00:00',277),('JordiGlass8@hotmail.com','OFGlFSwDAT','www.image.com/cdQowpLGTa','2021-05-01 00:00:00',265),('JordiGray0@hotmail.com','yPncnLbGkp','www.image.com/OfgQnregpS','2021-11-05 00:00:00',356),('JudahAlston41@yahoo.com','pOFaDfNbnA','www.image.com/irSYleAdkS','2021-08-09 00:00:00',190),('JudahAlston61@yahoo.com','ckbQVXcxTP','www.image.com/tGuKlJwscc','2020-01-07 00:00:00',234),('JudahConway59@gmail.com','OlCyVPERLJ','www.image.com/kxuABaINbt','2021-01-22 00:00:00',199),('JudahDickerson5@yahoo.com','fujkRzTSDI','www.image.com/bmQYxZYNKY','2019-10-07 00:00:00',280),('JudahDotson62@yahoo.com','xcHLDzydaP','www.image.com/nclwlQCBQe','2021-03-13 00:00:00',246),('JudahGriffin49@yahoo.com','WbMBHDzfAa','www.image.com/JpPApWnPat','2020-03-09 00:00:00',313),('JudahHerman1@gmail.com','IoIWFvUnpJ','www.image.com/OfpCFKhleW','2021-11-04 00:00:00',215),('JudahHill52@yahoo.com','mRSjlAfGsN','www.image.com/wMLYogwJvX','2021-01-16 00:00:00',221),('KaineAlford79@gmail.com','zqcPukMYFi','www.image.com/qgBgLrZGoR','2020-12-02 00:00:00',397),('KaineArnold58@gmail.com','HYdYAjBeeX','www.image.com/udvNNldZYt','2021-01-09 00:00:00',16),('KaineCallahan74@hotmail.com','oZXHCRfHMA','www.image.com/aSVhdqVPit','2020-07-03 00:00:00',100),('KaineCraft79@gmail.com','iCTfpIvIFE','www.image.com/RCFOaJQDwj','2020-11-23 00:00:00',74),('KaineDale28@gmail.com','DOOMkBChNR','www.image.com/fGGqJLoffV','2020-09-05 00:00:00',38),('KaineDunn52@yahoo.com','RKXRjbXQKi','www.image.com/PJkCRPLTts','2019-05-04 00:00:00',12),('KaineFranks67@gmail.com','tbkvQVcBfV','www.image.com/XjRrCmAMVU','2021-01-18 00:00:00',433),('KaineHaley80@gmail.com','QgjmwpsjVt','www.image.com/hKgRtGIQGu','2019-03-25 00:00:00',314),('KaineHays82@hotmail.com','wrJfQemTRc','www.image.com/kROtBTUiKz','2020-03-16 00:00:00',400),('KaineHerman19@yahoo.com','qjmOpgEwCE','www.image.com/RxFLKrMtob','2021-09-25 00:00:00',324),('KasperAlford36@yahoo.com','UbUtZqjfyp','www.image.com/lgBdNOTXSG','2019-09-02 00:00:00',396),('KasperAlford48@hotmail.com','QeapHKZLZj','www.image.com/xXqOqdhhtf','2019-08-03 00:00:00',198),('KasperChavez87@yahoo.com','syGkDihAVK','www.image.com/eYzyDTegaT','2019-04-24 00:00:00',56),('KasperCrane73@yahoo.com','IZqHYUChUt','www.image.com/oqzfcNCYui','2020-11-16 00:00:00',63),('KasperDunn28@yahoo.com','jctmcJmRgG','www.image.com/VkvoPlHQBb','2020-06-10 00:00:00',153),('KasperForeman0@hotmail.com','IhOkDhufQt','www.image.com/ZRiLsGdhIj','2020-01-28 00:00:00',149),('KasperForeman57@yahoo.com','LuAasSGpil','www.image.com/MFJdLmOCAg','2019-08-11 00:00:00',390),('KasperGlass17@yahoo.com','gftSguwyON','www.image.com/RbPtjVUbHm','2020-10-16 00:00:00',476),('KasperGlass63@gmail.com','ErtDNnegpX','www.image.com/rqXsJDLgyw','2020-09-29 00:00:00',115),('KasperGood19@hotmail.com','VppBahheqs','www.image.com/jNJKdrJwHh','2020-04-08 00:00:00',147),('KasperGray40@yahoo.com','UTEPFTIVJU','www.image.com/TfasHoqLoE','2021-12-13 00:00:00',171),('KasperGray46@gmail.com','BcidOGNxTV','www.image.com/JegLzzzCas','2019-07-08 00:00:00',106),('KeiganBlair79@yahoo.com','zfrfZEhThM','www.image.com/FICXGlmwDV','2021-06-06 00:00:00',77),('KeiganDale0@yahoo.com','pqVPPWNtOz','www.image.com/BqqOGDKLFn','2020-04-02 00:00:00',295),('KeiganDale19@hotmail.com','BNolqEIUoo','www.image.com/iMRUfrygUP','2019-08-15 00:00:00',75),('KeiganDay17@yahoo.com','RmfKBstyUo','www.image.com/FaaiLMSgek','2020-03-04 00:00:00',123),('KeiganDelacruz40@yahoo.com','MUYWYUMDTe','www.image.com/QzLUbuNODj','2021-07-15 00:00:00',398),('KeiganFleming32@hotmail.com','WMLYIfLKYq','www.image.com/umoTursRQn','2021-02-05 00:00:00',495),('KeiganFranks13@hotmail.com','DTUbxyHVLv','www.image.com/sJllhRVdvf','2020-10-13 00:00:00',291),('KeiganGilliam50@gmail.com','HTYKTZOZEt','www.image.com/JrTdauERKH','2020-10-18 00:00:00',346),('KeiganHerman38@hotmail.com','XhDwiOftRF','www.image.com/VwaxDtzyyZ','2020-06-18 00:00:00',226),('KorayAlston20@hotmail.com','TUshODzymZ','www.image.com/fKIKKsFqeJ','2020-01-23 00:00:00',274),('KorayAlston45@hotmail.com','JoaOBtIDFl','www.image.com/YrBDnzfeZP','2019-07-04 00:00:00',239),('KorayAvila100@yahoo.com','ZXCXYwNhzy','www.image.com/BKpjkmuoWE','2021-06-18 00:00:00',186),('KorayClay85@gmail.com','zSQNzhohmR','www.image.com/UMdCcyvxvP','2020-01-19 00:00:00',250),('KorayCooke96@yahoo.com','yMMleOSJVH','www.image.com/KXtTYREVyP','2021-07-29 00:00:00',50),('KorayCraft21@gmail.com','HClmuLLGyA','www.image.com/rbZpjKdpZj','2020-04-23 00:00:00',87),('KorayDotson29@hotmail.com','ldovVVjbZE','www.image.com/xgpwRLqJKG','2021-08-09 00:00:00',464),('KorayDotson91@hotmail.com','ttAiuHglNt','www.image.com/yowqQylhiA','2021-08-26 00:00:00',212),('KorayForeman100@gmail.com','lsAwulSLSY','www.image.com/oWTHySCXJM','2021-08-05 00:00:00',360),('KorayFranks92@hotmail.com','xivosMeCRC','www.image.com/IzgYasZmds','2019-03-01 00:00:00',224),('KorayGood96@hotmail.com','pZviOWCgnG','www.image.com/jocynwoCZI','2021-10-02 00:00:00',194),('KorayHester49@yahoo.com','OgQxFFDunP','www.image.com/afoLxoHLrq','2021-08-08 00:00:00',312),('LisandroCollier8@yahoo.com','vFDrlpmouH','www.image.com/lqBFGdwLsb','2020-12-21 00:00:00',344),('LisandroDominguez30@yahoo.com','CmqISehLws','www.image.com/hFygRcUExG','2019-09-11 00:00:00',233),('LisandroDunn61@hotmail.com','IPvhmxAaSH','www.image.com/NROqQVWIOC','2020-07-19 00:00:00',46),('LisandroDuran61@yahoo.com','dIokbCVxqy','www.image.com/lOYAfxULqX','2019-02-09 00:00:00',402),('LisandroEnglish9@gmail.com','FtbAGKyiDn','www.image.com/kEONMHxPOz','2021-01-04 00:00:00',309),('LisandroHampton41@gmail.com','ZEMcLZAymx','www.image.com/uSQSvOKMdB','2020-09-18 00:00:00',96),('LovellAlston97@yahoo.com','kRwfdQRoCI','www.image.com/VZAAzRFTWD','2020-01-26 00:00:00',364),('LovellBlair46@yahoo.com','HHCIlLFxBW','www.image.com/ZseMrfmuPF','2021-11-23 00:00:00',213),('LovellCollier91@gmail.com','xwwVUFdKsb','www.image.com/oUgwvMKDHw','2021-11-20 00:00:00',101),('LovellCruz91@hotmail.com','kIHkQakkVJ','www.image.com/NPtYPikTff','2019-02-27 00:00:00',466),('LovellCummings1@gmail.com','PaLebtMURQ','www.image.com/nkLsaFOBcx','2020-06-05 00:00:00',298),('LovellCummings45@yahoo.com','spNDapSqvC','www.image.com/dCOUkwjXHG','2020-12-10 00:00:00',142),('LovellDale57@hotmail.com','gBGyeOMWak','www.image.com/hlWShzgIhC','2021-04-06 00:00:00',47),('LovellDay93@hotmail.com','cgHDmNvjVi','www.image.com/TGdOEFSUtX','2020-09-23 00:00:00',499),('LovellDotson33@yahoo.com','URBmBpMFFv','www.image.com/VjLDrVLwHR','2021-03-10 00:00:00',345),('LovellEllison58@gmail.com','SarntLByTU','www.image.com/OmYrwwcUzr','2019-02-22 00:00:00',73),('LovellGilliam26@gmail.com','YEeXLfUBnh','www.image.com/kDXXUIpqah','2019-07-12 00:00:00',490),('LovellGilliam52@gmail.com','RSMOpDIsAy','www.image.com/gpXAkXPvzq','2020-09-02 00:00:00',238),('LovellGood60@gmail.com','RNvArAxblO','www.image.com/oGMbZGEmvN','2019-05-03 00:00:00',132),('LovellGriffin0@hotmail.com','ZAdExmCYrB','www.image.com/JsZryAXVEw','2021-08-28 00:00:00',446),('LovellHaley34@hotmail.com','DPkKzQXYvh','www.image.com/zYmsGgPAtA','2021-12-09 00:00:00',67),('LovellHays80@yahoo.com','foGJnOrCQN','www.image.com/BwedrAVRUj','2020-05-17 00:00:00',467),('MariusAlston19@hotmail.com','cDsHIXPUTN','www.image.com/TzObmqLlsV','2020-08-21 00:00:00',287),('MariusBlackburn92@yahoo.com','tcmbRdNSOx','www.image.com/mAjsxAmwOT','2021-03-10 00:00:00',214),('MariusDelacruz21@yahoo.com','eYYuFkgoPY','www.image.com/MqKMjTzLwz','2019-06-16 00:00:00',332),('MariusFranks43@yahoo.com','BCQDwFHXFY','www.image.com/UpWguZEQhG','2020-09-13 00:00:00',2),('MariusGarza33@hotmail.com','kLsykvbbqp','www.image.com/cYJzgkQJWj','2019-02-10 00:00:00',320),('MariusGuzman61@hotmail.com','nHwDikNHBD','www.image.com/EGXaKYZnbZ','2020-03-21 00:00:00',55),('MariusHampton49@yahoo.com','QMOKQAJBMR','www.image.com/AdEEDXbhqd','2019-08-13 00:00:00',482),('McKadeAlston46@yahoo.com','JhLVjmHBMB','www.image.com/uQOcWqeLuX','2021-05-09 00:00:00',217),('McKadeAlston53@yahoo.com','ivZdfCgiEX','www.image.com/FLrHvCDhpv','2019-07-08 00:00:00',4),('McKadeCallahan48@gmail.com','VxYAoOfRxp','www.image.com/lQWOtetQUd','2020-08-17 00:00:00',180),('McKadeCruz32@gmail.com','Gjdrmyyvcz','www.image.com/ONniXjsiQy','2021-08-20 00:00:00',326),('McKadeDelacruz77@gmail.com','xlEZLrCqqu','www.image.com/mXnORlFuli','2020-01-17 00:00:00',343),('McKadeDominguez72@gmail.com','cVosIDBpcc','www.image.com/xXyhvDefGC','2020-08-03 00:00:00',429),('McKadeFranks50@gmail.com','sixLNBanzP','www.image.com/JYBYKntPjy','2021-04-28 00:00:00',469),('McKadeGillespie49@gmail.com','PGwbgbEzHr','www.image.com/mgBhHkwJdv','2019-11-18 00:00:00',48),('McKadeGlass100@hotmail.com','lJVndmFNCs','www.image.com/nGeevZhVBV','2021-08-22 00:00:00',413),('McKadeHester8@hotmail.com','cxFzXkZMPp','www.image.com/hRTFqzjxpt','2019-01-23 00:00:00',192),('MeshachAvila8@gmail.com','obzepWsbEp','www.image.com/jKKwPYJdWs','2019-01-16 00:00:00',394),('MeshachBonner21@gmail.com','EzFVncxvMM','www.image.com/yLTMVsnunG','2020-04-27 00:00:00',247),('MeshachClay45@gmail.com','pUGAIGOKoN','www.image.com/UcKvXJEBYC','2019-06-26 00:00:00',437),('MeshachCraft96@yahoo.com','pSTTuILBdb','www.image.com/mqKVuDjxXE','2020-05-27 00:00:00',53),('MeshachDominguez47@yahoo.com','ZmadvkaEGx','www.image.com/YKqKqoNBiZ','2021-10-16 00:00:00',426),('MeshachDuran12@hotmail.com','oHVDnvaHAY','www.image.com/tjtrFQbQyE','2019-05-29 00:00:00',349),('MeshachFleming32@hotmail.com','ENUgxlSWUJ','www.image.com/OgZZJvelfK','2020-08-05 00:00:00',70),('MeshachGarza33@gmail.com','CQpLQGIueM','www.image.com/pyyMRnPodf','2020-08-26 00:00:00',477),('MeshachGilliam67@yahoo.com','qchjCtxxlU','www.image.com/QVAhZjkhmt','2021-07-22 00:00:00',378),('MeshachHill46@yahoo.com','PdraQXPhQw','www.image.com/gaTxbEmudQ','2020-10-21 00:00:00',338),('MunachiBlair7@gmail.com','VEoOdshizK','www.image.com/iFPacBxRSE','2021-05-10 00:00:00',261),('MunachiCollier71@gmail.com','yykjehvAoK','www.image.com/FBIphcveZT','2021-07-24 00:00:00',436),('MunachiDelacruz12@hotmail.com','zBtdnmFaxr','www.image.com/mQFDfSpNTE','2019-08-12 00:00:00',243),('MunachiDeleon43@yahoo.com','VyStlkGJBo','www.image.com/sjaqzObsXL','2021-06-06 00:00:00',465),('MunachiDominguez29@hotmail.com','kxgRmtBggf','www.image.com/RLYdshWCjn','2021-03-15 00:00:00',435),('MunachiDominguez41@hotmail.com','tHTmhLmlev','www.image.com/WlUJpvvLMZ','2021-11-19 00:00:00',283),('MunachiDotson100@yahoo.com','njAZulVQEf','www.image.com/InBZNSfdxm','2019-01-21 00:00:00',367),('MunachiDotson61@gmail.com','JcKehQYoaV','www.image.com/mzuOosVygP','2021-03-24 00:00:00',207),('MunachiDuran23@yahoo.com','ZkvTOWETgo','www.image.com/hLBgBXCWjd','2021-06-10 00:00:00',253),('MunachiGillespie72@gmail.com','LoDCaVZONg','www.image.com/lnaxApSpek','2020-02-22 00:00:00',82),('MunachiHampton38@gmail.com','wzkUKuHmoF','www.image.com/nYvPHWKwyT','2019-01-08 00:00:00',19),('MunachiHampton73@hotmail.com','ABeyPXaKDd','www.image.com/nkBgjbPFqI','2019-07-10 00:00:00',78),('MunachiHester73@yahoo.com','yGhEhfpkJB','www.image.com/uklDAWOthf','2021-12-08 00:00:00',300),('MunroCallahan23@gmail.com','wlIYpidArW','www.image.com/WLxOzLESES','2020-08-21 00:00:00',206),('MunroCallahan75@yahoo.com','RNZpruxcYH','www.image.com/FlJjfdZQmw','2019-02-08 00:00:00',270),('MunroClay73@yahoo.com','EFkhCLnrUX','www.image.com/JCYvGJgDaf','2019-10-26 00:00:00',315),('MunroCrane76@gmail.com','fYawkyVAqm','www.image.com/nhdZbkLVaS','2020-01-21 00:00:00',133),('MunroDelacruz22@yahoo.com','ZUjRwrcYmN','www.image.com/OEyggZjwuu','2020-02-11 00:00:00',405),('MunroDeleon27@hotmail.com','FJZwNqdqHL','www.image.com/PJxtRjJUUa','2019-03-20 00:00:00',319),('MunroGarza4@hotmail.com','UJyhAxKcEY','www.image.com/pmXRSmeLlG','2021-07-05 00:00:00',129),('MunroGillespie38@hotmail.com','rzaheLLvAZ','www.image.com/zYdFluVchM','2021-04-19 00:00:00',227),('MunroGillespie95@gmail.com','pPpQxGehNl','www.image.com/TdDxKdElYh','2020-09-01 00:00:00',31),('MunroHerman3@hotmail.com','fBXqimPbiv','www.image.com/yvxmmeIzgW','2020-07-01 00:00:00',279),('NickyAlston46@hotmail.com','YcVenRrGja','www.image.com/fFnIecCSCb','2019-03-03 00:00:00',468),('NickyAvila51@gmail.com','PDTVkrDlgN','www.image.com/oNtItEhLDZ','2020-06-10 00:00:00',496),('NickyCantu49@hotmail.com','RifTWqdyWo','www.image.com/TmWeGNcBYy','2019-01-07 00:00:00',141),('NickyChavez29@gmail.com','efXQwaquuz','www.image.com/AnDcccsAec','2020-01-12 00:00:00',475),('NickyClay4@hotmail.com','VMcrOMqaoB','www.image.com/mLohYJHOIV','2020-03-21 00:00:00',24),('NickyCruz23@yahoo.com','JaWptGygAc','www.image.com/pTqHFgEqGy','2021-07-12 00:00:00',195),('NickyCummings49@yahoo.com','NeaNafBfEa','www.image.com/ZVQLoVtGwW','2020-09-27 00:00:00',370),('NickyDeleon23@gmail.com','WHmmtXFyam','www.image.com/wwdAPLPVuF','2019-11-23 00:00:00',140),('NickyFranks88@hotmail.com','ffIZKKSSHV','www.image.com/ETtpZsNDSR','2019-06-16 00:00:00',463),('NickyGillespie88@yahoo.com','sjqQWzvQRD','www.image.com/hLhDwbUYBJ','2019-09-24 00:00:00',145),('NickyGuzman85@yahoo.com','MZLIpCiuBT','www.image.com/FpBzmRsBkF','2019-09-19 00:00:00',449),('NickyHatfield97@gmail.com','gKdOGMNggN','www.image.com/FhpjtQtchw','2020-05-28 00:00:00',200),('NickyHerman51@gmail.com','gUGfrWRcqm','www.image.com/JtyebinaPr','2019-12-18 00:00:00',451),('NormanAvila54@gmail.com','BkJAmaDoik','www.image.com/uJMniROQEL','2020-10-21 00:00:00',387),('NormanBlair31@hotmail.com','gFLDvbYWnc','www.image.com/wWNNqItpZU','2021-06-10 00:00:00',114),('NormanBlair56@gmail.com','DQMdCJmDEV','www.image.com/MwHonJPijE','2019-09-23 00:00:00',176),('NormanCrane6@gmail.com','rXAIpiwkSV','www.image.com/ojVbBvxltv','2021-03-07 00:00:00',6),('NormanDotson65@yahoo.com','DatDECPmqO','www.image.com/CtdVgewuao','2020-04-25 00:00:00',341),('NormanEllison89@hotmail.com','BSCrpYuNNf','www.image.com/VKVxwBPZkh','2020-10-24 00:00:00',266),('NormanGriffin94@gmail.com','lsPUxqRGWz','www.image.com/dAlAKKxTcp','2019-06-11 00:00:00',162),('NormanHaley31@hotmail.com','ZrEsSQhrHm','www.image.com/MimBgGFpZm','2020-08-12 00:00:00',442),('NormanHerman24@yahoo.com','MSoPdPtBds','www.image.com/ioYcYTBzbY','2019-09-10 00:00:00',257),('OrrickArnold94@gmail.com','umNRGWBBHT','www.image.com/OScEtDTiEY','2020-08-12 00:00:00',382),('OrrickCallahan3@yahoo.com','tiTUJvzZWb','www.image.com/FdkMZYWOKk','2020-05-07 00:00:00',170),('OrrickChavez77@gmail.com','GJLcqCMBun','www.image.com/broFDrxWXx','2021-03-06 00:00:00',216),('OrrickCooke27@gmail.com','GDPVRehorx','www.image.com/EYpFddqFiG','2021-08-03 00:00:00',444),('OrrickCummings92@hotmail.com','LCGLOIYjfx','www.image.com/veTRnijtWh','2021-02-27 00:00:00',52),('OrrickDay39@hotmail.com','dOywldFYwP','www.image.com/oQsYRQKkNw','2019-08-10 00:00:00',241),('OrrickDelacruz91@gmail.com','BvHqGKtqUl','www.image.com/foUZMwKPPZ','2021-08-12 00:00:00',21),('OrrickDodson56@hotmail.com','YOjwZsIZzu','www.image.com/OLPbPfnpLD','2019-08-05 00:00:00',337),('OrrickDunn77@hotmail.com','ExwNsKuGqn','www.image.com/wskLuzaFRq','2020-09-09 00:00:00',130),('OrrickDuran8@hotmail.com','fFYqiXuNjz','www.image.com/vxLtLMSpwT','2019-10-13 00:00:00',39),('OrrickEnglish13@yahoo.com','drrrXbExlC','www.image.com/bWOhzdzscF','2021-01-03 00:00:00',372),('OrrickFigueroa21@yahoo.com','ddkOiAvZsw','www.image.com/vjTtmNuTSV','2019-03-01 00:00:00',169),('OrrickFranks14@yahoo.com','dqGoQOBEvZ','www.image.com/MBbOOyYMVa','2021-04-09 00:00:00',59),('OrrickGray40@gmail.com','bPqwELJSUm','www.image.com/PMLQgUtzpC','2020-01-27 00:00:00',331),('OrrickGriffin48@gmail.com','sZfjoQnlpX','www.image.com/FkTKjLUVWN','2021-05-09 00:00:00',474),('OrrickGuzman64@yahoo.com','iwyZAeqeJK','www.image.com/AiKFbvGUWT','2021-05-29 00:00:00',23),('OrrickHatfield98@hotmail.com','iQCkrzAAiz','www.image.com/scrCNWoXed','2019-10-10 00:00:00',448),('RamseyAlston9@gmail.com','YWeynapvue','www.image.com/NZHDLfgKYa','2020-12-27 00:00:00',352),('RamseyAvila77@yahoo.com','ZrGPwpCyIT','www.image.com/mVvBJJJRkr','2019-07-11 00:00:00',220),('RamseyBlackburn40@gmail.com','ezxNRVPuGR','www.image.com/evabcNTybj','2020-12-02 00:00:00',333),('RamseyBonner59@hotmail.com','wbpqgfbVWu','www.image.com/aCYbcQTJnL','2019-12-01 00:00:00',81),('RamseyCooley100@gmail.com','riXjYIBbVX','www.image.com/jiFxfdqzzm','2021-05-20 00:00:00',116),('RamseyCooley37@hotmail.com','XYHYzqlRtZ','www.image.com/LUsUREyRKZ','2019-01-06 00:00:00',134),('RamseyDominguez55@yahoo.com','lBcqhLuFDZ','www.image.com/LjRKcNQVvr','2021-04-13 00:00:00',399),('RamseyDotson83@yahoo.com','nfAyLkMSTR','www.image.com/EaBTCjjspZ','2021-05-28 00:00:00',434),('RamseyGilliam75@hotmail.com','vBFSpUxwHl','www.image.com/EIMYTOhuno','2021-03-17 00:00:00',310),('RamseyHays72@yahoo.com','nUoYgrkvBC','www.image.com/TGqtiLsvfz','2020-10-27 00:00:00',209),('RhuaridhAlford27@gmail.com','QdAbeCspus','www.image.com/MSTICnwZPh','2019-08-10 00:00:00',361),('RhuaridhAvila24@gmail.com','zaOvYVOWCm','www.image.com/WhkBUWrGaR','2019-12-22 00:00:00',453),('RhuaridhAvila54@gmail.com','LhApujQuPs','www.image.com/yuIiVEVfPR','2019-08-29 00:00:00',330),('RhuaridhBonner98@gmail.com','yXkGFeVnEq','www.image.com/mqFOldvRSq','2020-08-16 00:00:00',462),('RhuaridhClay51@yahoo.com','BEhAutkQPh','www.image.com/nFwfTjPFYt','2020-04-26 00:00:00',350),('RhuaridhCruz38@gmail.com','NbcqobMHub','www.image.com/SLisNClhan','2020-02-24 00:00:00',105),('RhuaridhDale40@gmail.com','nrTCLJSHdB','www.image.com/SUbOyixANl','2021-02-18 00:00:00',362),('RhuaridhDelacruz39@yahoo.com','FbOCvePyxJ','www.image.com/OUmUiBjvAW','2021-02-21 00:00:00',139),('RhuaridhDeleon83@yahoo.com','CHneEwLbHr','www.image.com/DIUnZcUAgJ','2021-04-18 00:00:00',161),('RhuaridhDominguez45@yahoo.com','oCklDKAqjl','www.image.com/KuHZnLCFNm','2019-03-26 00:00:00',424),('RhuaridhDominguez49@yahoo.com','CRokuFjbbH','www.image.com/YuBzoZeegm','2019-05-20 00:00:00',392),('RhuaridhFigueroa50@hotmail.com','rXDyQHVlCk','www.image.com/LLIOvQRWVJ','2021-05-02 00:00:00',99),('RhuaridhFleming87@hotmail.com','oJYbJBpkGj','www.image.com/ZwDHgGpMxj','2021-11-16 00:00:00',174),('RhuaridhGriffin64@yahoo.com','cWfCsrSRpR','www.image.com/dGSBJihTXA','2021-04-07 00:00:00',219),('RhuaridhGuzman38@yahoo.com','fPCJHqZiuF','www.image.com/SGVMrcwGCz','2021-04-27 00:00:00',335),('RioAlston79@hotmail.com','YessYfDwQW','www.image.com/OyoYUAIMAy','2020-03-25 00:00:00',427),('RioEnglish43@hotmail.com','kDwuEFknPs','www.image.com/uEYlHXSfqr','2019-10-28 00:00:00',260),('RioEnglish86@gmail.com','ecEmpQocnH','www.image.com/kEXqFxEtPp','2019-01-21 00:00:00',286),('RioFigueroa15@gmail.com','YCWikRMkFZ','www.image.com/TGqnMAsulc','2020-11-26 00:00:00',94),('RioHaley27@gmail.com','COARxQPtLD','www.image.com/jfKEinFTsH','2020-12-29 00:00:00',1),('RioHampton5@gmail.com','ETyNVHcYQr','www.image.com/kkNwAMyfSL','2020-03-28 00:00:00',487),('RishiCallahan1@hotmail.com','pgaTldqqwU','www.image.com/uXHdojsyyR','2020-11-13 00:00:00',299),('RishiCooke77@gmail.com','pImsCTmpOw','www.image.com/HvNiUdZBzH','2020-10-29 00:00:00',376),('RishiDunn53@hotmail.com','zQrVuIJdDA','www.image.com/xBxUClqTvm','2020-09-19 00:00:00',430),('RishiEnglish85@gmail.com','QVqbdDWrDK','www.image.com/LpJUbHqAhU','2021-07-23 00:00:00',460),('RishiHester27@yahoo.com','HFfhrlBJad','www.image.com/MuIiCXhzBG','2019-09-18 00:00:00',225),('RobbiCummings30@hotmail.com','kVivfJIwbV','www.image.com/FFjYouDBUA','2021-12-16 00:00:00',414),('RobbiDickerson75@yahoo.com','qlOlxOBHPp','www.image.com/alxhQQwHYX','2021-09-16 00:00:00',85),('RobbiDominguez13@hotmail.com','QyibAJiPTI','www.image.com/kTcaYSVEjW','2020-05-24 00:00:00',62),('RobbiDuran8@hotmail.com','EFARCkTxFO','www.image.com/xlhYtiNNLr','2019-01-20 00:00:00',138),('RobbiGillespie100@yahoo.com','IZqXOYmRlV','www.image.com/SdeRqcLvJI','2020-09-16 00:00:00',409),('RobbiGillespie35@yahoo.com','BuoPAjgVaE','www.image.com/uoKatfzIxM','2020-01-23 00:00:00',322),('RobbiGilliam83@yahoo.com','YtuguBxcBp','www.image.com/dIiKBLMvok','2021-07-02 00:00:00',35),('RobbiGriffin33@gmail.com','eyegSzSaPw','www.image.com/csItLMilNZ','2021-07-05 00:00:00',285),('RobbiHampton22@yahoo.com','KhEcWeexvB','www.image.com/GoeiSysIpb','2021-03-27 00:00:00',65),('RobbiHampton25@hotmail.com','RCrQqBlBTP','www.image.com/efZeoITLHP','2020-01-10 00:00:00',256),('RobbiHerman12@gmail.com','LatDMpOBTo','www.image.com/AKCLPewUfA','2021-06-18 00:00:00',7),('RobbiHester75@hotmail.com','phhnpMdUXL','www.image.com/FvitQLiCdX','2019-08-29 00:00:00',452),('RobbyDeleon29@gmail.com','dlLiBycjuc','www.image.com/CVMfvwVFdh','2019-08-28 00:00:00',173),('RobbyDickerson86@gmail.com','fICibwzeew','www.image.com/idbNnvAeXE','2020-11-17 00:00:00',151),('RobbyEllison5@yahoo.com','jqOgKiitCh','www.image.com/JkjrEkHgMh','2019-10-09 00:00:00',305),('RobbyEnglish67@gmail.com','PDoloayigL','www.image.com/MaPfDTvDoQ','2020-11-09 00:00:00',410),('RobbyFleming62@yahoo.com','vEWvqTkORi','www.image.com/aaJXNEisQb','2019-10-21 00:00:00',489),('RobbyGillespie48@yahoo.com','tbzsnVkeqH','www.image.com/UVldrnKYtT','2019-04-18 00:00:00',33),('RobbyGilliam92@hotmail.com','cDEQqPjGKD','www.image.com/fqmMSyMbEW','2020-07-24 00:00:00',185),('RobbyGood27@yahoo.com','VIDIgLvDMq','www.image.com/OFfXDYJOBL','2019-04-12 00:00:00',318),('RobbyGriffin38@gmail.com','JsnLoriYqV','www.image.com/wffvkCIpfe','2019-12-23 00:00:00',276),('RossiAlford67@gmail.com','hgSufDKHRX','www.image.com/ePDwcLSooc','2019-02-09 00:00:00',450),('RossiAlston55@hotmail.com','XbkIkAPuiw','www.image.com/xOYZwajyeT','2020-10-17 00:00:00',389),('RossiArnold41@hotmail.com','PdiAJexBqL','www.image.com/UhpiKKOpcZ','2020-07-09 00:00:00',41),('RossiAvila66@yahoo.com','ZlnZAxwfuj','www.image.com/aXiOWdhufz','2020-06-11 00:00:00',42),('RossiBonner57@gmail.com','ZXDdYdrMAz','www.image.com/iMsfLRJWkN','2021-12-01 00:00:00',167),('RossiCruz65@yahoo.com','HVnoSaozjh','www.image.com/gXMFsRxRWM','2021-04-10 00:00:00',181),('RossiDelacruz94@hotmail.com','AVJmLLdizg','www.image.com/sYoEcxCXjC','2020-10-01 00:00:00',143),('RossiDickerson46@hotmail.com','yyXOFGUsHV','www.image.com/MIwNJwtGDe','2020-01-08 00:00:00',404),('RossiFranks59@yahoo.com','UxhJveAXSX','www.image.com/FsHHVUOQGG','2021-02-07 00:00:00',403),('ShreeramAlston24@hotmail.com','seDEQBCiwG','www.image.com/hZueIkZWKP','2020-03-26 00:00:00',157),('ShreeramBonner45@yahoo.com','eCTEsWaKtI','www.image.com/yHUclVhply','2019-12-02 00:00:00',120),('ShreeramBonner63@hotmail.com','tMBGAxaINc','www.image.com/kWDrqadlfX','2021-12-19 00:00:00',26),('ShreeramChavez25@hotmail.com','xKrIAUVQbW','www.image.com/fmAYjqjIUy','2021-05-04 00:00:00',191),('ShreeramClay69@gmail.com','JyqKuMycPh','www.image.com/qBVPuzuSUl','2020-08-19 00:00:00',236),('ShreeramDeleon71@yahoo.com','bQwDvrMrPW','www.image.com/FHjXRUocXq','2021-11-07 00:00:00',71),('ShreeramGilliam79@hotmail.com','KiofJoOVpr','www.image.com/dHFvsgpIQK','2021-10-28 00:00:00',327),('ShreeramHaley89@gmail.com','pjCWbbyJPu','www.image.com/SfSNNEUbkZ','2020-11-26 00:00:00',193),('ShreeramHays40@gmail.com','cdVbRbwwlY','www.image.com/DiiubDYMan','2020-09-22 00:00:00',473),('ShreeramHerman84@hotmail.com','AwBqhIpiEb','www.image.com/yAhTaxFBIi','2020-11-09 00:00:00',290),('StevenArnold82@hotmail.com','oLCrzCdtSe','www.image.com/rVoAxXKwFx','2019-07-15 00:00:00',484),('StevenCooley8@yahoo.com','FEvoMpVikH','www.image.com/pTGcHbWxoW','2021-05-22 00:00:00',189),('StevenDickerson26@yahoo.com','ZnBzZRCSsC','www.image.com/tfFBBUSbSD','2021-05-26 00:00:00',60),('StevenDotson26@yahoo.com','ylRJLSKjbP','www.image.com/hhCXbmtbgQ','2021-11-01 00:00:00',408),('StevenDotson27@gmail.com','EXyMncvQqS','www.image.com/OWplykHgTH','2019-05-27 00:00:00',20),('StevenDotson59@yahoo.com','NFdamxIDQu','www.image.com/mWsuszdutR','2020-07-20 00:00:00',353),('StevenFigueroa69@gmail.com','QBMTpvOqHl','www.image.com/YUGxjQiJZp','2020-01-29 00:00:00',28),('StevenGray6@gmail.com','WANRRBXRJU','www.image.com/pQXDSuOUYZ','2020-10-05 00:00:00',11),('StevenGuzman12@gmail.com','MXXOuTVIEx','www.image.com/tCCVZEDbyK','2019-01-24 00:00:00',412),('StevenHaley10@hotmail.com','SbrflJwTSi','www.image.com/PeMtKHiycX','2021-10-29 00:00:00',249),('StevenHaley16@yahoo.com','WxyTZnSCRe','www.image.com/XvYYSMhmQa','2021-03-26 00:00:00',443),('StevenHatfield45@hotmail.com','swNOvhYWMr','www.image.com/AUwHlugiTW','2019-04-11 00:00:00',154),('StevenHerman49@gmail.com','NztbZzOxqG','www.image.com/CjBBGtMeoA','2019-10-04 00:00:00',334),('SullivanBlackburn14@yahoo.com','fcJMdtbwHH','www.image.com/vIdatICffY','2020-02-16 00:00:00',456),('SullivanCallahan29@gmail.com','vvKTUBoftF','www.image.com/tnTnMAjqld','2019-04-09 00:00:00',37),('SullivanDeleon8@gmail.com','LTfeNUYlvB','www.image.com/JXDpxqKaWn','2021-12-22 00:00:00',121),('SullivanDunn30@hotmail.com','ZGYeMNJJMF','www.image.com/KUZmEDMjFE','2019-07-10 00:00:00',98),('SullivanGarza39@gmail.com','xaFIplbEiU','www.image.com/zGwenzocmn','2019-09-05 00:00:00',66),('SullivanGilliam48@yahoo.com','FOoxLxFIgA','www.image.com/HWZKBOMGZQ','2019-04-03 00:00:00',204),('SullivanGriffin42@yahoo.com','lLWxNQGVgT','www.image.com/YRljnwtWXm','2020-10-28 00:00:00',8),('SullivanHampton70@hotmail.com','OMEXBIdskG','www.image.com/slFPWpSndV','2019-10-02 00:00:00',150),('SultanAlford69@yahoo.com','ulfSgICXcu','www.image.com/OPkgBzZJtf','2020-08-09 00:00:00',439),('SultanAlston21@yahoo.com','xnRRWlcPrN','www.image.com/cRkcmXKqZo','2021-12-28 00:00:00',136),('SultanArnold18@hotmail.com','dedNrEdigM','www.image.com/SaVWJDRwei','2021-02-15 00:00:00',304),('SultanBonner94@hotmail.com','tYJztfySJg','www.image.com/QvNjetUJPF','2021-01-29 00:00:00',79),('SultanChavez57@yahoo.com','nyHOuPpVqH','www.image.com/auyiaqZUdJ','2019-07-11 00:00:00',175),('SultanConway13@yahoo.com','LegUWSbwLW','www.image.com/HRqFmyWJJw','2021-01-23 00:00:00',321),('SultanCraft72@hotmail.com','INkqBltvkD','www.image.com/sOjtvksrRO','2021-04-02 00:00:00',368),('SultanCummings30@gmail.com','sWWapQhtGN','www.image.com/EnQKPEvMsi','2020-07-05 00:00:00',36),('SultanDay61@gmail.com','snHiFcLRow','www.image.com/HcCaPbUtpI','2020-03-03 00:00:00',472),('SultanDunn46@hotmail.com','DWIKoUbmrf','www.image.com/GEnLyyHiHo','2019-02-03 00:00:00',380),('SultanFigueroa78@hotmail.com','SrjDchvWjy','www.image.com/EqBZzjfkxQ','2020-06-14 00:00:00',366),('SultanForeman30@hotmail.com','ziMOwKLzYz','www.image.com/cMAlXQckoI','2019-04-22 00:00:00',306),('SultanFranks15@gmail.com','YDSBCrZtQu','www.image.com/xILFcOTpZA','2019-11-07 00:00:00',210),('SultanGuzman62@hotmail.com','nCImdVinAG','www.image.com/YwjtBcjobc','2021-10-26 00:00:00',411),('SultanHerman91@hotmail.com','whAUXSzXce','www.image.com/sykCShrQyk','2020-02-11 00:00:00',164),('SultanHill72@gmail.com','WEVKjXewIM','www.image.com/dqGffUgDPi','2021-07-08 00:00:00',202),('TammamCallahan35@yahoo.com','oCfhvlGAXw','www.image.com/jFlpdxCRuy','2021-06-01 00:00:00',111),('TammamCantu67@yahoo.com','RtjizBSXMW','www.image.com/glzdZgDucD','2021-01-15 00:00:00',369),('TammamCollier49@hotmail.com','AcAwJjZfJF','www.image.com/ZMtWPnYFpx','2021-11-26 00:00:00',416),('TammamCollier54@gmail.com','NBQQiaJYDX','www.image.com/YTOnyosSrZ','2019-02-03 00:00:00',461),('TammamEnglish18@yahoo.com','QBPdYgLIql','www.image.com/FcuYkSqKpc','2019-05-22 00:00:00',223),('TammamHampton0@hotmail.com','xXZwKfWgSO','www.image.com/zxJIIYgBHA','2020-03-18 00:00:00',89),('TammamHester49@gmail.com','DJraiNMRFh','www.image.com/QxwiZTWsnq','2021-08-19 00:00:00',51),('TieranAlford44@yahoo.com','fnmypORAZD','www.image.com/EfVcfUQvUp','2020-02-11 00:00:00',301),('TieranArnold57@gmail.com','qfEUbUFmIH','www.image.com/fhZvJuZAhH','2020-01-12 00:00:00',455),('TieranAvila9@gmail.com','ddoxNtdNen','www.image.com/aGkLWCCSjU','2020-08-12 00:00:00',117),('TieranDickerson25@yahoo.com','ingVdXvalQ','www.image.com/PgmxgVXJWQ','2021-04-19 00:00:00',339),('TitusFigueroa74@hotmail.com','BmLFzlKTJr','www.image.com/DWepNRcXun','2019-07-08 00:00:00',363),('TitusHester52@gmail.com','yRAmhnTtfr','www.image.com/naiAlHjUkx','2020-02-25 00:00:00',373),('TiylarAlford92@hotmail.com','abHyvzaJVT','www.image.com/bmVnuQdyIu','2019-03-27 00:00:00',112),('TiylarBonner68@gmail.com','FYBfQMLpOp','www.image.com/SiiYWHTWTq','2019-11-22 00:00:00',486),('TiylarCantu81@hotmail.com','RToRROHhJz','www.image.com/fByyxqQyhf','2021-01-27 00:00:00',415),('TiylarCrane27@gmail.com','lWqEanmEfB','www.image.com/OemjTVizRI','2019-10-17 00:00:00',218),('TiylarCummings77@hotmail.com','UzmTnAlxAJ','www.image.com/DnowSdRhwS','2019-08-10 00:00:00',441),('TiylarDominguez3@hotmail.com','oWemesJkfc','www.image.com/RdkeBtCEbp','2019-02-08 00:00:00',421),('TiylarFleming17@hotmail.com','QSUfEbUTCL','www.image.com/xhrkWSqQcA','2019-04-19 00:00:00',10),('TiylarFleming29@gmail.com','hJFJGvcZqa','www.image.com/OOiSrriqmk','2019-09-18 00:00:00',375),('TiylarGarza80@hotmail.com','tVwczkpYNe','www.image.com/pWRfGTajPF','2019-03-03 00:00:00',401),('TiylarHaley80@hotmail.com','gZPfgZQHvC','www.image.com/TxsXiencAW','2020-11-07 00:00:00',208),('TiylarHays43@hotmail.com','MhKQIoscQI','www.image.com/AIKzBgOMxN','2020-05-01 00:00:00',420),('TiylarHerman6@gmail.com','EGSFRSivPj','www.image.com/mDmlkIxoWd','2020-05-18 00:00:00',431),('TiylarHester84@yahoo.com','lAhLkTnjcI','www.image.com/pXtaskYlJD','2021-11-19 00:00:00',29),('TiylarHester99@gmail.com','uIASVIhveE','www.image.com/XtfQNVNQoP','2020-01-19 00:00:00',108),('TommyChavez83@yahoo.com','vwutLRAipS','www.image.com/kzZAtChxMX','2020-12-18 00:00:00',64),('TommyCollier38@hotmail.com','hbnJgLEvfz','www.image.com/pCywyorZqI','2021-06-07 00:00:00',110),('TommyCooke91@gmail.com','KgQLmLSNyw','www.image.com/uUtOgEzaZe','2019-04-12 00:00:00',160),('TommyDunn60@hotmail.com','XAPMxbuLFp','www.image.com/uedRtJTRtT','2020-07-05 00:00:00',232),('TommyEllison85@gmail.com','hOiIsrLYsV','www.image.com/vhgzSkqtfU','2019-03-21 00:00:00',127),('TommyEnglish62@gmail.com','vBfChxtfip','www.image.com/GModbvivgZ','2020-12-02 00:00:00',231),('TommyGarza95@gmail.com','LCSQxysIEP','www.image.com/pKuGEQWpqB','2021-09-29 00:00:00',292),('TommyGood43@hotmail.com','QPVKIsWbrQ','www.image.com/LlxGTphAsm','2019-06-07 00:00:00',22),('TommyGray70@gmail.com','ebCLxtRyLy','www.image.com/zuUoNmNVPZ','2019-01-25 00:00:00',317),('WilsonBlackburn58@yahoo.com','anyBXTlgdh','www.image.com/MVYmSebhzW','2021-06-17 00:00:00',245),('WilsonBonner55@gmail.com','UKDKTNQlwc','www.image.com/OufBhTKbVx','2019-02-15 00:00:00',254),('WilsonCantu51@gmail.com','JRnIvgrRlp','www.image.com/kiHfforcsO','2020-07-21 00:00:00',365),('WilsonCooley19@yahoo.com','AjGSSjfhLB','www.image.com/eIbGjocQlm','2021-05-26 00:00:00',163),('WilsonDay13@gmail.com','rtWoZcmHcC','www.image.com/XybEHbAhAo','2019-06-22 00:00:00',32),('WilsonDickerson24@gmail.com','PoDPPexCdN','www.image.com/aZfiYvxXiE','2019-01-10 00:00:00',86),('WilsonGilliam38@hotmail.com','lNVHrhsjDR','www.image.com/agjINfegqs','2019-05-09 00:00:00',342),('ZendelBonner1@hotmail.com','LZafbAkxZt','www.image.com/ewAiDuyRCl','2021-03-22 00:00:00',49),('ZendelChavez19@hotmail.com','WmjnayGFVl','www.image.com/JbxNmwBVIc','2020-08-09 00:00:00',118),('ZendelClay87@hotmail.com','RycZCXezhD','www.image.com/UOMJSdUSZu','2019-03-04 00:00:00',347),('ZendelDominguez28@gmail.com','bqMhDFJMJO','www.image.com/nRjGqOXzWp','2021-05-26 00:00:00',471),('ZendelFleming53@gmail.com','OTEncnTmKX','www.image.com/jxWZTDQLEZ','2019-09-16 00:00:00',187),('ZendelFranks68@yahoo.com','ssREmLwvui','www.image.com/MQhtmJmHPs','2021-03-04 00:00:00',388),('ZendelHatfield82@gmail.com','BEkfgQnlog','www.image.com/ZiIMZfMWEP','2021-05-20 00:00:00',445);
/*!40000 ALTER TABLE `customer_account` ENABLE KEYS */;
UNLOCK TABLES;

--
-- Table structure for table `customer_info`
--

DROP TABLE IF EXISTS `customer_info`;
/*!40101 SET @saved_cs_client     = @@character_set_client */;
/*!50503 SET character_set_client = utf8mb4 */;
CREATE TABLE `customer_info` (
  `customer_id` int NOT NULL AUTO_INCREMENT,
  `first_name` varchar(64) NOT NULL,
  `last_name` varchar(64) NOT NULL,
  `medical_conditions` varchar(128) DEFAULT NULL,
  `id_proof` varchar(128) NOT NULL,
  `email` varchar(128) NOT NULL,
  `date_of_birth` date NOT NULL,
  `primary_phone` varchar(16) NOT NULL,
  `alternate_phone` varchar(16) DEFAULT NULL,
  `country` varchar(128) NOT NULL,
  `state` varchar(128) NOT NULL,
  `district` varchar(128) DEFAULT NULL,
  `city` varchar(128) DEFAULT NULL,
  `fine_address` varchar(256) NOT NULL,
  `blood_group` varchar(4) NOT NULL,
  `gender` varchar(32) DEFAULT NULL,
  PRIMARY KEY (`customer_id`),
  UNIQUE KEY `email` (`email`)
) ENGINE=InnoDB AUTO_INCREMENT=501 DEFAULT CHARSET=utf8mb4 COLLATE=utf8mb4_0900_ai_ci;
/*!40101 SET character_set_client = @saved_cs_client */;

--
-- Dumping data for table `customer_info`
--

LOCK TABLES `customer_info` WRITE;
/*!40000 ALTER TABLE `customer_info` DISABLE KEYS */;
INSERT INTO `customer_info` VALUES (1,'Rio','Haley','  ','www.identity-proof.com/tWILoeIlDn','RioHaley55@yahoo.com','1956-02-01','5735857525','3528475164','India','Meghalaya','Meghalaya','Meghalaya','House number 337 Andhra Pradesh','B-','female'),(2,'Marius','Franks','  ','www.identity-proof.com/bikdgwvtZA','MariusFranks27@gmail.com','1954-01-07','2259375935','8566197888','India','Telangana','Telangana','Telangana','House number 790 Assam','B+','female'),(3,'Herbert','Hampton','asthma','www.identity-proof.com/lGtEcHjfrE','HerbertHampton53@hotmail.com','1999-01-07','3695611798','3647855866','India','Jammu and Kashmir','Jammu and Kashmir','Jammu and Kashmir','House number 302 Tripura','O+','female'),(4,'McKade','Alston','diabetes','www.identity-proof.com/MtSmtmIrVS','McKadeAlston7@yahoo.com','1987-10-19','6373135878','3324965153','India','Himachal Pradesh','Himachal Pradesh','Himachal Pradesh','House number 970 Lakshadweep','O+','male'),(5,'Jordi','Cantu','  ','www.identity-proof.com/JJZFgdoZin','JordiCantu45@gmail.com','1982-06-29','8935852779','2954246515','India','Himachal Pradesh','Himachal Pradesh','Himachal Pradesh','House number 168 Manipur','AB+','female'),(6,'Norman','Crane','diabetes','www.identity-proof.com/EFJgSCWBXD','NormanCrane41@gmail.com','1980-03-28','8795585586','9883284242','India','Gujarat','Gujarat','Gujarat','House number 690 Dadra and Nagar Haveli','B-','male'),(7,'Robbi','Herman','  ','www.identity-proof.com/rdBourzubt','RobbiHerman100@yahoo.com','1992-10-20','4749294633','7892353478','India','Chhattisgarh','Chhattisgarh','Chhattisgarh','House number 696 Andhra Pradesh','A+','male'),(8,'Sullivan','Griffin','diabetes','www.identity-proof.com/RvRoGHMtkC','SullivanGriffin87@hotmail.com','1954-02-19','2746866926','9112376585','India','Himachal Pradesh','Himachal Pradesh','Himachal Pradesh','House number 168 Chandigarh','A-','female'),(9,'Eljay','Bonner','migraine','www.identity-proof.com/SCwvLgDmKZ','EljayBonner87@yahoo.com','1983-07-22','1674118921','5217597426','India','Sikkim','Sikkim','Sikkim','House number 628 Maharashtra','B+','male'),(10,'Tiylar','Fleming','  ','www.identity-proof.com/ThwUXNkPDT','TiylarFleming2@yahoo.com','1958-08-24','8981768485','8691279217','India','Chhattisgarh','Chhattisgarh','Chhattisgarh','House number 368 Odisha','A-','male'),(11,'Steven','Gray','  ','www.identity-proof.com/ErRziuUsrV','StevenGray96@yahoo.com','2001-02-04','9879139528','7783371433','India','Bihar','Bihar','Bihar','House number 196 Gujarat','A+','male'),(12,'Kaine','Dunn','asthma','www.identity-proof.com/tfeiTEYAYE','KaineDunn48@hotmail.com','1973-06-19','6649781486','2752669594','India','Telangana','Telangana','Telangana','House number 267 Rajasthan','A-','male'),(13,'Fergus','Hester','asthma','www.identity-proof.com/gCactXLgxI','FergusHester77@gmail.com','1986-02-28','5247117237','3682834511','India','Tamil Nadu','Tamil Nadu','Tamil Nadu','House number 726 Jharkhand','O-','female'),(14,'Jon','Alston','  ','www.identity-proof.com/dFvowOQJeJ','JonAlston57@hotmail.com','1994-07-17','3738997896','9682747861','India','Daman and Diu','Daman and Diu','Daman and Diu','House number 489 Chandigarh','B-','female'),(15,'Fergus','Deleon','diabetes','www.identity-proof.com/YCTOvOTWbD','FergusDeleon15@gmail.com','1986-06-27','2438393771','3459343437','India','Puducherry','Puducherry','Puducherry','House number 832 Himachal Pradesh','O+','female'),(16,'Kaine','Arnold','asthma','www.identity-proof.com/sbyvHAsCfM','KaineArnold20@yahoo.com','1960-05-17','3165614737','4516789955','India','Odisha','Odisha','Odisha','House number 105 Puducherry','O+','female'),(17,'Deecan','Foreman','  ','www.identity-proof.com/QBJXYWToid','DeecanForeman65@yahoo.com','1957-05-22','6517674584','4328437777','India','West Bengal','West Bengal','West Bengal','House number 960 Puducherry','AB+','male'),(18,'Calan','Guzman','diabetes','www.identity-proof.com/rvAbjKUGTI','CalanGuzman33@hotmail.com','1972-01-22','5891698343','1658875546','India','Delhi','Delhi','Delhi','House number 79 Karnataka','A-','male'),(19,'Munachi','Hampton','asthma','www.identity-proof.com/TfgixmvYxO','MunachiHampton45@hotmail.com','1967-06-10','5114675221','2814954516','India','Nagaland','Nagaland','Nagaland','House number 514 Sikkim','AB+','male'),(20,'Steven','Dotson','asthma','www.identity-proof.com/TusJKHeGrx','StevenDotson11@hotmail.com','1989-01-17','2621424468','2767495196','India','Manipur','Manipur','Manipur','House number 589 Dadra and Nagar Haveli','B+','female'),(21,'Orrick','Delacruz','  ','www.identity-proof.com/nAikXiIcpz','OrrickDelacruz94@hotmail.com','1987-02-22','6836594845','5369864988','India','Haryana','Haryana','Haryana','House number 182 Lakshadweep','B-','male'),(22,'Tommy','Good','diabetes','www.identity-proof.com/gMqIybXjik','TommyGood37@hotmail.com','1959-04-04','7879555318','9583188377','India','Puducherry','Puducherry','Puducherry','House number 256 Manipur','O-','male'),(23,'Orrick','Guzman','  ','www.identity-proof.com/oklIaZPzdN','OrrickGuzman93@gmail.com','2009-09-06','4651628356','3978155825','India','Haryana','Haryana','Haryana','House number 338 Goa','A+','male'),(24,'Nicky','Clay','  ','www.identity-proof.com/NFbgWjnGbT','NickyClay17@yahoo.com','2008-04-10','9585426963','4755888792','India','West Bengal','West Bengal','West Bengal','House number 577 Chhattisgarh','A+','male'),(25,'Johnpaul','Hester','diabetes','www.identity-proof.com/rlhLGyXgkV','JohnpaulHester36@yahoo.com','1975-03-04','5726564738','4776599636','India','Jammu and Kashmir','Jammu and Kashmir','Jammu and Kashmir','House number 870 Odisha','O-','female'),(26,'Shreeram','Bonner','  ','www.identity-proof.com/YhvWZmBSYp','ShreeramBonner24@yahoo.com','1954-02-20','8459368327','4553649328','India','Chandigarh','Chandigarh','Chandigarh','House number 691 Kerala','B+','male'),(27,'Harvey','Franks','diabetes','www.identity-proof.com/dBUxGePYLN','HarveyFranks52@hotmail.com','1976-09-10','7616311683','6787633741','India','Delhi','Delhi','Delhi','House number 534 Maharashtra','AB+','female'),(28,'Steven','Figueroa','asthma','www.identity-proof.com/TZKmgjuxLN','StevenFigueroa79@gmail.com','1978-09-21','3998175315','2683637765','India','Delhi','Delhi','Delhi','House number 111 Dadra and Nagar Haveli','A-','female'),(29,'Tiylar','Hester','  ','www.identity-proof.com/REAxAsBEVE','TiylarHester40@hotmail.com','1962-03-13','2517549565','7254618292','India','Dadra and Nagar Haveli','Dadra and Nagar Haveli','Dadra and Nagar Haveli','House number 179 Uttar Pradesh','O-','male'),(30,'Danyal','Blair','  ','www.identity-proof.com/tNilBMAEVP','DanyalBlair86@hotmail.com','2009-09-15','6684227683','1344119329','India','Uttar Pradesh','Uttar Pradesh','Uttar Pradesh','House number 104 Tripura','B-','female'),(31,'Munro','Gillespie','diabetes','www.identity-proof.com/iHRdPIwHFN','MunroGillespie70@hotmail.com','1985-02-20','1715612135','6892892927','India','Nagaland','Nagaland','Nagaland','House number 308 Jharkhand','O+','female'),(32,'Wilson','Day','diabetes','www.identity-proof.com/vDuhNeJyMz','WilsonDay68@gmail.com','1981-04-18','4994733475','8191129733','India','Nagaland','Nagaland','Nagaland','House number 351 Chhattisgarh','B-','female'),(33,'Robby','Gillespie','  ','www.identity-proof.com/hGxdkNJvOA','RobbyGillespie4@hotmail.com','1978-02-02','7115453763','5837139425','India','Goa','Goa','Goa','House number 698 Goa','B-','male'),(34,'Johnpaul','Dodson','  ','www.identity-proof.com/KskxMTyuuT','JohnpaulDodson82@hotmail.com','1972-10-29','8137314496','5969195649','India','Delhi','Delhi','Delhi','House number 147 Tripura','A+','female'),(35,'Robbi','Gilliam','  ','www.identity-proof.com/PQipsuJVcO','RobbiGilliam54@gmail.com','2001-11-05','2438431788','3247591275','India','Chandigarh','Chandigarh','Chandigarh','House number 346 Telangana','B-','female'),(36,'Sultan','Cummings','migraine','www.identity-proof.com/OtFaDuvSkH','SultanCummings74@gmail.com','1993-07-23','1662353357','8651969789','India','Arunachal Pradesh','Arunachal Pradesh','Arunachal Pradesh','House number 690 Uttarakhand','O-','female'),(37,'Sullivan','Callahan','  ','www.identity-proof.com/uQeuFUUOgJ','SullivanCallahan66@hotmail.com','1998-09-26','1332775127','7686945811','India','Andaman and Nicobar Islands','Andaman and Nicobar Islands','Andaman and Nicobar Islands','House number 124 Rajasthan','A+','female'),(38,'Kaine','Dale','asthma','www.identity-proof.com/pZWSxhHyaL','KaineDale94@gmail.com','1957-03-28','4271928224','6653513118','India','Sikkim','Sikkim','Sikkim','House number 367 Telangana','A+','male'),(39,'Orrick','Duran','asthma','www.identity-proof.com/OPIxCQXsEV','OrrickDuran11@hotmail.com','1989-03-06','8445898197','1147248663','India','Meghalaya','Meghalaya','Meghalaya','House number 986 Telangana','O+','female'),(40,'Herbert','Cantu','  ','www.identity-proof.com/BNqlnCgFRX','HerbertCantu47@gmail.com','1951-06-12','9678313116','1818375839','India','Goa','Goa','Goa','House number 379 Andhra Pradesh','O+','male'),(41,'Rossi','Arnold','  ','www.identity-proof.com/ydfpLlgJtV','RossiArnold56@hotmail.com','2010-01-27','5636331847','2579839452','India','Jharkhand','Jharkhand','Jharkhand','House number 254 Tripura','A-','male'),(42,'Rossi','Avila','  ','www.identity-proof.com/DSPodRDNSJ','RossiAvila36@yahoo.com','1998-06-27','1294367552','5662871936','India','Bihar','Bihar','Bihar','House number 341 Madhya Pradesh','B-','male'),(43,'Jon','Cummings','asthma','www.identity-proof.com/ZuSLtifcHR','JonCummings9@gmail.com','2004-07-26','5413781498','1223944925','India','Dadra and Nagar Haveli','Dadra and Nagar Haveli','Dadra and Nagar Haveli','House number 405 Maharashtra','B-','female'),(44,'Calan','Hill','diabetes','www.identity-proof.com/zZEgYHfnbp','CalanHill18@yahoo.com','1982-05-25','5468551999','5163535369','India','Punjab','Punjab','Punjab','House number 575 Kerala','B+','male'),(45,'Daithi','Dale','  ','www.identity-proof.com/uipisGKtMW','DaithiDale6@hotmail.com','1956-07-20','3269883371','3995916493','India','Manipur','Manipur','Manipur','House number 825 Assam','AB+','female'),(46,'Lisandro','Dunn','diabetes','www.identity-proof.com/UJwSMYxgDM','LisandroDunn81@hotmail.com','1981-05-02','8553913754','5913764813','India','Odisha','Odisha','Odisha','House number 895 Telangana','A-','female'),(47,'Lovell','Dale','asthma','www.identity-proof.com/UhpnrUarKf','LovellDale4@yahoo.com','2003-05-13','7573482563','9962777863','India','Uttarakhand','Uttarakhand','Uttarakhand','House number 615 Telangana','A-','female'),(48,'McKade','Gillespie','asthma','www.identity-proof.com/DBSrfBxglp','McKadeGillespie96@hotmail.com','2007-02-25','4273184759','6231823666','India','Odisha','Odisha','Odisha','House number 277 Assam','A+','female'),(49,'Zendel','Bonner','  ','www.identity-proof.com/zvkWpSAZgV','ZendelBonner91@hotmail.com','2004-12-21','7929941548','9236413922','India','Lakshadweep','Lakshadweep','Lakshadweep','House number 434 Tripura','B+','female'),(50,'Koray','Cooke','diabetes','www.identity-proof.com/ImphyaxgiZ','KorayCooke63@yahoo.com','1987-09-17','4257737319','3236377577','India','Odisha','Odisha','Odisha','House number 385 Gujarat','A-','male'),(51,'Tammam','Hester','migraine','www.identity-proof.com/GVwhHLAVgT','TammamHester4@yahoo.com','1978-10-24','2216344135','8179327716','India','Rajasthan','Rajasthan','Rajasthan','House number 775 Tamil Nadu','A-','female'),(52,'Orrick','Cummings','  ','www.identity-proof.com/uRhTwbfLci','OrrickCummings11@yahoo.com','2000-08-16','9453435455','4321891459','India','Bihar','Bihar','Bihar','House number 352 Himachal Pradesh','AB+','female'),(53,'Meshach','Craft','  ','www.identity-proof.com/dWQWmhMNEO','MeshachCraft83@yahoo.com','1978-05-21','9414859265','2894294288','India','Chhattisgarh','Chhattisgarh','Chhattisgarh','House number 329 Bihar','O+','female'),(54,'Jameil','Hester','diabetes','www.identity-proof.com/qcbcfrbqxp','JameilHester100@yahoo.com','1959-07-11','1251784881','4796237282','India','Puducherry','Puducherry','Puducherry','House number 643 Maharashtra','O-','male'),(55,'Marius','Guzman','diabetes','www.identity-proof.com/GwJtWaxWXc','MariusGuzman19@gmail.com','2005-04-05','9689184177','3433452944','India','Tripura','Tripura','Tripura','House number 167 Uttar Pradesh','O+','female'),(56,'Kasper','Chavez','  ','www.identity-proof.com/jqHBEOuDPV','KasperChavez8@gmail.com','2001-09-02','9287174351','1765988524','India','Nagaland','Nagaland','Nagaland','House number 793 Himachal Pradesh','O-','female'),(57,'Hector','Griffin','  ','www.identity-proof.com/OLMuTOTmba','HectorGriffin54@gmail.com','2002-03-07','4167616769','5876891483','India','Dadra and Nagar Haveli','Dadra and Nagar Haveli','Dadra and Nagar Haveli','House number 364 Kerala','AB+','male'),(58,'Daithi','Fleming','diabetes','www.identity-proof.com/oKJAJuMxgm','DaithiFleming20@gmail.com','1987-06-26','2145999224','9681555516','India','Jharkhand','Jharkhand','Jharkhand','House number 500 Madhya Pradesh','O-','male'),(59,'Orrick','Franks','asthma','www.identity-proof.com/doiOvVFOJD','OrrickFranks27@yahoo.com','1958-12-13','6495173796','8358644258','India','Andhra Pradesh','Andhra Pradesh','Andhra Pradesh','House number 620 Punjab','AB+','female'),(60,'Steven','Dickerson','asthma','www.identity-proof.com/DnLMgagEiR','StevenDickerson96@yahoo.com','2004-06-26','1189366711','5948338662','India','Puducherry','Puducherry','Puducherry','House number 463 Goa','O-','female'),(61,'Johnpaul','Foreman','asthma','www.identity-proof.com/mpaqBnWjEG','JohnpaulForeman42@hotmail.com','1955-10-27','7677655178','1969269994','India','Chhattisgarh','Chhattisgarh','Chhattisgarh','House number 584 Haryana','A-','female'),(62,'Robbi','Dominguez','  ','www.identity-proof.com/ulAHEjkvxf','RobbiDominguez89@hotmail.com','1991-02-25','9536588677','2463952384','India','Delhi','Delhi','Delhi','House number 94 Lakshadweep','O+','female'),(63,'Kasper','Crane','asthma','www.identity-proof.com/BhoLUTLDKt','KasperCrane37@hotmail.com','2009-02-21','1124729691','6647499296','India','Jammu and Kashmir','Jammu and Kashmir','Jammu and Kashmir','House number 284 Lakshadweep','AB+','female'),(64,'Tommy','Chavez','asthma','www.identity-proof.com/DeJaLMXtdC','TommyChavez81@yahoo.com','1990-11-03','6362681959','4219397498','India','Chhattisgarh','Chhattisgarh','Chhattisgarh','House number 498 Maharashtra','A-','female'),(65,'Robbi','Hampton','asthma','www.identity-proof.com/DJXuTXShmz','RobbiHampton16@hotmail.com','1993-03-16','3349925483','4427438873','India','Madhya Pradesh','Madhya Pradesh','Madhya Pradesh','House number 872 Haryana','B+','male'),(66,'Sullivan','Garza','migraine','www.identity-proof.com/OykjBVbLSU','SullivanGarza90@yahoo.com','1999-01-06','1119187599','2257352279','India','West Bengal','West Bengal','West Bengal','House number 361 Punjab','A+','male'),(67,'Lovell','Haley','  ','www.identity-proof.com/GPDNdGsoJH','LovellHaley41@hotmail.com','2004-04-27','7581891565','2289384269','India','Telangana','Telangana','Telangana','House number 636 Manipur','A-','female'),(68,'Alex','Glass','asthma','www.identity-proof.com/sqnvRPbcFj','AlexGlass36@hotmail.com','1984-12-16','8779268766','4799575982','India','Gujarat','Gujarat','Gujarat','House number 498 Telangana','O-','male'),(69,'Jameil','Herman','  ','www.identity-proof.com/hgzggCfDqS','JameilHerman33@yahoo.com','2000-05-02','6791344798','6229742329','India','Goa','Goa','Goa','House number 945 Lakshadweep','O+','male'),(70,'Meshach','Fleming','  ','www.identity-proof.com/PsiLwIuciy','MeshachFleming13@gmail.com','2007-07-24','9951912954','6421915735','India','Uttar Pradesh','Uttar Pradesh','Uttar Pradesh','House number 750 Jharkhand','A-','female'),(71,'Shreeram','Deleon','diabetes','www.identity-proof.com/QkmmOfnwxn','ShreeramDeleon99@yahoo.com','1998-04-04','3885764115','7685457256','India','Puducherry','Puducherry','Puducherry','House number 771 Uttar Pradesh','A-','female'),(72,'Harvey','Hays','  ','www.identity-proof.com/RKzfGMjFSJ','HarveyHays5@hotmail.com','1970-04-01','8152192748','1295798748','India','Chandigarh','Chandigarh','Chandigarh','House number 155 Jammu and Kashmir','A-','male'),(73,'Lovell','Ellison','diabetes','www.identity-proof.com/OIijiqLnqU','LovellEllison37@hotmail.com','1997-05-15','1425152318','7562526595','India','West Bengal','West Bengal','West Bengal','House number 117 West Bengal','AB+','female'),(74,'Kaine','Craft','asthma','www.identity-proof.com/JCvFKhAXdj','KaineCraft0@hotmail.com','1986-08-19','7319386499','4545269735','India','Himachal Pradesh','Himachal Pradesh','Himachal Pradesh','House number 242 Bihar','A+','male'),(75,'Keigan','Dale','diabetes','www.identity-proof.com/LCNGEhaSpt','KeiganDale49@gmail.com','2001-07-28','6433361849','1237999499','India','Rajasthan','Rajasthan','Rajasthan','House number 481 Chhattisgarh','A+','male'),(76,'Herbert','Garza','diabetes','www.identity-proof.com/uZQBwZmfNn','HerbertGarza86@hotmail.com','1959-04-22','7991642545','3663687399','India','Maharashtra','Maharashtra','Maharashtra','House number 791 Dadra and Nagar Haveli','B-','male'),(77,'Keigan','Blair','  ','www.identity-proof.com/zNWScrmlrh','KeiganBlair24@hotmail.com','1964-12-27','1181546789','9216596139','India','Jharkhand','Jharkhand','Jharkhand','House number 424 Andhra Pradesh','B-','male'),(78,'Munachi','Hampton','diabetes','www.identity-proof.com/EuriuKqtvZ','MunachiHampton49@yahoo.com','1978-12-25','6851546761','3522175711','India','Karnataka','Karnataka','Karnataka','House number 175 Delhi','A+','male'),(79,'Sultan','Bonner','  ','www.identity-proof.com/ouSnNMYeNx','SultanBonner80@yahoo.com','2004-11-28','1241941884','4337531472','India','Maharashtra','Maharashtra','Maharashtra','House number 912 Puducherry','O-','female'),(80,'Jameil','Hays','  ','www.identity-proof.com/GwyxxwkuKm','JameilHays0@yahoo.com','2007-12-10','8641848831','3459684293','India','Mizoram','Mizoram','Mizoram','House number 368 Himachal Pradesh','AB+','male'),(81,'Ramsey','Bonner','  ','www.identity-proof.com/zjKbqMuBuP','RamseyBonner37@gmail.com','1977-04-17','2929954625','4236585879','India','Tripura','Tripura','Tripura','House number 341 Dadra and Nagar Haveli','B+','female'),(82,'Munachi','Gillespie','  ','www.identity-proof.com/YKSfVrFnNa','MunachiGillespie60@yahoo.com','1966-02-16','2999536775','6245652598','India','Daman and Diu','Daman and Diu','Daman and Diu','House number 737 Gujarat','B+','female'),(83,'Jon','Day','  ','www.identity-proof.com/foUbYKhwom','JonDay67@hotmail.com','1963-08-10','1624584565','7934296859','India','Madhya Pradesh','Madhya Pradesh','Madhya Pradesh','House number 434 Kerala','B+','male'),(84,'Eljay','Hester','migraine','www.identity-proof.com/GiMDgvyuOb','EljayHester47@hotmail.com','1998-02-02','8817588726','1258947411','India','Madhya Pradesh','Madhya Pradesh','Madhya Pradesh','House number 985 Puducherry','O+','male'),(85,'Robbi','Dickerson','  ','www.identity-proof.com/ROBbSElITY','RobbiDickerson88@hotmail.com','1982-08-11','3246577961','2931561212','India','Uttar Pradesh','Uttar Pradesh','Uttar Pradesh','House number 147 Gujarat','O-','female'),(86,'Wilson','Dickerson','  ','www.identity-proof.com/YxQYFPYLVS','WilsonDickerson33@gmail.com','1995-10-22','4175887992','9578813548','India','Uttarakhand','Uttarakhand','Uttarakhand','House number 185 Madhya Pradesh','A+','female'),(87,'Koray','Craft','diabetes','www.identity-proof.com/ElJfQLGEmY','KorayCraft93@hotmail.com','1976-12-04','6635859812','7997627492','India','Andhra Pradesh','Andhra Pradesh','Andhra Pradesh','House number 640 Nagaland','A+','male'),(88,'Calan','Gilliam','asthma','www.identity-proof.com/iNAUGDsITY','CalanGilliam96@yahoo.com','1991-01-09','6884527744','4525214917','India','Nagaland','Nagaland','Nagaland','House number 61 Chhattisgarh','A+','female'),(89,'Tammam','Hampton','  ','www.identity-proof.com/bZKwfsJoWr','TammamHampton39@yahoo.com','1967-02-15','4763946852','9735682571','India','Maharashtra','Maharashtra','Maharashtra','House number 852 Lakshadweep','O-','male'),(90,'Alex','Dotson','  ','www.identity-proof.com/mCwQbiXfUF','AlexDotson47@yahoo.com','1962-11-15','2978262174','1721144886','India','Uttar Pradesh','Uttar Pradesh','Uttar Pradesh','House number 347 Andhra Pradesh','A+','female'),(91,'Jameil','Good','  ','www.identity-proof.com/JtwjrTjGaj','JameilGood83@gmail.com','2005-10-15','6271928846','4935648813','India','Arunachal Pradesh','Arunachal Pradesh','Arunachal Pradesh','House number 987 Maharashtra','B+','male'),(92,'Herbert','Dodson','  ','www.identity-proof.com/KJciFFwMqP','HerbertDodson77@yahoo.com','2000-04-28','2715877384','1282465338','India','Haryana','Haryana','Haryana','House number 953 Punjab','A-','male'),(93,'Jordi','Avila','  ','www.identity-proof.com/RnPGWAllAc','JordiAvila48@gmail.com','1958-02-14','2362571654','3233259814','India','Rajasthan','Rajasthan','Rajasthan','House number 18 Tripura','B+','female'),(94,'Rio','Figueroa','  ','www.identity-proof.com/ItDTnRXybi','RioFigueroa94@hotmail.com','1956-10-27','1912584462','3262534291','India','Maharashtra','Maharashtra','Maharashtra','House number 230 Lakshadweep','A+','female'),(95,'Daithi','Hill','diabetes','www.identity-proof.com/YxUBKFkIDU','DaithiHill28@hotmail.com','2005-12-14','8783498881','3369912948','India','Manipur','Manipur','Manipur','House number 273 Daman and Diu','O-','male'),(96,'Lisandro','Hampton','migraine','www.identity-proof.com/hxLWCKvhiA','LisandroHampton17@gmail.com','1980-01-12','9214262275','7745762147','India','Mizoram','Mizoram','Mizoram','House number 16 Dadra and Nagar Haveli','B-','male'),(97,'Jon','Dominguez','  ','www.identity-proof.com/pXJZsyXofE','JonDominguez15@hotmail.com','1972-10-12','3371552919','4268356266','India','Nagaland','Nagaland','Nagaland','House number 931 Nagaland','AB+','female'),(98,'Sullivan','Dunn','  ','www.identity-proof.com/gXUmhiHgIO','SullivanDunn0@yahoo.com','1970-06-14','3735667954','2759738774','India','Tamil Nadu','Tamil Nadu','Tamil Nadu','House number 583 Chhattisgarh','B+','male'),(99,'Rhuaridh','Figueroa','  ','www.identity-proof.com/BkEDTqzjAB','RhuaridhFigueroa91@yahoo.com','1986-07-01','4768341713','8368726561','India','Chhattisgarh','Chhattisgarh','Chhattisgarh','House number 604 Telangana','O+','female'),(100,'Kaine','Callahan','  ','www.identity-proof.com/SCsZtcaQaz','KaineCallahan90@yahoo.com','2006-09-07','2493615163','3554944521','India','Bihar','Bihar','Bihar','House number 290 Mizoram','O-','female'),(101,'Lovell','Collier','diabetes','www.identity-proof.com/NyJjQIQdJt','LovellCollier84@hotmail.com','1965-02-12','4137187152','5558423377','India','Assam','Assam','Assam','House number 343 Maharashtra','O+','female'),(102,'Jon','Dodson','  ','www.identity-proof.com/aNunkfdpEh','JonDodson2@gmail.com','1995-03-12','7727983218','1141194918','India','Tamil Nadu','Tamil Nadu','Tamil Nadu','House number 61 Tripura','O-','female'),(103,'Famara','Figueroa','diabetes','www.identity-proof.com/BDZxiAwyJu','FamaraFigueroa93@yahoo.com','1985-01-05','5815751123','5783765541','India','Mizoram','Mizoram','Mizoram','House number 109 Arunachal Pradesh','B+','female'),(104,'Calan','Duran','  ','www.identity-proof.com/fALYKgmlVa','CalanDuran98@gmail.com','1961-07-29','4253522719','4972472368','India','Manipur','Manipur','Manipur','House number 717 Chhattisgarh','AB+','male'),(105,'Rhuaridh','Cruz','  ','www.identity-proof.com/DUCWedBDTn','RhuaridhCruz45@yahoo.com','1958-02-18','6755679556','1714671247','India','Lakshadweep','Lakshadweep','Lakshadweep','House number 919 Meghalaya','O+','male'),(106,'Kasper','Gray','  ','www.identity-proof.com/zZKdbRtTMm','KasperGray16@yahoo.com','1959-03-25','6942788784','6924848475','India','Daman and Diu','Daman and Diu','Daman and Diu','House number 646 Daman and Diu','O+','female'),(107,'Alex','Cooley','diabetes','www.identity-proof.com/GJuAyDUoTU','AlexCooley41@yahoo.com','1975-03-02','1847721366','7721979896','India','Chhattisgarh','Chhattisgarh','Chhattisgarh','House number 516 Uttarakhand','AB+','male'),(108,'Tiylar','Hester','  ','www.identity-proof.com/LAtXiBcuui','TiylarHester24@hotmail.com','1982-01-24','4669823984','3849551422','India','Meghalaya','Meghalaya','Meghalaya','House number 646 Karnataka','A+','male'),(109,'Danyal','Crane','diabetes','www.identity-proof.com/ssCMPSVnkZ','DanyalCrane32@gmail.com','1966-05-23','6669925787','8369584738','India','Mizoram','Mizoram','Mizoram','House number 355 Kerala','A+','male'),(110,'Tommy','Collier','vertigo','www.identity-proof.com/snFuoUBrBG','TommyCollier94@gmail.com','1959-01-24','5316513428','5916311519','India','Nagaland','Nagaland','Nagaland','House number 467 Madhya Pradesh','O+','female'),(111,'Tammam','Callahan','  ','www.identity-proof.com/xOarnyzgxI','TammamCallahan62@gmail.com','1983-12-26','9754295635','9188494737','India','Gujarat','Gujarat','Gujarat','House number 653 Maharashtra','A+','female'),(112,'Tiylar','Alford','diabetes','www.identity-proof.com/czDfeZcrzH','TiylarAlford91@hotmail.com','1988-08-28','8354593394','3366526458','India','Assam','Assam','Assam','House number 829 Sikkim','O-','female'),(113,'Eljay','Cantu','  ','www.identity-proof.com/dsYkJipCCr','EljayCantu85@gmail.com','1997-07-09','1186623478','8515348545','India','Puducherry','Puducherry','Puducherry','House number 275 Andaman and Nicobar Islands','O-','female'),(114,'Norman','Blair','  ','www.identity-proof.com/YJbFZvfbwi','NormanBlair52@yahoo.com','1993-03-02','8663383231','6469451228','India','Sikkim','Sikkim','Sikkim','House number 707 Dadra and Nagar Haveli','B+','female'),(115,'Kasper','Glass','  ','www.identity-proof.com/CQiJOmexss','KasperGlass12@hotmail.com','1978-05-07','6321152263','9834669375','India','Bihar','Bihar','Bihar','House number 790 Karnataka','B+','male'),(116,'Ramsey','Cooley','  ','www.identity-proof.com/vltylyObVl','RamseyCooley20@hotmail.com','1959-10-26','7457651931','3663874576','India','Punjab','Punjab','Punjab','House number 364 Jharkhand','AB+','male'),(117,'Tieran','Avila','diabetes','www.identity-proof.com/BAlxjqGFjg','TieranAvila43@yahoo.com','1973-05-10','1116829193','5314879787','India','Himachal Pradesh','Himachal Pradesh','Himachal Pradesh','House number 474 Tamil Nadu','B-','male'),(118,'Zendel','Chavez','  ','www.identity-proof.com/veTXDGjuly','ZendelChavez98@hotmail.com','1998-11-13','5966286366','2598619947','India','Dadra and Nagar Haveli','Dadra and Nagar Haveli','Dadra and Nagar Haveli','House number 703 Andhra Pradesh','B+','female'),(119,'Calan','Figueroa','  ','www.identity-proof.com/HFowQooLFy','CalanFigueroa7@yahoo.com','1970-04-19','5476716959','3966821448','India','Bihar','Bihar','Bihar','House number 935 Uttar Pradesh','B+','female'),(120,'Shreeram','Bonner','  ','www.identity-proof.com/uAZBjEISAF','ShreeramBonner6@hotmail.com','1982-06-05','3248472421','6611795197','India','Himachal Pradesh','Himachal Pradesh','Himachal Pradesh','House number 901 Dadra and Nagar Haveli','O-','female'),(121,'Sullivan','Deleon','  ','www.identity-proof.com/xnGcBvnFAL','SullivanDeleon12@hotmail.com','1971-12-24','4822569855','7323559965','India','Delhi','Delhi','Delhi','House number 53 Chhattisgarh','B-','male'),(122,'Johnpaul','Bonner','  ','www.identity-proof.com/ROmQguZLrg','JohnpaulBonner65@hotmail.com','1979-08-27','5689731918','9244777741','India','Mizoram','Mizoram','Mizoram','House number 305 Assam','A-','female'),(123,'Keigan','Day','diabetes','www.identity-proof.com/VnAxNbglzt','KeiganDay70@yahoo.com','1981-07-05','5346572281','4423538888','India','Andhra Pradesh','Andhra Pradesh','Andhra Pradesh','House number 979 Karnataka','A+','male'),(124,'Jon','Crane','diabetes','www.identity-proof.com/tlDkBNyZsO','JonCrane47@gmail.com','1992-01-05','9985386797','7832691331','India','Gujarat','Gujarat','Gujarat','House number 532 Odisha','A-','male'),(125,'Jameil','Clay','  ','www.identity-proof.com/mMMSzCVBAa','JameilClay99@hotmail.com','1998-01-25','6239484733','6289238499','India','Arunachal Pradesh','Arunachal Pradesh','Arunachal Pradesh','House number 655 Jharkhand','O+','male'),(126,'Alex','Fleming','migraine','www.identity-proof.com/ZAHIEoNWrb','AlexFleming75@gmail.com','1993-04-19','5952912266','1551785573','India','Lakshadweep','Lakshadweep','Lakshadweep','House number 641 Mizoram','B-','male'),(127,'Tommy','Ellison','asthma','www.identity-proof.com/lipcXUhsig','TommyEllison29@hotmail.com','1957-09-11','5412824972','2959593346','India','Tamil Nadu','Tamil Nadu','Tamil Nadu','House number 58 Goa','AB+','male'),(128,'Jordi','Cummings','asthma','www.identity-proof.com/ZerWXmFrYR','JordiCummings84@hotmail.com','1987-07-21','4361818245','2671468962','India','Delhi','Delhi','Delhi','House number 107 Delhi','A+','male'),(129,'Munro','Garza','  ','www.identity-proof.com/EOhCoclViC','MunroGarza20@gmail.com','1984-04-11','7843554719','7553767814','India','Karnataka','Karnataka','Karnataka','House number 469 Haryana','A-','male'),(130,'Orrick','Dunn','  ','www.identity-proof.com/RNponmlToZ','OrrickDunn21@gmail.com','1962-10-26','3547581555','8748626514','India','Himachal Pradesh','Himachal Pradesh','Himachal Pradesh','House number 87 West Bengal','O+','female'),(131,'Danyal','Hampton','migraine','www.identity-proof.com/RkEwLmfTos','DanyalHampton31@hotmail.com','1989-09-03','3841559637','1281276545','India','Puducherry','Puducherry','Puducherry','House number 271 Chhattisgarh','A+','male'),(132,'Lovell','Good','migraine','www.identity-proof.com/HyFBsgXZgZ','LovellGood93@gmail.com','2001-03-06','1357748334','5628599391','India','Goa','Goa','Goa','House number 916 Madhya Pradesh','B+','male'),(133,'Munro','Crane','  ','www.identity-proof.com/OxDctVvMfH','MunroCrane99@gmail.com','2006-09-12','3346447253','3293218385','India','Gujarat','Gujarat','Gujarat','House number 408 Tripura','A+','female'),(134,'Ramsey','Cooley','  ','www.identity-proof.com/FwfjpnjyFx','RamseyCooley69@hotmail.com','2010-07-21','2154562226','8696318263','India','Tripura','Tripura','Tripura','House number 897 Arunachal Pradesh','O-','male'),(135,'Fergus','Deleon','diabetes','www.identity-proof.com/wZTXyDjTnX','FergusDeleon20@gmail.com','1965-12-01','9578645935','2336612652','India','Haryana','Haryana','Haryana','House number 740 West Bengal','A-','male'),(136,'Sultan','Alston','migraine','www.identity-proof.com/lPKIPonwkz','SultanAlston91@hotmail.com','1969-09-09','6692565871','4654487273','India','Sikkim','Sikkim','Sikkim','House number 608 Goa','A+','male'),(137,'Jon','Blair','asthma','www.identity-proof.com/UXSczquFoj','JonBlair30@gmail.com','1957-06-21','9737281256','6561882496','India','Bihar','Bihar','Bihar','House number 579 Arunachal Pradesh','A-','male'),(138,'Robbi','Duran','  ','www.identity-proof.com/YVEohlGCxq','RobbiDuran94@gmail.com','1995-12-03','4472222286','2194369462','India','Odisha','Odisha','Odisha','House number 786 West Bengal','O+','female'),(139,'Rhuaridh','Delacruz','  ','www.identity-proof.com/bSsOTRqxBt','RhuaridhDelacruz90@hotmail.com','1994-02-15','4634116111','4123148587','India','Puducherry','Puducherry','Puducherry','House number 891 Chandigarh','A+','female'),(140,'Nicky','Deleon','asthma','www.identity-proof.com/BAWuWbPsEt','NickyDeleon32@gmail.com','1975-06-28','1692172352','8779574175','India','Bihar','Bihar','Bihar','House number 385 Andaman and Nicobar Islands','AB+','male'),(141,'Nicky','Cantu','diabetes','www.identity-proof.com/ZpeeBMfcDS','NickyCantu44@yahoo.com','1964-04-21','5935294646','5194139674','India','Haryana','Haryana','Haryana','House number 87 Sikkim','A+','male'),(142,'Lovell','Cummings','diabetes','www.identity-proof.com/iQEZElePRL','LovellCummings92@gmail.com','1992-07-08','6169932511','1452259346','India','Maharashtra','Maharashtra','Maharashtra','House number 288 Mizoram','A+','female'),(143,'Rossi','Delacruz','  ','www.identity-proof.com/ovEjoUWHzv','RossiDelacruz52@yahoo.com','1951-09-02','3321764315','1442213947','India','Sikkim','Sikkim','Sikkim','House number 959 Bihar','A-','male'),(144,'Hector','Hays','  ','www.identity-proof.com/SYZAhzPiMQ','HectorHays23@hotmail.com','1990-09-19','8584498682','8577515777','India','Meghalaya','Meghalaya','Meghalaya','House number 325 Assam','A+','male'),(145,'Nicky','Gillespie','migraine','www.identity-proof.com/rathusKxoo','NickyGillespie89@yahoo.com','1961-05-16','8114492962','1939196218','India','Punjab','Punjab','Punjab','House number 867 Kerala','AB+','male'),(146,'Jordi','Dale','  ','www.identity-proof.com/jRNLSoACNR','JordiDale50@hotmail.com','1951-05-20','3143788294','9121346661','India','Chandigarh','Chandigarh','Chandigarh','House number 768 Assam','B-','male'),(147,'Kasper','Good','diabetes','www.identity-proof.com/tYDzIzEYmB','KasperGood29@yahoo.com','1992-06-16','1563489619','3213786528','India','Telangana','Telangana','Telangana','House number 549 Dadra and Nagar Haveli','B-','female'),(148,'Johnpaul','Gillespie','migraine','www.identity-proof.com/hYEOTrFRZi','JohnpaulGillespie57@hotmail.com','1951-05-02','6268988847','4114459697','India','Uttarakhand','Uttarakhand','Uttarakhand','House number 247 Tamil Nadu','B+','male'),(149,'Kasper','Foreman','diabetes','www.identity-proof.com/JUSbzugdNf','KasperForeman22@hotmail.com','1993-12-23','2386991844','3825193495','India','Haryana','Haryana','Haryana','House number 47 Chhattisgarh','A-','male'),(150,'Sullivan','Hampton','  ','www.identity-proof.com/KbIPzgHqIF','SullivanHampton82@yahoo.com','2008-03-18','4947196293','7736853668','India','Tamil Nadu','Tamil Nadu','Tamil Nadu','House number 823 Tripura','B-','female'),(151,'Robby','Dickerson','diabetes','www.identity-proof.com/ETCliMocDs','RobbyDickerson23@gmail.com','1976-06-18','8218149951','3132841127','India','Karnataka','Karnataka','Karnataka','House number 577 Rajasthan','AB+','female'),(152,'Calan','Haley','vertigo','www.identity-proof.com/WzKgJXCWhA','CalanHaley44@hotmail.com','2009-12-27','9777434814','8548654418','India','Maharashtra','Maharashtra','Maharashtra','House number 765 West Bengal','O+','female'),(153,'Kasper','Dunn','asthma','www.identity-proof.com/LgXKheopin','KasperDunn26@gmail.com','1963-10-10','5419874774','4187775192','India','Meghalaya','Meghalaya','Meghalaya','House number 405 Bihar','AB+','female'),(154,'Steven','Hatfield','migraine','www.identity-proof.com/woAADiNINp','StevenHatfield90@hotmail.com','2006-12-13','4358513431','6662943459','India','Jharkhand','Jharkhand','Jharkhand','House number 182 Andaman and Nicobar Islands','A-','female'),(155,'Fergus','Dunn','asthma','www.identity-proof.com/DVEdPtvUjK','FergusDunn74@gmail.com','1968-10-27','8333677691','1531777195','India','Andaman and Nicobar Islands','Andaman and Nicobar Islands','Andaman and Nicobar Islands','House number 64 Puducherry','B-','female'),(156,'Famara','Dale','diabetes','www.identity-proof.com/dkZbNZMniH','FamaraDale99@hotmail.com','1955-05-20','4523921524','6337351942','India','Arunachal Pradesh','Arunachal Pradesh','Arunachal Pradesh','House number 924 Andhra Pradesh','A-','female'),(157,'Shreeram','Alston','  ','www.identity-proof.com/kIHGSsgXeJ','ShreeramAlston52@yahoo.com','1953-12-09','4556944973','7716527465','India','West Bengal','West Bengal','West Bengal','House number 224 Goa','B-','female'),(158,'Johnpaul','Chavez','diabetes','www.identity-proof.com/CBxpHpBUXI','JohnpaulChavez43@yahoo.com','1982-07-26','9459128499','9345296265','India','Kerala','Kerala','Kerala','House number 451 Madhya Pradesh','O+','female'),(159,'Famara','Hays','migraine','www.identity-proof.com/qUZkHFDnGR','FamaraHays89@yahoo.com','2009-01-03','3379974725','4827855317','India','Punjab','Punjab','Punjab','House number 408 Madhya Pradesh','A-','male'),(160,'Tommy','Cooke','  ','www.identity-proof.com/XFpYUvHCMs','TommyCooke84@hotmail.com','1964-08-11','9915883874','4495819753','India','Haryana','Haryana','Haryana','House number 670 Himachal Pradesh','A+','female'),(161,'Rhuaridh','Deleon','  ','www.identity-proof.com/QVUWqmFeXR','RhuaridhDeleon44@hotmail.com','1966-01-11','1351324551','3268227185','India','Kerala','Kerala','Kerala','House number 606 Nagaland','B+','female'),(162,'Norman','Griffin','asthma','www.identity-proof.com/BjQdPNARvx','NormanGriffin41@yahoo.com','1965-12-27','7242177536','3534537587','India','Odisha','Odisha','Odisha','House number 409 Manipur','O-','male'),(163,'Wilson','Cooley','  ','www.identity-proof.com/mgBGiDRQoP','WilsonCooley73@yahoo.com','1983-01-08','4837463899','7648872926','India','Meghalaya','Meghalaya','Meghalaya','House number 653 Uttar Pradesh','B-','male'),(164,'Sultan','Herman','  ','www.identity-proof.com/vSeRWKnmWP','SultanHerman76@gmail.com','1958-06-16','9664778517','9484569543','India','Karnataka','Karnataka','Karnataka','House number 833 Assam','B-','female'),(165,'Fergus','Foreman','  ','www.identity-proof.com/OPmkJTDpYm','FergusForeman52@yahoo.com','1984-07-26','9358969375','5689677185','India','Chandigarh','Chandigarh','Chandigarh','House number 854 Madhya Pradesh','O-','male'),(166,'Eljay','Garza','  ','www.identity-proof.com/xzWmuhWNRf','EljayGarza8@hotmail.com','1971-01-22','2445564912','7286412354','India','Tamil Nadu','Tamil Nadu','Tamil Nadu','House number 199 Assam','AB+','male'),(167,'Rossi','Bonner','  ','www.identity-proof.com/HAmVuEBcPw','RossiBonner96@hotmail.com','1956-06-11','5928115682','4274555979','India','Puducherry','Puducherry','Puducherry','House number 932 Uttarakhand','O-','male'),(168,'Calan','Clay','vertigo','www.identity-proof.com/iHPoYHpInt','CalanClay18@hotmail.com','1983-08-07','1122571656','4777495631','India','West Bengal','West Bengal','West Bengal','House number 555 Karnataka','A-','female'),(169,'Orrick','Figueroa','  ','www.identity-proof.com/jiUAFLgEYQ','OrrickFigueroa20@hotmail.com','1956-04-20','9189921122','2912745516','India','Mizoram','Mizoram','Mizoram','House number 46 Mizoram','B-','female'),(170,'Orrick','Callahan','diabetes','www.identity-proof.com/wfuCyFhWxh','OrrickCallahan38@hotmail.com','1985-04-13','8112799221','7221544623','India','Gujarat','Gujarat','Gujarat','House number 625 Andhra Pradesh','O-','male'),(171,'Kasper','Gray','  ','www.identity-proof.com/VnSwgzoQtv','KasperGray59@hotmail.com','1976-06-07','9226769548','7912389671','India','Haryana','Haryana','Haryana','House number 61 Himachal Pradesh','O+','female'),(172,'Jon','Good','  ','www.identity-proof.com/CepGNveLRy','JonGood52@gmail.com','1987-10-07','3668423315','3743222828','India','Rajasthan','Rajasthan','Rajasthan','House number 303 Chhattisgarh','A+','female'),(173,'Robby','Deleon','diabetes','www.identity-proof.com/rphdPFYKTL','RobbyDeleon73@gmail.com','1994-08-02','2681771364','9284349945','India','Uttar Pradesh','Uttar Pradesh','Uttar Pradesh','House number 483 Telangana','A-','male'),(174,'Rhuaridh','Fleming','  ','www.identity-proof.com/LRGLnGQUiJ','RhuaridhFleming41@yahoo.com','1994-04-27','8994949412','8595162467','India','Haryana','Haryana','Haryana','House number 95 Daman and Diu','B-','female'),(175,'Sultan','Chavez','  ','www.identity-proof.com/EZYRVHigNr','SultanChavez87@gmail.com','1953-01-03','4364913315','5148767592','India','Madhya Pradesh','Madhya Pradesh','Madhya Pradesh','House number 895 Haryana','O+','female'),(176,'Norman','Blair','diabetes','www.identity-proof.com/aUSFfpFIGn','NormanBlair9@hotmail.com','1960-04-16','3123621661','5487648812','India','Andhra Pradesh','Andhra Pradesh','Andhra Pradesh','House number 818 Jharkhand','A-','female'),(177,'Dale','Blair','  ','www.identity-proof.com/IFIndYoGWs','DaleBlair17@yahoo.com','2001-03-25','4192266897','2586793831','India','West Bengal','West Bengal','West Bengal','House number 143 Sikkim','A-','female'),(178,'Jon','Bonner','  ','www.identity-proof.com/ostUqHKeoy','JonBonner94@gmail.com','1957-11-19','8418994368','8498381148','India','Chhattisgarh','Chhattisgarh','Chhattisgarh','House number 466 Chandigarh','O-','male'),(179,'Adenn','Cantu','diabetes','www.identity-proof.com/ByTAXVHcTN','AdennCantu2@hotmail.com','1986-06-12','5757278445','8276343216','India','Nagaland','Nagaland','Nagaland','House number 204 Uttar Pradesh','B+','female'),(180,'McKade','Callahan','asthma','www.identity-proof.com/bgeVBWyIme','McKadeCallahan100@gmail.com','1981-03-18','6216539897','2399329496','India','Tripura','Tripura','Tripura','House number 28 Karnataka','A-','female'),(181,'Rossi','Cruz','asthma','www.identity-proof.com/ECdtFbxeLo','RossiCruz30@hotmail.com','1957-11-06','2823827897','8685277688','India','Chandigarh','Chandigarh','Chandigarh','House number 597 Puducherry','B+','male'),(182,'Famara','Dale','  ','www.identity-proof.com/xzHyrmGLzg','FamaraDale71@hotmail.com','1951-04-15','4544231788','8694433329','India','Madhya Pradesh','Madhya Pradesh','Madhya Pradesh','House number 143 Nagaland','A-','female'),(183,'Johnpaul','Hatfield','  ','www.identity-proof.com/yNyHaFjZmY','JohnpaulHatfield76@gmail.com','1975-03-10','1547857791','2245257443','India','Uttar Pradesh','Uttar Pradesh','Uttar Pradesh','House number 118 Jharkhand','B-','female'),(184,'Hector','Griffin','asthma','www.identity-proof.com/TDKPdGpNqY','HectorGriffin89@hotmail.com','1991-03-13','6323973191','1878112843','India','Uttar Pradesh','Uttar Pradesh','Uttar Pradesh','House number 601 Jharkhand','A+','female'),(185,'Robby','Gilliam','  ','www.identity-proof.com/oZtzDyniBS','RobbyGilliam60@hotmail.com','1998-07-13','4311956945','3943846624','India','Jharkhand','Jharkhand','Jharkhand','House number 380 Chandigarh','B+','male'),(186,'Koray','Avila','migraine','www.identity-proof.com/FFOfPvpkDI','KorayAvila90@hotmail.com','2001-05-01','9691466322','4712529561','India','Mizoram','Mizoram','Mizoram','House number 930 Chandigarh','O+','male'),(187,'Zendel','Fleming','asthma','www.identity-proof.com/AetGbZfJEU','ZendelFleming74@yahoo.com','1997-07-04','1933375486','9945972978','India','Punjab','Punjab','Punjab','House number 73 Daman and Diu','B-','male'),(188,'Famara','Cantu','  ','www.identity-proof.com/hnZbtNlTWe','FamaraCantu7@yahoo.com','1981-11-22','1789118274','9565554488','India','Karnataka','Karnataka','Karnataka','House number 381 Andaman and Nicobar Islands','O+','female'),(189,'Steven','Cooley','asthma','www.identity-proof.com/TtYgTLAuYN','StevenCooley15@gmail.com','1990-09-20','9144479782','7631549768','India','Meghalaya','Meghalaya','Meghalaya','House number 526 Manipur','O-','female'),(190,'Judah','Alston','diabetes','www.identity-proof.com/FulfePMaIg','JudahAlston69@hotmail.com','1997-03-18','8266141856','5552515825','India','Daman and Diu','Daman and Diu','Daman and Diu','House number 533 Puducherry','O-','male'),(191,'Shreeram','Chavez','  ','www.identity-proof.com/pbMVWmRfNj','ShreeramChavez3@hotmail.com','1960-02-21','8733618856','8463798664','India','Karnataka','Karnataka','Karnataka','House number 906 Madhya Pradesh','A+','male'),(192,'McKade','Hester','diabetes','www.identity-proof.com/cLEWnsRaXh','McKadeHester71@hotmail.com','1988-03-27','1978211186','9536958296','India','Assam','Assam','Assam','House number 97 Lakshadweep','A+','male'),(193,'Shreeram','Haley','asthma','www.identity-proof.com/nWlPVHzmVD','ShreeramHaley6@hotmail.com','1980-08-22','4932382521','9828429929','India','Maharashtra','Maharashtra','Maharashtra','House number 442 Punjab','B+','male'),(194,'Koray','Good','  ','www.identity-proof.com/SIdilYWPBe','KorayGood91@yahoo.com','1966-04-03','9119673218','2759679294','India','Kerala','Kerala','Kerala','House number 371 Daman and Diu','A+','male'),(195,'Nicky','Cruz','  ','www.identity-proof.com/dfeGVVgNge','NickyCruz67@gmail.com','1961-07-11','9393464243','9477252863','India','Manipur','Manipur','Manipur','House number 348 Himachal Pradesh','A-','female'),(196,'Daithi','Callahan','migraine','www.identity-proof.com/pEwJWJslKC','DaithiCallahan91@gmail.com','1993-10-14','5734474537','9773443716','India','Maharashtra','Maharashtra','Maharashtra','House number 108 Delhi','O+','female'),(197,'Alex','Bonner','  ','www.identity-proof.com/WCmEYVBlOT','AlexBonner0@hotmail.com','1964-10-29','7937173842','9146286722','India','Haryana','Haryana','Haryana','House number 381 Bihar','B-','male'),(198,'Kasper','Alford','  ','www.identity-proof.com/kMBXkaeTPj','KasperAlford21@gmail.com','1992-06-04','9467842539','3486465442','India','Nagaland','Nagaland','Nagaland','House number 989 Jharkhand','B+','female'),(199,'Judah','Conway','asthma','www.identity-proof.com/LhuMHlTxCd','JudahConway91@yahoo.com','1989-04-05','3728948326','6775454755','India','Uttar Pradesh','Uttar Pradesh','Uttar Pradesh','House number 254 Assam','B-','female'),(200,'Nicky','Hatfield','  ','www.identity-proof.com/qcsogfXiqT','NickyHatfield36@yahoo.com','2003-03-14','3333399614','8446292844','India','Punjab','Punjab','Punjab','House number 779 Chandigarh','A+','female'),(201,'Dale','Herman','asthma','www.identity-proof.com/GggtFwtFVv','DaleHerman37@hotmail.com','1958-01-04','2145379326','5555265588','India','Telangana','Telangana','Telangana','House number 504 Uttarakhand','A+','male'),(202,'Sultan','Hill','  ','www.identity-proof.com/WtoeaZZIve','SultanHill63@hotmail.com','1965-12-19','2246549932','2714569485','India','Maharashtra','Maharashtra','Maharashtra','House number 420 Mizoram','B-','female'),(203,'Jordi','Cruz','  ','www.identity-proof.com/MkfnSAnMhn','JordiCruz49@hotmail.com','2001-10-28','4372478979','8585367756','India','Manipur','Manipur','Manipur','House number 596 Andhra Pradesh','O-','female'),(204,'Sullivan','Gilliam','migraine','www.identity-proof.com/rIeUnNqsmD','SullivanGilliam25@yahoo.com','1996-07-07','8294444123','2652626757','India','Punjab','Punjab','Punjab','House number 232 Himachal Pradesh','AB+','female'),(205,'Harvey','Dunn','asthma','www.identity-proof.com/kalpgwDUJv','HarveyDunn14@gmail.com','1983-10-17','7798567882','6378467565','India','Daman and Diu','Daman and Diu','Daman and Diu','House number 187 Telangana','O+','female'),(206,'Munro','Callahan','  ','www.identity-proof.com/CspqKAaekk','MunroCallahan27@hotmail.com','1959-05-14','4887265393','9459141677','India','Sikkim','Sikkim','Sikkim','House number 587 Karnataka','AB+','male'),(207,'Munachi','Dotson','  ','www.identity-proof.com/vHDpYuqsqo','MunachiDotson14@hotmail.com','2000-08-03','8326845761','9737521931','India','Nagaland','Nagaland','Nagaland','House number 703 Uttarakhand','O+','female'),(208,'Tiylar','Haley','  ','www.identity-proof.com/CmzXsBMwiQ','TiylarHaley7@gmail.com','1966-09-27','7127126585','8712497664','India','Assam','Assam','Assam','House number 213 Punjab','A+','male'),(209,'Ramsey','Hays','diabetes','www.identity-proof.com/zlwJNtqrSv','RamseyHays48@gmail.com','2002-11-25','9479765162','4856651619','India','Uttarakhand','Uttarakhand','Uttarakhand','House number 30 Rajasthan','B-','male'),(210,'Sultan','Franks','migraine','www.identity-proof.com/QexFWJRYTd','SultanFranks43@yahoo.com','1975-03-19','5727574435','2279514217','India','Madhya Pradesh','Madhya Pradesh','Madhya Pradesh','House number 874 West Bengal','O+','male'),(211,'Adenn','Gilliam','diabetes','www.identity-proof.com/LAJgTqEciT','AdennGilliam54@gmail.com','1996-03-18','3141953313','2417922989','India','Tripura','Tripura','Tripura','House number 875 Madhya Pradesh','B+','female'),(212,'Koray','Dotson','diabetes','www.identity-proof.com/DMeeVokjmO','KorayDotson11@hotmail.com','1967-06-15','2246555185','2971456231','India','Odisha','Odisha','Odisha','House number 797 Punjab','B-','female'),(213,'Lovell','Blair','  ','www.identity-proof.com/ycckZWOlvO','LovellBlair92@yahoo.com','1960-09-06','7631433693','9212313459','India','Uttarakhand','Uttarakhand','Uttarakhand','House number 937 Nagaland','AB+','male'),(214,'Marius','Blackburn','diabetes','www.identity-proof.com/vmnbsMIbcn','MariusBlackburn83@yahoo.com','1981-10-07','4855859667','2799699392','India','Mizoram','Mizoram','Mizoram','House number 305 Delhi','AB+','female'),(215,'Judah','Herman','  ','www.identity-proof.com/yODuLuciJC','JudahHerman72@gmail.com','1997-01-21','5276923487','4541419757','India','Uttar Pradesh','Uttar Pradesh','Uttar Pradesh','House number 347 Odisha','AB+','male'),(216,'Orrick','Chavez','  ','www.identity-proof.com/wuhxJmvlkY','OrrickChavez91@yahoo.com','1977-05-21','7518653888','2479728332','India','Tamil Nadu','Tamil Nadu','Tamil Nadu','House number 424 Delhi','B+','male'),(217,'McKade','Alston','diabetes','www.identity-proof.com/ErVYZvUicJ','McKadeAlston66@hotmail.com','2010-04-19','9651924978','8735734412','India','Haryana','Haryana','Haryana','House number 390 Andaman and Nicobar Islands','O-','male'),(218,'Tiylar','Crane','diabetes','www.identity-proof.com/lYGwuajYdA','TiylarCrane53@yahoo.com','1985-03-11','8114763633','3483865265','India','Punjab','Punjab','Punjab','House number 248 Sikkim','B-','male'),(219,'Rhuaridh','Griffin','diabetes','www.identity-proof.com/YsyLzdLajD','RhuaridhGriffin17@gmail.com','1988-04-13','7835962665','3317868542','India','Mizoram','Mizoram','Mizoram','House number 667 Assam','A+','female'),(220,'Ramsey','Avila','diabetes','www.identity-proof.com/RsLHROEVbo','RamseyAvila99@gmail.com','1974-03-19','4583626493','6689922545','India','Daman and Diu','Daman and Diu','Daman and Diu','House number 834 Chhattisgarh','A-','female'),(221,'Judah','Hill','migraine','www.identity-proof.com/wkEeEoptKL','JudahHill71@yahoo.com','1965-02-18','7791627783','5686241561','India','Tamil Nadu','Tamil Nadu','Tamil Nadu','House number 925 Sikkim','O+','male'),(222,'Johnpaul','Hester','  ','www.identity-proof.com/GgxZqHixaj','JohnpaulHester62@gmail.com','1963-06-21','1465884271','5792472972','India','Odisha','Odisha','Odisha','House number 57 Manipur','B-','female'),(223,'Tammam','English','asthma','www.identity-proof.com/uOqfBxLWLB','TammamEnglish89@gmail.com','1984-01-27','8947737287','1864464731','India','Sikkim','Sikkim','Sikkim','House number 494 Bihar','AB+','female'),(224,'Koray','Franks','  ','www.identity-proof.com/nJzSNDdlEv','KorayFranks46@gmail.com','1982-01-09','5689571116','1968426191','India','Himachal Pradesh','Himachal Pradesh','Himachal Pradesh','House number 893 Goa','B-','female'),(225,'Rishi','Hester','  ','www.identity-proof.com/bEykhYNrYW','RishiHester6@hotmail.com','1985-03-22','2639184595','4593172486','India','Sikkim','Sikkim','Sikkim','House number 500 Uttar Pradesh','O-','female'),(226,'Keigan','Herman','  ','www.identity-proof.com/JpQftNEbcx','KeiganHerman40@hotmail.com','1951-12-11','2632597941','5737929415','India','West Bengal','West Bengal','West Bengal','House number 684 Puducherry','O-','male'),(227,'Munro','Gillespie','  ','www.identity-proof.com/NSBwHnWqLP','MunroGillespie31@gmail.com','1978-06-03','4827237887','2393685543','India','Bihar','Bihar','Bihar','House number 57 Nagaland','B+','male'),(228,'Johnpaul','Alston','  ','www.identity-proof.com/oiKZqPpBto','JohnpaulAlston55@yahoo.com','1992-09-16','7445995951','8462927956','India','Mizoram','Mizoram','Mizoram','House number 461 Chandigarh','O-','female'),(229,'Alex','Cruz','asthma','www.identity-proof.com/DfTdXgFTcF','AlexCruz56@hotmail.com','1982-09-22','5886351654','5958846486','India','Uttarakhand','Uttarakhand','Uttarakhand','House number 391 Assam','O-','male'),(230,'Herbert','Duran','asthma','www.identity-proof.com/IHPNGagOgk','HerbertDuran59@gmail.com','1993-01-01','8722729124','9792892771','India','Tamil Nadu','Tamil Nadu','Tamil Nadu','House number 714 Nagaland','A-','female'),(231,'Tommy','English','asthma','www.identity-proof.com/ODpXTsXneZ','TommyEnglish93@gmail.com','1981-09-23','8139378976','4529667836','India','Goa','Goa','Goa','House number 273 Sikkim','A+','female'),(232,'Tommy','Dunn','  ','www.identity-proof.com/kRvpzmqkSc','TommyDunn64@yahoo.com','1971-08-17','1621916213','4319933765','India','Andaman and Nicobar Islands','Andaman and Nicobar Islands','Andaman and Nicobar Islands','House number 450 Goa','B-','male'),(233,'Lisandro','Dominguez','vertigo','www.identity-proof.com/CGAtxWhrKf','LisandroDominguez40@gmail.com','1990-04-12','7661286621','9734155218','India','Chandigarh','Chandigarh','Chandigarh','House number 965 Bihar','A-','female'),(234,'Judah','Alston','  ','www.identity-proof.com/vdiJTnGWhF','JudahAlston30@yahoo.com','2008-12-28','2111376278','5195764317','India','Sikkim','Sikkim','Sikkim','House number 967 Chhattisgarh','AB+','female'),(235,'Alex','Haley','  ','www.identity-proof.com/HcomtKEwYF','AlexHaley61@gmail.com','1996-09-13','3975569833','3267659594','India','Madhya Pradesh','Madhya Pradesh','Madhya Pradesh','House number 821 Tamil Nadu','O+','female'),(236,'Shreeram','Clay','asthma','www.identity-proof.com/UMuGQWgiof','ShreeramClay91@hotmail.com','1973-12-08','2994994743','9681992113','India','Gujarat','Gujarat','Gujarat','House number 789 Haryana','A-','female'),(237,'Hector','Gray','  ','www.identity-proof.com/sHsMxGMxdF','HectorGray45@gmail.com','2007-12-17','3675144643','4878894228','India','Sikkim','Sikkim','Sikkim','House number 358 Maharashtra','A+','male'),(238,'Lovell','Gilliam','  ','www.identity-proof.com/JOroxgBNwu','LovellGilliam78@hotmail.com','1986-10-28','4187614167','2988732465','India','Chhattisgarh','Chhattisgarh','Chhattisgarh','House number 436 Daman and Diu','O-','male'),(239,'Koray','Alston','migraine','www.identity-proof.com/qivKSnQXud','KorayAlston41@gmail.com','1955-10-11','1129423719','2883742124','India','Telangana','Telangana','Telangana','House number 155 Uttar Pradesh','O+','female'),(240,'Calan','Hill','diabetes','www.identity-proof.com/pnySWeVdvx','CalanHill12@yahoo.com','1990-11-05','9191429237','5581718281','India','Uttar Pradesh','Uttar Pradesh','Uttar Pradesh','House number 356 Rajasthan','A+','female'),(241,'Orrick','Day','  ','www.identity-proof.com/niZdjXiXDL','OrrickDay18@gmail.com','1986-11-22','7664553964','9515359781','India','Himachal Pradesh','Himachal Pradesh','Himachal Pradesh','House number 777 Jammu and Kashmir','AB+','female'),(242,'Jameil','Blackburn','  ','www.identity-proof.com/PZLuGphLJS','JameilBlackburn14@hotmail.com','1951-03-04','6667274572','9762685437','India','Assam','Assam','Assam','House number 98 Chandigarh','O+','female'),(243,'Munachi','Delacruz','  ','www.identity-proof.com/KjiMraaGKP','MunachiDelacruz23@yahoo.com','1969-12-18','3686666419','5929885613','India','Madhya Pradesh','Madhya Pradesh','Madhya Pradesh','House number 576 Jammu and Kashmir','B+','male'),(244,'Danyal','Dunn','vertigo','www.identity-proof.com/zuTFCMTXwZ','DanyalDunn60@yahoo.com','2007-01-19','3195113921','5911727658','India','Gujarat','Gujarat','Gujarat','House number 368 Chandigarh','O-','male'),(245,'Wilson','Blackburn','  ','www.identity-proof.com/gxSfemlHaX','WilsonBlackburn22@hotmail.com','1974-03-17','9411348125','7339351797','India','Madhya Pradesh','Madhya Pradesh','Madhya Pradesh','House number 929 Gujarat','A+','female'),(246,'Judah','Dotson','asthma','www.identity-proof.com/eQLBGlJyTF','JudahDotson17@hotmail.com','1990-08-20','1269612761','6651978564','India','Delhi','Delhi','Delhi','House number 204 Assam','B+','female'),(247,'Meshach','Bonner','  ','www.identity-proof.com/OcslcUZJMe','MeshachBonner39@yahoo.com','1976-07-26','5856951955','4996918795','India','Nagaland','Nagaland','Nagaland','House number 442 Uttar Pradesh','O-','male'),(248,'Alex','Gilliam','  ','www.identity-proof.com/VgWYXWTZVI','AlexGilliam5@hotmail.com','1967-08-14','3695758436','4928152969','India','Tripura','Tripura','Tripura','House number 522 Bihar','B+','female'),(249,'Steven','Haley','  ','www.identity-proof.com/rCIeFuxvJP','StevenHaley17@yahoo.com','1955-07-04','8954835926','7819486964','India','Haryana','Haryana','Haryana','House number 234 Nagaland','A+','female'),(250,'Koray','Clay','  ','www.identity-proof.com/aNkITiAuNY','KorayClay69@yahoo.com','2004-11-27','8837775939','5821788137','India','Kerala','Kerala','Kerala','House number 875 Karnataka','B+','female'),(251,'Alex','Gilliam','migraine','www.identity-proof.com/FbJnVcDwem','AlexGilliam3@yahoo.com','1996-04-22','5156553632','5153198361','India','Maharashtra','Maharashtra','Maharashtra','House number 619 Rajasthan','B-','male'),(252,'Adenn','Ellison','migraine','www.identity-proof.com/ZflJtjbmDC','AdennEllison53@hotmail.com','1984-04-20','6132349647','6726961759','India','Mizoram','Mizoram','Mizoram','House number 236 Himachal Pradesh','A-','female'),(253,'Munachi','Duran','asthma','www.identity-proof.com/DBQhRbglVx','MunachiDuran73@yahoo.com','1973-10-09','4765426816','6854718259','India','Assam','Assam','Assam','House number 241 Assam','A-','female'),(254,'Wilson','Bonner','asthma','www.identity-proof.com/XVtonPBBZI','WilsonBonner70@hotmail.com','1993-06-13','1658613613','3631225575','India','Assam','Assam','Assam','House number 124 Tamil Nadu','B+','male'),(255,'Danyal','Figueroa','  ','www.identity-proof.com/wMCGrafnSr','DanyalFigueroa8@hotmail.com','2008-10-23','4811976181','7864615511','India','Daman and Diu','Daman and Diu','Daman and Diu','House number 322 Dadra and Nagar Haveli','O+','female'),(256,'Robbi','Hampton','diabetes','www.identity-proof.com/NDuvjrUEco','RobbiHampton81@gmail.com','2007-08-22','8991958533','4796985331','India','Tamil Nadu','Tamil Nadu','Tamil Nadu','House number 990 Kerala','AB+','female'),(257,'Norman','Herman','diabetes','www.identity-proof.com/IoWzUUYbOz','NormanHerman31@hotmail.com','1978-11-21','8661668544','3332622666','India','West Bengal','West Bengal','West Bengal','House number 559 Himachal Pradesh','B+','male'),(258,'Fergus','Deleon','  ','www.identity-proof.com/sMrhpmPrNF','FergusDeleon50@yahoo.com','1993-01-20','7925146431','3124332432','India','Himachal Pradesh','Himachal Pradesh','Himachal Pradesh','House number 368 Kerala','B+','female'),(259,'Deecan','Dale','migraine','www.identity-proof.com/nCJfMycnHb','DeecanDale44@hotmail.com','1985-04-18','9594886472','2569147118','India','Chhattisgarh','Chhattisgarh','Chhattisgarh','House number 291 Uttar Pradesh','B-','female'),(260,'Rio','English','  ','www.identity-proof.com/YAsiGcEvov','RioEnglish42@gmail.com','1991-01-14','3381672218','5161692597','India','Uttarakhand','Uttarakhand','Uttarakhand','House number 513 Andhra Pradesh','O-','female'),(261,'Munachi','Blair','migraine','www.identity-proof.com/gGBAqXYSXQ','MunachiBlair88@yahoo.com','1999-07-26','6448162118','5918621476','India','Chhattisgarh','Chhattisgarh','Chhattisgarh','House number 644 Himachal Pradesh','A-','female'),(262,'Alex','Delacruz','  ','www.identity-proof.com/SajaprTIZP','AlexDelacruz19@hotmail.com','1987-12-09','3767767224','9838222719','India','Jharkhand','Jharkhand','Jharkhand','House number 940 Daman and Diu','B+','female'),(263,'Fergus','Delacruz','asthma','www.identity-proof.com/JNJJbSSgVL','FergusDelacruz60@hotmail.com','1964-08-02','3865395744','8139755362','India','Andhra Pradesh','Andhra Pradesh','Andhra Pradesh','House number 382 Odisha','A+','female'),(264,'Johnpaul','Guzman','migraine','www.identity-proof.com/dUsfUiuOyn','JohnpaulGuzman89@yahoo.com','2004-04-11','3984456868','4995444595','India','Odisha','Odisha','Odisha','House number 455 Jharkhand','B-','female'),(265,'Jordi','Glass','diabetes','www.identity-proof.com/kTbnqRNBep','JordiGlass48@yahoo.com','2006-08-08','5462635523','8211398839','India','Gujarat','Gujarat','Gujarat','House number 346 Rajasthan','O-','female'),(266,'Norman','Ellison','asthma','www.identity-proof.com/KaMtEqhsdP','NormanEllison34@yahoo.com','1997-11-05','5159184579','1983439377','India','Puducherry','Puducherry','Puducherry','House number 315 Dadra and Nagar Haveli','A-','female'),(267,'Hector','Foreman','  ','www.identity-proof.com/WuThmEtSNq','HectorForeman98@hotmail.com','2006-05-02','7412575422','8598491111','India','Jammu and Kashmir','Jammu and Kashmir','Jammu and Kashmir','House number 784 Delhi','O-','male'),(268,'Herbert','Figueroa','  ','www.identity-proof.com/mKBZETEGOH','HerbertFigueroa36@yahoo.com','1968-12-03','3872332462','6249129772','India','Andaman and Nicobar Islands','Andaman and Nicobar Islands','Andaman and Nicobar Islands','House number 486 Tamil Nadu','A+','female'),(269,'Jameil','Good','diabetes','www.identity-proof.com/xiHDbckGrk','JameilGood58@gmail.com','1958-04-12','3171388752','2276117427','India','Dadra and Nagar Haveli','Dadra and Nagar Haveli','Dadra and Nagar Haveli','House number 33 Rajasthan','A+','female'),(270,'Munro','Callahan','  ','www.identity-proof.com/EfujJJwVEp','MunroCallahan4@gmail.com','1981-03-19','6548982491','1574194834','India','Daman and Diu','Daman and Diu','Daman and Diu','House number 885 Lakshadweep','O+','female'),(271,'Jameil','Deleon','  ','www.identity-proof.com/SsEiErkhvO','JameilDeleon79@gmail.com','1952-08-29','6623427893','8361474218','India','Rajasthan','Rajasthan','Rajasthan','House number 56 Odisha','O+','female'),(272,'Jon','Crane','migraine','www.identity-proof.com/XfrFvsFwuw','JonCrane99@hotmail.com','1997-09-22','5116994722','6521766878','India','Goa','Goa','Goa','House number 634 Bihar','O+','female'),(273,'Johnpaul','Collier','asthma','www.identity-proof.com/UFlNuIUcUh','JohnpaulCollier14@hotmail.com','1970-02-16','3874748116','5212789394','India','Tripura','Tripura','Tripura','House number 917 Andhra Pradesh','AB+','female'),(274,'Koray','Alston','  ','www.identity-proof.com/rLELdPDlcX','KorayAlston63@gmail.com','1951-02-26','7297543479','8558367142','India','Andaman and Nicobar Islands','Andaman and Nicobar Islands','Andaman and Nicobar Islands','House number 968 Sikkim','B-','male'),(275,'Calan','Figueroa','  ','www.identity-proof.com/vUmBLZzYKZ','CalanFigueroa53@yahoo.com','2009-12-06','7947783111','7649688277','India','Mizoram','Mizoram','Mizoram','House number 128 Tamil Nadu','A+','male'),(276,'Robby','Griffin','diabetes','www.identity-proof.com/ERBzWCEzbK','RobbyGriffin52@gmail.com','1965-03-26','7337222377','4269386576','India','Delhi','Delhi','Delhi','House number 75 Meghalaya','O-','male'),(277,'Jordi','Figueroa','  ','www.identity-proof.com/mZeDFxqtcW','JordiFigueroa47@gmail.com','2000-06-17','2143329462','8549848711','India','Tamil Nadu','Tamil Nadu','Tamil Nadu','House number 924 Punjab','B-','male'),(278,'Dale','Figueroa','  ','www.identity-proof.com/EjYtWuCIwk','DaleFigueroa89@yahoo.com','1968-03-11','4355158963','5521788126','India','Gujarat','Gujarat','Gujarat','House number 411 Mizoram','B+','female'),(279,'Munro','Herman','vertigo','www.identity-proof.com/UfltmFnFgX','MunroHerman100@yahoo.com','2007-06-03','5174698967','2485534558','India','Kerala','Kerala','Kerala','House number 879 Assam','O+','female'),(280,'Judah','Dickerson','diabetes','www.identity-proof.com/UBnFKRwLvU','JudahDickerson12@hotmail.com','1955-08-14','4882953828','6498212636','India','Telangana','Telangana','Telangana','House number 294 Jharkhand','A+','female'),(281,'Johnpaul','Duran','  ','www.identity-proof.com/wjwznqVjOp','JohnpaulDuran27@yahoo.com','1956-12-02','4199589714','8198885413','India','West Bengal','West Bengal','West Bengal','House number 666 Lakshadweep','O-','male'),(282,'Hector','Gillespie','diabetes','www.identity-proof.com/ixlcKeNyMC','HectorGillespie100@gmail.com','1975-09-12','2862226216','6764162658','India','Odisha','Odisha','Odisha','House number 187 Jharkhand','O-','female'),(283,'Munachi','Dominguez','  ','www.identity-proof.com/adGOCAwegY','MunachiDominguez83@yahoo.com','1985-11-20','4784541457','5257239962','India','Madhya Pradesh','Madhya Pradesh','Madhya Pradesh','House number 704 Tamil Nadu','O+','female'),(284,'Harvey','Dodson','  ','www.identity-proof.com/TUzsYltrUd','HarveyDodson67@hotmail.com','1977-06-14','6711171252','6321299389','India','Sikkim','Sikkim','Sikkim','House number 956 Madhya Pradesh','A-','female'),(285,'Robbi','Griffin','  ','www.identity-proof.com/dDSolDuCCX','RobbiGriffin73@yahoo.com','2002-06-24','3638738657','2982211717','India','Lakshadweep','Lakshadweep','Lakshadweep','House number 269 Andaman and Nicobar Islands','B+','female'),(286,'Rio','English','vertigo','www.identity-proof.com/oCDbyNqXmR','RioEnglish77@gmail.com','1990-10-05','2121319684','4226592464','India','Odisha','Odisha','Odisha','House number 160 Uttar Pradesh','A+','male'),(287,'Marius','Alston','asthma','www.identity-proof.com/LUyXUYdlqZ','MariusAlston68@gmail.com','1984-02-03','2115569593','8212773782','India','Telangana','Telangana','Telangana','House number 703 Daman and Diu','O-','female'),(288,'Fergus','Callahan','asthma','www.identity-proof.com/ZAzSernGNu','FergusCallahan21@gmail.com','1957-02-10','6619654346','1297239698','India','Bihar','Bihar','Bihar','House number 892 Jharkhand','AB+','male'),(289,'Harvey','Duran','  ','www.identity-proof.com/RbGMLONaCE','HarveyDuran99@hotmail.com','1985-02-10','7312518574','1749216928','India','Gujarat','Gujarat','Gujarat','House number 791 Bihar','B+','female'),(290,'Shreeram','Herman','diabetes','www.identity-proof.com/lYUEsVxWBc','ShreeramHerman95@gmail.com','2009-05-11','5814645578','6419524842','India','Punjab','Punjab','Punjab','House number 282 Tamil Nadu','O+','female'),(291,'Keigan','Franks','  ','www.identity-proof.com/ZXRWpyoqpw','KeiganFranks49@hotmail.com','1986-06-07','5163611873','2991297359','India','Andhra Pradesh','Andhra Pradesh','Andhra Pradesh','House number 947 Chandigarh','A+','male'),(292,'Tommy','Garza','diabetes','www.identity-proof.com/NZtjPcORcY','TommyGarza97@hotmail.com','1965-08-28','7782521468','5766874351','India','Nagaland','Nagaland','Nagaland','House number 423 Jammu and Kashmir','B+','male'),(293,'Alex','Deleon','  ','www.identity-proof.com/navYeeCPGq','AlexDeleon86@hotmail.com','1976-02-16','1158954368','7265456373','India','Uttarakhand','Uttarakhand','Uttarakhand','House number 244 Chandigarh','A+','male'),(294,'Famara','Dale','  ','www.identity-proof.com/YuqOSEcgrb','FamaraDale98@gmail.com','1973-01-15','3116827942','1287171673','India','Chandigarh','Chandigarh','Chandigarh','House number 49 Gujarat','B+','female'),(295,'Keigan','Dale','asthma','www.identity-proof.com/tHQSxGpUNQ','KeiganDale27@hotmail.com','1989-07-16','8829476454','3815816236','India','Mizoram','Mizoram','Mizoram','House number 590 Goa','B-','male'),(296,'Alex','Callahan','  ','www.identity-proof.com/vnlHMnkhjq','AlexCallahan62@gmail.com','1984-03-10','3623535122','1989617282','India','Telangana','Telangana','Telangana','House number 313 Karnataka','O-','male'),(297,'Fergus','Hampton','  ','www.identity-proof.com/QTITgfkArl','FergusHampton55@yahoo.com','2000-06-15','3763185556','3141648293','India','Puducherry','Puducherry','Puducherry','House number 619 Goa','B-','male'),(298,'Lovell','Cummings','  ','www.identity-proof.com/CjcwXhROtJ','LovellCummings22@gmail.com','2004-10-13','9477375824','3358464346','India','Rajasthan','Rajasthan','Rajasthan','House number 119 Madhya Pradesh','A-','male'),(299,'Rishi','Callahan','migraine','www.identity-proof.com/ILBoZnAVys','RishiCallahan6@yahoo.com','1999-06-25','2746563868','7574595714','India','Odisha','Odisha','Odisha','House number 561 Jharkhand','AB+','female'),(300,'Munachi','Hester','  ','www.identity-proof.com/iqlqlkelJS','MunachiHester53@yahoo.com','1969-09-22','5938951892','2837261752','India','Kerala','Kerala','Kerala','House number 871 Rajasthan','A-','male'),(301,'Tieran','Alford','diabetes','www.identity-proof.com/KNmlOnQNMl','TieranAlford96@hotmail.com','1952-01-16','3243584432','8639689918','India','Punjab','Punjab','Punjab','House number 28 Delhi','O+','female'),(302,'Famara','Garza','diabetes','www.identity-proof.com/VxZMsswWxI','FamaraGarza45@gmail.com','1955-10-21','2872842646','9945434531','India','West Bengal','West Bengal','West Bengal','House number 593 Arunachal Pradesh','A+','female'),(303,'Dale','Figueroa','diabetes','www.identity-proof.com/BXUIuIfVxN','DaleFigueroa80@yahoo.com','1965-11-10','5326313784','1858788411','India','Telangana','Telangana','Telangana','House number 699 Tripura','B+','female'),(304,'Sultan','Arnold','  ','www.identity-proof.com/HTWJjQnZeN','SultanArnold5@gmail.com','1974-02-17','5746916122','5549788185','India','Gujarat','Gujarat','Gujarat','House number 215 Chandigarh','AB+','male'),(305,'Robby','Ellison','  ','www.identity-proof.com/buStxbhgDY','RobbyEllison48@yahoo.com','1981-01-13','7888732999','6556755349','India','Arunachal Pradesh','Arunachal Pradesh','Arunachal Pradesh','House number 799 Sikkim','A+','female'),(306,'Sultan','Foreman','  ','www.identity-proof.com/iGFRyaxXRL','SultanForeman100@gmail.com','1996-06-25','7693387558','8622253451','India','Arunachal Pradesh','Arunachal Pradesh','Arunachal Pradesh','House number 237 Bihar','A+','female'),(307,'Adenn','Dodson','  ','www.identity-proof.com/jUICfABwPZ','AdennDodson100@yahoo.com','1958-07-25','3911441759','5325385158','India','Puducherry','Puducherry','Puducherry','House number 73 Tamil Nadu','O+','female'),(308,'Herbert','Clay','  ','www.identity-proof.com/HJsdlABngu','HerbertClay37@gmail.com','1991-01-03','7227238932','9418448283','India','Gujarat','Gujarat','Gujarat','House number 173 Meghalaya','A+','male'),(309,'Lisandro','English','diabetes','www.identity-proof.com/HYQfkPFBPr','LisandroEnglish6@gmail.com','1974-07-23','8342212485','1331213267','India','Delhi','Delhi','Delhi','House number 220 Tripura','A+','female'),(310,'Ramsey','Gilliam','  ','www.identity-proof.com/tViWAZOxih','RamseyGilliam33@gmail.com','1987-11-19','1423499175','8558821468','India','Assam','Assam','Assam','House number 605 Haryana','B+','female'),(311,'Fergus','Dale','  ','www.identity-proof.com/BFtkaZvuEK','FergusDale13@gmail.com','1971-03-17','6226592396','5534292955','India','Daman and Diu','Daman and Diu','Daman and Diu','House number 537 Uttar Pradesh','A+','male'),(312,'Koray','Hester','  ','www.identity-proof.com/DvhqJNsuMP','KorayHester6@yahoo.com','1969-04-26','2437982455','3852659852','India','Andhra Pradesh','Andhra Pradesh','Andhra Pradesh','House number 330 Puducherry','O-','male'),(313,'Judah','Griffin','migraine','www.identity-proof.com/EFGoVmUMLA','JudahGriffin63@gmail.com','1983-12-10','4912181342','6142544211','India','Haryana','Haryana','Haryana','House number 200 Jharkhand','B-','female'),(314,'Kaine','Haley','  ','www.identity-proof.com/KYjalzzrqf','KaineHaley27@gmail.com','1982-10-15','5154582489','8815492486','India','Mizoram','Mizoram','Mizoram','House number 645 Andhra Pradesh','O+','female'),(315,'Munro','Clay','asthma','www.identity-proof.com/wwWIdvGJxH','MunroClay29@hotmail.com','1967-10-21','7869322839','1488971693','India','Kerala','Kerala','Kerala','House number 830 Mizoram','O+','male'),(316,'Jon','English','diabetes','www.identity-proof.com/DdYfklLCSb','JonEnglish11@hotmail.com','1984-07-14','4376562872','3853997351','India','Haryana','Haryana','Haryana','House number 914 Himachal Pradesh','O+','female'),(317,'Tommy','Gray','diabetes','www.identity-proof.com/XzwNbQWiDf','TommyGray43@hotmail.com','1965-12-24','6364778726','8641384139','India','Madhya Pradesh','Madhya Pradesh','Madhya Pradesh','House number 264 Uttar Pradesh','B-','male'),(318,'Robby','Good','diabetes','www.identity-proof.com/SiMYTwRCQa','RobbyGood68@gmail.com','1981-08-17','9644437635','3649896836','India','Himachal Pradesh','Himachal Pradesh','Himachal Pradesh','House number 526 Andhra Pradesh','B+','female'),(319,'Munro','Deleon','vertigo','www.identity-proof.com/LmAmXoXnoq','MunroDeleon73@gmail.com','2006-12-19','1177791928','6549438721','India','Karnataka','Karnataka','Karnataka','House number 994 Goa','B-','female'),(320,'Marius','Garza','asthma','www.identity-proof.com/yUtBpEYSSX','MariusGarza54@hotmail.com','1970-01-21','6653575172','9411757229','India','Jharkhand','Jharkhand','Jharkhand','House number 431 Puducherry','B+','female'),(321,'Sultan','Conway','diabetes','www.identity-proof.com/HZGKVxSCDM','SultanConway18@hotmail.com','2000-01-22','5593211414','2281293519','India','Chandigarh','Chandigarh','Chandigarh','House number 965 Puducherry','O+','female'),(322,'Robbi','Gillespie','diabetes','www.identity-proof.com/AePQQRWRhU','RobbiGillespie58@yahoo.com','1968-04-16','2344165949','6896719697','India','Haryana','Haryana','Haryana','House number 221 Haryana','O-','female'),(323,'Deecan','Clay','  ','www.identity-proof.com/EjAKfdWIaE','DeecanClay1@gmail.com','1954-02-07','9293664928','3834457712','India','Punjab','Punjab','Punjab','House number 78 Karnataka','O-','male'),(324,'Kaine','Herman','migraine','www.identity-proof.com/AxKqbCuGxZ','KaineHerman79@hotmail.com','1972-05-01','7623522148','1558141963','India','Delhi','Delhi','Delhi','House number 895 Dadra and Nagar Haveli','A-','male'),(325,'Harvey','Dickerson','  ','www.identity-proof.com/tXopvfcvrQ','HarveyDickerson60@hotmail.com','1965-09-29','6136791923','5526446844','India','Arunachal Pradesh','Arunachal Pradesh','Arunachal Pradesh','House number 575 Odisha','B+','female'),(326,'McKade','Cruz','diabetes','www.identity-proof.com/YdXgEafRuj','McKadeCruz74@gmail.com','1982-03-14','4453275884','4386162494','India','Tripura','Tripura','Tripura','House number 174 Manipur','B+','male'),(327,'Shreeram','Gilliam','diabetes','www.identity-proof.com/UcSjJxrQOZ','ShreeramGilliam99@hotmail.com','2003-05-29','8396854758','2111233859','India','Odisha','Odisha','Odisha','House number 373 Tamil Nadu','A-','female'),(328,'Fergus','Figueroa','  ','www.identity-proof.com/jEcnMxENZW','FergusFigueroa85@hotmail.com','1968-10-03','2511599923','5428493961','India','Sikkim','Sikkim','Sikkim','House number 683 Uttar Pradesh','A-','male'),(329,'Hector','Dominguez','  ','www.identity-proof.com/PWckRtZCqP','HectorDominguez75@gmail.com','1961-05-24','3352141228','3972788423','India','Uttarakhand','Uttarakhand','Uttarakhand','House number 656 Rajasthan','O-','female'),(330,'Rhuaridh','Avila','migraine','www.identity-proof.com/NDmPZlnaYH','RhuaridhAvila52@hotmail.com','1967-10-09','7453244357','2873865579','India','Arunachal Pradesh','Arunachal Pradesh','Arunachal Pradesh','House number 304 Maharashtra','A-','male'),(331,'Orrick','Gray','diabetes','www.identity-proof.com/fRuMlkaShy','OrrickGray17@gmail.com','1983-10-06','9786345313','1837515228','India','Nagaland','Nagaland','Nagaland','House number 30 Puducherry','B+','female'),(332,'Marius','Delacruz','diabetes','www.identity-proof.com/ZSFLACTiZc','MariusDelacruz52@gmail.com','2007-10-05','7744194632','6171912277','India','Andhra Pradesh','Andhra Pradesh','Andhra Pradesh','House number 427 Karnataka','A-','male'),(333,'Ramsey','Blackburn','migraine','www.identity-proof.com/QudSDCsCQM','RamseyBlackburn30@hotmail.com','1991-02-25','2949137752','8143273479','India','Tripura','Tripura','Tripura','House number 245 Goa','B+','female'),(334,'Steven','Herman','  ','www.identity-proof.com/LtcLJIaiwM','StevenHerman7@hotmail.com','1983-08-18','2443369846','6839482316','India','Chhattisgarh','Chhattisgarh','Chhattisgarh','House number 12 Nagaland','A+','male'),(335,'Rhuaridh','Guzman','diabetes','www.identity-proof.com/DSDlmCKRmY','RhuaridhGuzman72@yahoo.com','2007-09-05','8886717858','3711853557','India','Tamil Nadu','Tamil Nadu','Tamil Nadu','House number 51 West Bengal','B+','female'),(336,'Deecan','Cummings','migraine','www.identity-proof.com/djVzYeefUm','DeecanCummings34@gmail.com','1976-11-29','4335427527','3446865889','India','West Bengal','West Bengal','West Bengal','House number 234 Kerala','B-','male'),(337,'Orrick','Dodson','diabetes','www.identity-proof.com/VzvYQYseMd','OrrickDodson17@gmail.com','1961-06-19','5744414498','5233413342','India','Uttarakhand','Uttarakhand','Uttarakhand','House number 921 Mizoram','B+','female'),(338,'Meshach','Hill','asthma','www.identity-proof.com/MDTsiteIKF','MeshachHill74@gmail.com','1953-10-16','9169545578','5648328123','India','Mizoram','Mizoram','Mizoram','House number 205 Gujarat','B-','male'),(339,'Tieran','Dickerson','  ','www.identity-proof.com/ehNXLtHJhd','TieranDickerson72@gmail.com','1971-06-21','3144741636','4154479143','India','Manipur','Manipur','Manipur','House number 96 Tripura','B-','male'),(340,'Jameil','Dunn','diabetes','www.identity-proof.com/wFWrjSkCNZ','JameilDunn20@gmail.com','1984-07-07','7567126414','8213575325','India','Puducherry','Puducherry','Puducherry','House number 516 Arunachal Pradesh','AB+','female'),(341,'Norman','Dotson','diabetes','www.identity-proof.com/qqiRKnrSUD','NormanDotson35@hotmail.com','1960-05-03','3898245991','1135932958','India','Karnataka','Karnataka','Karnataka','House number 151 Meghalaya','A-','male'),(342,'Wilson','Gilliam','  ','www.identity-proof.com/eFpbKyWASE','WilsonGilliam49@gmail.com','2002-03-07','4994524817','9546753814','India','Chhattisgarh','Chhattisgarh','Chhattisgarh','House number 619 Punjab','O-','male'),(343,'McKade','Delacruz','migraine','www.identity-proof.com/rJZkEoqgcJ','McKadeDelacruz35@hotmail.com','1956-01-16','4713682763','8554984897','India','Arunachal Pradesh','Arunachal Pradesh','Arunachal Pradesh','House number 87 Sikkim','O+','female'),(344,'Lisandro','Collier','  ','www.identity-proof.com/AJZzizRVUf','LisandroCollier61@gmail.com','2003-07-22','3195835559','4749572981','India','Delhi','Delhi','Delhi','House number 229 Jharkhand','B-','male'),(345,'Lovell','Dotson','  ','www.identity-proof.com/kGRoCSKHDY','LovellDotson60@hotmail.com','2008-09-16','1447664259','4179771665','India','Chandigarh','Chandigarh','Chandigarh','House number 681 Goa','A-','male'),(346,'Keigan','Gilliam','  ','www.identity-proof.com/sSlgIqlUQk','KeiganGilliam51@hotmail.com','1999-04-25','6886126472','7127375217','India','Chhattisgarh','Chhattisgarh','Chhattisgarh','House number 81 Nagaland','O+','male'),(347,'Zendel','Clay','asthma','www.identity-proof.com/XHzkxJzzFR','ZendelClay71@yahoo.com','1955-04-19','1891832181','6111859298','India','Maharashtra','Maharashtra','Maharashtra','House number 474 Gujarat','O+','male'),(348,'Dale','Figueroa','  ','www.identity-proof.com/gafnfchaPv','DaleFigueroa26@hotmail.com','2005-09-15','9476539146','9422232624','India','Jammu and Kashmir','Jammu and Kashmir','Jammu and Kashmir','House number 38 Bihar','AB+','female'),(349,'Meshach','Duran','vertigo','www.identity-proof.com/JxPgijNISY','MeshachDuran27@gmail.com','2010-06-07','7193761647','8937254639','India','Kerala','Kerala','Kerala','House number 540 Andhra Pradesh','A-','female'),(350,'Rhuaridh','Clay','  ','www.identity-proof.com/OJFegPHdQj','RhuaridhClay66@gmail.com','1980-03-10','6224728316','8213949551','India','Tripura','Tripura','Tripura','House number 33 Chhattisgarh','O+','male'),(351,'Harvey','Alston','  ','www.identity-proof.com/VnIKKwCkpy','HarveyAlston66@yahoo.com','2004-09-22','7548538592','7473124433','India','Manipur','Manipur','Manipur','House number 359 Haryana','B-','female'),(352,'Ramsey','Alston','  ','www.identity-proof.com/oxAbrlqyeD','RamseyAlston7@gmail.com','1998-01-17','3266354794','1984889955','India','Chandigarh','Chandigarh','Chandigarh','House number 753 Haryana','AB+','male'),(353,'Steven','Dotson','  ','www.identity-proof.com/tarxVlcYjJ','StevenDotson26@hotmail.com','2005-07-04','5296321741','1825199961','India','Lakshadweep','Lakshadweep','Lakshadweep','House number 429 Delhi','A-','male'),(354,'Hector','Alston','  ','www.identity-proof.com/kIVqUxJXSE','HectorAlston6@yahoo.com','1987-08-19','3563497513','3558897343','India','Telangana','Telangana','Telangana','House number 973 Odisha','B-','male'),(355,'Alex','Conway','diabetes','www.identity-proof.com/XYjqVjwIve','AlexConway36@hotmail.com','2006-04-04','3729642945','7835855816','India','Delhi','Delhi','Delhi','House number 675 Uttarakhand','AB+','female'),(356,'Jordi','Gray','diabetes','www.identity-proof.com/fYNCVjzUkc','JordiGray30@hotmail.com','1992-07-23','4612527148','7933892917','India','Jharkhand','Jharkhand','Jharkhand','House number 772 Chhattisgarh','B-','female'),(357,'Adenn','Hill','vertigo','www.identity-proof.com/mhpaIgdshX','AdennHill64@hotmail.com','2005-08-18','4875827595','6335988321','India','Haryana','Haryana','Haryana','House number 608 Gujarat','O+','male'),(358,'Jon','Cooley','diabetes','www.identity-proof.com/SYZpNHCFBq','JonCooley91@gmail.com','2001-12-04','5673825851','5332221469','India','Daman and Diu','Daman and Diu','Daman and Diu','House number 609 Nagaland','O+','female'),(359,'Johnpaul','Griffin','  ','www.identity-proof.com/aGioqYZWKr','JohnpaulGriffin46@gmail.com','1985-07-28','3913815733','4495393758','India','Kerala','Kerala','Kerala','House number 766 Manipur','AB+','female'),(360,'Koray','Foreman','diabetes','www.identity-proof.com/yoJxElfvFf','KorayForeman7@yahoo.com','1971-11-28','4385796465','1595442261','India','Gujarat','Gujarat','Gujarat','House number 671 Karnataka','AB+','male'),(361,'Rhuaridh','Alford','diabetes','www.identity-proof.com/nNtEiKkySZ','RhuaridhAlford46@hotmail.com','1990-08-06','1274278634','1835228664','India','Madhya Pradesh','Madhya Pradesh','Madhya Pradesh','House number 767 Nagaland','A+','female'),(362,'Rhuaridh','Dale','diabetes','www.identity-proof.com/wGeivOQfZy','RhuaridhDale0@gmail.com','1977-07-12','4151582511','2282742382','India','Punjab','Punjab','Punjab','House number 131 Maharashtra','B-','female'),(363,'Titus','Figueroa','  ','www.identity-proof.com/WvbFtyuGgj','TitusFigueroa18@yahoo.com','1962-11-20','8799432523','1356824641','India','Tripura','Tripura','Tripura','House number 220 Andaman and Nicobar Islands','A-','male'),(364,'Lovell','Alston','  ','www.identity-proof.com/EpDoyYZmhq','LovellAlston17@gmail.com','1988-12-29','7121449737','2351766573','India','Goa','Goa','Goa','House number 540 Haryana','AB+','female'),(365,'Wilson','Cantu','diabetes','www.identity-proof.com/UMwLbeSwQD','WilsonCantu46@hotmail.com','1989-03-13','5387551151','7445995434','India','Jammu and Kashmir','Jammu and Kashmir','Jammu and Kashmir','House number 892 Uttarakhand','O+','female'),(366,'Sultan','Figueroa','migraine','www.identity-proof.com/pmYHZYHWEF','SultanFigueroa79@hotmail.com','1973-04-08','7296764386','8941675225','India','Delhi','Delhi','Delhi','House number 674 Lakshadweep','AB+','female'),(367,'Munachi','Dotson','  ','www.identity-proof.com/ejPbDLLcnH','MunachiDotson27@yahoo.com','2005-10-07','8544964184','1993626131','India','Chandigarh','Chandigarh','Chandigarh','House number 759 Gujarat','B+','female'),(368,'Sultan','Craft','vertigo','www.identity-proof.com/HPjNBOWdqn','SultanCraft75@gmail.com','1953-11-21','4621663299','1657224766','India','Nagaland','Nagaland','Nagaland','House number 807 Tamil Nadu','B-','female'),(369,'Tammam','Cantu','diabetes','www.identity-proof.com/XOxPEteJIU','TammamCantu97@hotmail.com','1998-08-27','8365634559','9582342631','India','Puducherry','Puducherry','Puducherry','House number 721 Andhra Pradesh','O+','female'),(370,'Nicky','Cummings','  ','www.identity-proof.com/xdozhOXGcG','NickyCummings59@yahoo.com','1959-12-08','4865982723','1465626963','India','Andhra Pradesh','Andhra Pradesh','Andhra Pradesh','House number 722 Andaman and Nicobar Islands','AB+','female'),(371,'Famara','Crane','asthma','www.identity-proof.com/zVUeBRymsI','FamaraCrane36@yahoo.com','1954-08-01','7584383454','9329791627','India','Kerala','Kerala','Kerala','House number 734 Punjab','AB+','male'),(372,'Orrick','English','asthma','www.identity-proof.com/VypZJEgvRj','OrrickEnglish83@hotmail.com','1981-03-27','3877553333','3637371417','India','Himachal Pradesh','Himachal Pradesh','Himachal Pradesh','House number 360 Sikkim','A-','male'),(373,'Titus','Hester','asthma','www.identity-proof.com/GPcBFvewoH','TitusHester84@gmail.com','1973-06-07','6773668459','1161797684','India','Dadra and Nagar Haveli','Dadra and Nagar Haveli','Dadra and Nagar Haveli','House number 932 Dadra and Nagar Haveli','A+','male'),(374,'Famara','Guzman','migraine','www.identity-proof.com/VQCgEaVdXP','FamaraGuzman38@yahoo.com','1975-07-13','3492741574','6523529186','India','Delhi','Delhi','Delhi','House number 267 Karnataka','A+','male'),(375,'Tiylar','Fleming','  ','www.identity-proof.com/QqEUvPbWYk','TiylarFleming9@hotmail.com','2009-12-07','1173953741','2735149227','India','Delhi','Delhi','Delhi','House number 524 Jammu and Kashmir','B-','female'),(376,'Rishi','Cooke','diabetes','www.identity-proof.com/jmRIIUmYFa','RishiCooke16@hotmail.com','1954-04-14','3837226722','7849922724','India','Maharashtra','Maharashtra','Maharashtra','House number 260 Maharashtra','AB+','male'),(377,'Adenn','Chavez','vertigo','www.identity-proof.com/OZIgwMKsVE','AdennChavez79@gmail.com','1974-08-01','6815312823','1186345148','India','Gujarat','Gujarat','Gujarat','House number 72 Arunachal Pradesh','O-','male'),(378,'Meshach','Gilliam','  ','www.identity-proof.com/bWmVofkFdy','MeshachGilliam90@yahoo.com','2006-08-05','4986555895','6517619349','India','Dadra and Nagar Haveli','Dadra and Nagar Haveli','Dadra and Nagar Haveli','House number 797 Kerala','O-','male'),(379,'Danyal','Ellison','  ','www.identity-proof.com/bKQdgJArap','DanyalEllison66@yahoo.com','1962-10-22','7545443972','1976198371','India','Mizoram','Mizoram','Mizoram','House number 411 Dadra and Nagar Haveli','B+','male'),(380,'Sultan','Dunn','asthma','www.identity-proof.com/cRtqsytcvx','SultanDunn22@hotmail.com','1958-03-20','3273829655','7516887523','India','Madhya Pradesh','Madhya Pradesh','Madhya Pradesh','House number 710 Sikkim','AB+','female'),(381,'Adenn','Herman','vertigo','www.identity-proof.com/NVqibIxvGH','AdennHerman84@hotmail.com','1995-05-25','9467653338','7779448999','India','Gujarat','Gujarat','Gujarat','House number 731 Bihar','O+','female'),(382,'Orrick','Arnold','  ','www.identity-proof.com/OhCWqRkCYq','OrrickArnold84@gmail.com','1953-12-20','4989741629','3456154765','India','Sikkim','Sikkim','Sikkim','House number 684 Uttar Pradesh','B-','female'),(383,'Eljay','Hampton','  ','www.identity-proof.com/vANptzFmvN','EljayHampton86@gmail.com','1976-09-12','7148267162','5189266722','India','Madhya Pradesh','Madhya Pradesh','Madhya Pradesh','House number 797 Assam','B+','male'),(384,'Jameil','Gilliam','  ','www.identity-proof.com/EhVdgIubwm','JameilGilliam89@yahoo.com','1972-02-14','9333756728','4536777723','India','Maharashtra','Maharashtra','Maharashtra','House number 653 Dadra and Nagar Haveli','A+','female'),(385,'Dale','Collier','  ','www.identity-proof.com/lqbMVpQDaW','DaleCollier48@yahoo.com','2010-11-01','3783382463','9712745246','India','Goa','Goa','Goa','House number 906 Lakshadweep','A+','male'),(386,'Calan','Gilliam','  ','www.identity-proof.com/JBJtUBaZzU','CalanGilliam11@hotmail.com','1974-03-18','6183761755','6635293174','India','Haryana','Haryana','Haryana','House number 119 Tamil Nadu','O+','female'),(387,'Norman','Avila','vertigo','www.identity-proof.com/GVbJFLjste','NormanAvila62@gmail.com','1964-01-03','7765288636','8675814772','India','Odisha','Odisha','Odisha','House number 930 Himachal Pradesh','B+','male'),(388,'Zendel','Franks','migraine','www.identity-proof.com/MUvUSUHhrG','ZendelFranks9@yahoo.com','1966-03-28','7653752285','5929586438','India','Assam','Assam','Assam','House number 627 Jharkhand','A-','male'),(389,'Rossi','Alston','  ','www.identity-proof.com/mcMVQdzLHM','RossiAlston10@yahoo.com','1987-11-03','3886891885','1631659651','India','Odisha','Odisha','Odisha','House number 306 Punjab','A-','male'),(390,'Kasper','Foreman','  ','www.identity-proof.com/JRUPSDiPms','KasperForeman45@gmail.com','1999-03-26','1148472391','3969894575','India','Daman and Diu','Daman and Diu','Daman and Diu','House number 702 Rajasthan','B+','male'),(391,'Danyal','Deleon','  ','www.identity-proof.com/sbZQGEdMxQ','DanyalDeleon91@gmail.com','1968-03-23','5945837636','1934942938','India','Telangana','Telangana','Telangana','House number 737 Mizoram','A-','male'),(392,'Rhuaridh','Dominguez','vertigo','www.identity-proof.com/RAjRSKJCsQ','RhuaridhDominguez22@hotmail.com','1976-04-11','6719223886','1595189574','India','Goa','Goa','Goa','House number 175 West Bengal','B+','male'),(393,'Fergus','Hampton','  ','www.identity-proof.com/NugkZDkfHp','FergusHampton73@gmail.com','1964-02-14','4149774489','1585544623','India','Rajasthan','Rajasthan','Rajasthan','House number 148 Jammu and Kashmir','B+','female'),(394,'Meshach','Avila','  ','www.identity-proof.com/CjejViVBWj','MeshachAvila67@yahoo.com','1966-05-05','1741783977','4841237838','India','Meghalaya','Meghalaya','Meghalaya','House number 142 Andaman and Nicobar Islands','AB+','male'),(395,'Famara','Deleon','  ','www.identity-proof.com/qthivokdyx','FamaraDeleon9@gmail.com','1953-08-06','3974789468','6485468817','India','Uttar Pradesh','Uttar Pradesh','Uttar Pradesh','House number 696 Meghalaya','A-','male'),(396,'Kasper','Alford','  ','www.identity-proof.com/FDJoyPizlM','KasperAlford84@hotmail.com','1978-11-15','7975442487','2715729973','India','Andaman and Nicobar Islands','Andaman and Nicobar Islands','Andaman and Nicobar Islands','House number 85 Andhra Pradesh','O+','male'),(397,'Kaine','Alford','  ','www.identity-proof.com/FECaCQcNeG','KaineAlford16@yahoo.com','1983-04-13','4827627879','9896279977','India','Jammu and Kashmir','Jammu and Kashmir','Jammu and Kashmir','House number 475 Arunachal Pradesh','AB+','male'),(398,'Keigan','Delacruz','  ','www.identity-proof.com/ahlBsyAeIu','KeiganDelacruz98@gmail.com','1968-09-21','1466919321','9371494578','India','Meghalaya','Meghalaya','Meghalaya','House number 927 Tripura','O-','female'),(399,'Ramsey','Dominguez','vertigo','www.identity-proof.com/uGwEoYAVbQ','RamseyDominguez9@hotmail.com','1976-11-01','7174747758','2521855363','India','Arunachal Pradesh','Arunachal Pradesh','Arunachal Pradesh','House number 882 Nagaland','A-','female'),(400,'Kaine','Hays','  ','www.identity-proof.com/KpHOeLFGHQ','KaineHays29@hotmail.com','1960-12-04','3189134894','7178878188','India','Uttarakhand','Uttarakhand','Uttarakhand','House number 581 Odisha','O+','male'),(401,'Tiylar','Garza','migraine','www.identity-proof.com/eCfLQAJUjj','TiylarGarza100@hotmail.com','1967-08-26','4656293415','3552876512','India','Lakshadweep','Lakshadweep','Lakshadweep','House number 499 Arunachal Pradesh','A+','female'),(402,'Lisandro','Duran','  ','www.identity-proof.com/juSfZrLfoW','LisandroDuran45@yahoo.com','1984-11-05','4824692868','4579783157','India','Manipur','Manipur','Manipur','House number 329 Andhra Pradesh','A+','female'),(403,'Rossi','Franks','migraine','www.identity-proof.com/eJILuhdNAp','RossiFranks87@gmail.com','1956-08-18','6741438948','2952228546','India','Himachal Pradesh','Himachal Pradesh','Himachal Pradesh','House number 189 Puducherry','A-','female'),(404,'Rossi','Dickerson','diabetes','www.identity-proof.com/abgZbKmpRF','RossiDickerson9@hotmail.com','2002-04-01','2533238354','6639597483','India','Bihar','Bihar','Bihar','House number 891 Andhra Pradesh','B+','male'),(405,'Munro','Delacruz','diabetes','www.identity-proof.com/VpazTMZAZo','MunroDelacruz85@hotmail.com','2007-11-15','1157413948','9885483894','India','Maharashtra','Maharashtra','Maharashtra','House number 442 Uttar Pradesh','B-','male'),(406,'Daithi','Glass','  ','www.identity-proof.com/KLhDNYJdcF','DaithiGlass76@hotmail.com','1964-04-04','8195927741','7468628331','India','Mizoram','Mizoram','Mizoram','House number 513 Rajasthan','B+','male'),(407,'Danyal','Cooke','  ','www.identity-proof.com/hRXGQuDTVI','DanyalCooke80@hotmail.com','1992-03-07','1753335442','3513933794','India','Goa','Goa','Goa','House number 154 Karnataka','B-','male'),(408,'Steven','Dotson','diabetes','www.identity-proof.com/dEJgjMyiBE','StevenDotson78@gmail.com','2000-11-19','6284927628','7693566146','India','Daman and Diu','Daman and Diu','Daman and Diu','House number 201 Goa','A-','female'),(409,'Robbi','Gillespie','diabetes','www.identity-proof.com/dABbfEVIZv','RobbiGillespie37@yahoo.com','1992-05-15','5226317259','1358659395','India','Manipur','Manipur','Manipur','House number 995 Manipur','A-','male'),(410,'Robby','English','  ','www.identity-proof.com/FNuLZQZTuV','RobbyEnglish24@gmail.com','1967-12-27','4815741774','2762994477','India','Meghalaya','Meghalaya','Meghalaya','House number 583 Chhattisgarh','O+','male'),(411,'Sultan','Guzman','asthma','www.identity-proof.com/zTDtxiZwCS','SultanGuzman71@gmail.com','1984-05-17','7332355388','3867633117','India','Haryana','Haryana','Haryana','House number 995 Meghalaya','A-','female'),(412,'Steven','Guzman','  ','www.identity-proof.com/qCpdUhowJw','StevenGuzman39@hotmail.com','1992-11-03','6297174847','5462295862','India','Odisha','Odisha','Odisha','House number 384 Rajasthan','B+','female'),(413,'McKade','Glass','  ','www.identity-proof.com/chzIhuBDfE','McKadeGlass39@yahoo.com','2007-05-26','7398376713','4139377146','India','Daman and Diu','Daman and Diu','Daman and Diu','House number 990 Jammu and Kashmir','O+','male'),(414,'Robbi','Cummings','diabetes','www.identity-proof.com/FMZuodapCf','RobbiCummings29@yahoo.com','1973-06-06','8975618836','3599194818','India','Andhra Pradesh','Andhra Pradesh','Andhra Pradesh','House number 25 Gujarat','O+','male'),(415,'Tiylar','Cantu','  ','www.identity-proof.com/oTuGAlDJmP','TiylarCantu36@gmail.com','2001-12-27','6264582124','1779239238','India','Uttarakhand','Uttarakhand','Uttarakhand','House number 624 Delhi','B-','male'),(416,'Tammam','Collier','diabetes','www.identity-proof.com/xQafjLIIYw','TammamCollier18@yahoo.com','1951-06-08','2111263554','5763454613','India','Lakshadweep','Lakshadweep','Lakshadweep','House number 86 Assam','O-','female'),(417,'Fergus','Cooke','  ','www.identity-proof.com/UlRLsxWIFQ','FergusCooke88@gmail.com','1998-06-20','5122473266','7941717967','India','Chandigarh','Chandigarh','Chandigarh','House number 97 Uttar Pradesh','O-','male'),(418,'Adenn','Dale','asthma','www.identity-proof.com/lSVOcKVKkK','AdennDale86@yahoo.com','1982-12-07','9446778134','9629717927','India','Mizoram','Mizoram','Mizoram','House number 115 Rajasthan','B+','male'),(419,'Famara','Alston','  ','www.identity-proof.com/LlGMRrHSpq','FamaraAlston76@yahoo.com','2007-01-29','1698236379','4594428679','India','Punjab','Punjab','Punjab','House number 409 Uttar Pradesh','B+','female'),(420,'Tiylar','Hays','  ','www.identity-proof.com/PfDhGqcVuM','TiylarHays87@gmail.com','1993-10-25','5885891584','7145884381','India','Assam','Assam','Assam','House number 535 Mizoram','AB+','male'),(421,'Tiylar','Dominguez','  ','www.identity-proof.com/yFxEJzmKfE','TiylarDominguez9@yahoo.com','1985-08-01','5246465817','5691576718','India','Delhi','Delhi','Delhi','House number 430 Dadra and Nagar Haveli','O+','female'),(422,'Dale','Figueroa','  ','www.identity-proof.com/dEkRCHmcQh','DaleFigueroa89@hotmail.com','1988-08-14','3841626379','4182368815','India','Kerala','Kerala','Kerala','House number 91 Dadra and Nagar Haveli','B-','male'),(423,'Herbert','Dunn','  ','www.identity-proof.com/fVixyJfKMR','HerbertDunn45@yahoo.com','1994-02-17','9739876333','8679971485','India','Lakshadweep','Lakshadweep','Lakshadweep','House number 507 Rajasthan','O+','female'),(424,'Rhuaridh','Dominguez','  ','www.identity-proof.com/btvcvDCgGb','RhuaridhDominguez92@hotmail.com','1988-09-27','9683217285','3974236349','India','Haryana','Haryana','Haryana','House number 904 Chhattisgarh','A+','female'),(425,'Fergus','Fleming','  ','www.identity-proof.com/gYrtkSskLh','FergusFleming58@gmail.com','1988-03-10','9393928323','5784288518','India','Uttarakhand','Uttarakhand','Uttarakhand','House number 196 Puducherry','O-','female'),(426,'Meshach','Dominguez','diabetes','www.identity-proof.com/tJQBizKPFQ','MeshachDominguez11@hotmail.com','1997-12-24','5887354126','8219149681','India','Himachal Pradesh','Himachal Pradesh','Himachal Pradesh','House number 43 Nagaland','A-','female'),(427,'Rio','Alston','asthma','www.identity-proof.com/ItugpntEkP','RioAlston92@gmail.com','1970-04-19','1514429317','9371692642','India','Haryana','Haryana','Haryana','House number 514 Andaman and Nicobar Islands','A-','female'),(428,'Fergus','Alford','diabetes','www.identity-proof.com/OdcQOkImTS','FergusAlford50@hotmail.com','2005-02-15','9487589991','7866814231','India','Mizoram','Mizoram','Mizoram','House number 201 Goa','O-','male'),(429,'McKade','Dominguez','  ','www.identity-proof.com/uJjXNNMvSb','McKadeDominguez95@gmail.com','1995-05-17','6187417368','4913825764','India','Madhya Pradesh','Madhya Pradesh','Madhya Pradesh','House number 427 Andhra Pradesh','B+','female'),(430,'Rishi','Dunn','  ','www.identity-proof.com/SZUOPeLhYr','RishiDunn87@yahoo.com','1965-07-10','3974117147','3526196668','India','Andhra Pradesh','Andhra Pradesh','Andhra Pradesh','House number 705 Gujarat','B+','female'),(431,'Tiylar','Herman','  ','www.identity-proof.com/bsvZFppXhX','TiylarHerman24@yahoo.com','2006-09-15','6133298432','6295546297','India','Goa','Goa','Goa','House number 760 Tripura','O-','male'),(432,'Deecan','Hampton','  ','www.identity-proof.com/QmNOLkuvSN','DeecanHampton50@yahoo.com','1971-09-19','5229634129','3348395373','India','Karnataka','Karnataka','Karnataka','House number 901 Chhattisgarh','AB+','female'),(433,'Kaine','Franks','asthma','www.identity-proof.com/ISdlwkEMcm','KaineFranks90@gmail.com','1978-02-02','3149458636','5212797821','India','Dadra and Nagar Haveli','Dadra and Nagar Haveli','Dadra and Nagar Haveli','House number 915 Puducherry','A+','male'),(434,'Ramsey','Dotson','asthma','www.identity-proof.com/qFtPtegbWY','RamseyDotson33@yahoo.com','1955-12-18','4968271317','5261165374','India','Maharashtra','Maharashtra','Maharashtra','House number 160 Jharkhand','B+','male'),(435,'Munachi','Dominguez','diabetes','www.identity-proof.com/mEyyqqHoeH','MunachiDominguez99@hotmail.com','1965-06-01','6379369265','5157862377','India','Nagaland','Nagaland','Nagaland','House number 53 Lakshadweep','B+','male'),(436,'Munachi','Collier','  ','www.identity-proof.com/uFcsoSYegL','MunachiCollier71@yahoo.com','1979-02-15','6633144475','5727885515','India','Lakshadweep','Lakshadweep','Lakshadweep','House number 219 Gujarat','AB+','female'),(437,'Meshach','Clay','  ','www.identity-proof.com/tBWohNAZkE','MeshachClay28@gmail.com','2005-05-03','2395951131','9678319788','India','Assam','Assam','Assam','House number 599 Himachal Pradesh','A-','female'),(438,'Dale','Foreman','  ','www.identity-proof.com/fjUxMBeMkX','DaleForeman58@gmail.com','1990-12-06','8238367358','4486465497','India','Meghalaya','Meghalaya','Meghalaya','House number 533 Goa','B-','female'),(439,'Sultan','Alford','  ','www.identity-proof.com/eORSEAyEic','SultanAlford0@gmail.com','1998-03-26','9356914353','7872689983','India','Jammu and Kashmir','Jammu and Kashmir','Jammu and Kashmir','House number 417 Rajasthan','A-','female'),(440,'Adenn','Dotson','asthma','www.identity-proof.com/lYJREVTbZu','AdennDotson67@yahoo.com','1974-12-12','9987229258','9186695575','India','Tamil Nadu','Tamil Nadu','Tamil Nadu','House number 831 Chhattisgarh','A+','female'),(441,'Tiylar','Cummings','asthma','www.identity-proof.com/IigipCNmjn','TiylarCummings88@hotmail.com','1954-08-23','1834819415','3554798141','India','Chhattisgarh','Chhattisgarh','Chhattisgarh','House number 639 Bihar','O+','female'),(442,'Norman','Haley','  ','www.identity-proof.com/imjUvxttgj','NormanHaley20@gmail.com','1951-06-18','1278939618','6815597672','India','Goa','Goa','Goa','House number 828 Sikkim','O-','female'),(443,'Steven','Haley','asthma','www.identity-proof.com/SWKqOLAdeR','StevenHaley11@yahoo.com','1962-10-10','7564799753','1777326776','India','Bihar','Bihar','Bihar','House number 856 Himachal Pradesh','B+','male'),(444,'Orrick','Cooke','  ','www.identity-proof.com/QLSeDpfMkx','OrrickCooke34@gmail.com','1957-02-16','1976925475','9711562583','India','Assam','Assam','Assam','House number 639 Gujarat','AB+','female'),(445,'Zendel','Hatfield','  ','www.identity-proof.com/JMbRNXVRvZ','ZendelHatfield21@gmail.com','1956-10-22','6181288488','7744783946','India','Mizoram','Mizoram','Mizoram','House number 621 Tamil Nadu','O+','male'),(446,'Lovell','Griffin','  ','www.identity-proof.com/uaZSOplaNu','LovellGriffin97@yahoo.com','2001-02-28','3987224694','1543259187','India','Gujarat','Gujarat','Gujarat','House number 484 Bihar','A+','female'),(447,'Deecan','Hays','asthma','www.identity-proof.com/jfYQeASnCr','DeecanHays85@gmail.com','1991-03-18','6791442677','1443116975','India','Puducherry','Puducherry','Puducherry','House number 91 Uttarakhand','O+','male'),(448,'Orrick','Hatfield','  ','www.identity-proof.com/BWFdaMoQAE','OrrickHatfield72@hotmail.com','1997-05-25','9889273285','4917675246','India','Jharkhand','Jharkhand','Jharkhand','House number 101 Uttarakhand','B+','male'),(449,'Nicky','Guzman','  ','www.identity-proof.com/RhFNGEiCxt','NickyGuzman48@hotmail.com','1983-03-07','4794282612','2837399492','India','West Bengal','West Bengal','West Bengal','House number 631 Manipur','B+','female'),(450,'Rossi','Alford','diabetes','www.identity-proof.com/HgQuaZUoJM','RossiAlford35@gmail.com','1969-12-15','5427414633','6752871439','India','Jammu and Kashmir','Jammu and Kashmir','Jammu and Kashmir','House number 115 Assam','O+','male'),(451,'Nicky','Herman','  ','www.identity-proof.com/rMDEqLePun','NickyHerman23@gmail.com','2000-03-20','7296695413','5768245766','India','Mizoram','Mizoram','Mizoram','House number 143 Delhi','B-','female'),(452,'Robbi','Hester','asthma','www.identity-proof.com/qyqyMFoCrf','RobbiHester2@yahoo.com','1997-01-12','9837194123','4869739823','India','Himachal Pradesh','Himachal Pradesh','Himachal Pradesh','House number 368 Delhi','O-','male'),(454,'Calan','Ellison','  ','www.identity-proof.com/sxnaEiExZF','CalanEllison50@hotmail.com','2001-07-21','6647319237','7587273196','India','Uttar Pradesh','Uttar Pradesh','Uttar Pradesh','House number 235 Andaman and Nicobar Islands','A+','male'),(455,'Tieran','Arnold','  ','www.identity-proof.com/EQhMuAMSmd','TieranArnold82@hotmail.com','1953-05-02','6847553549','1754691473','India','Assam','Assam','Assam','House number 458 Tripura','AB+','female'),(456,'Sullivan','Blackburn','diabetes','www.identity-proof.com/iPUcVgXtna','SullivanBlackburn32@hotmail.com','1956-03-21','1914442917','5119928861','India','Maharashtra','Maharashtra','Maharashtra','House number 864 Haryana','B+','male'),(457,'Jon','Collier','asthma','www.identity-proof.com/oEQlJuYysL','JonCollier23@gmail.com','1976-01-04','3217826223','1683154728','India','Manipur','Manipur','Manipur','House number 552 Odisha','AB+','female'),(458,'Famara','Dale','  ','www.identity-proof.com/aMMwLLwXZP','FamaraDale23@yahoo.com','1969-03-11','3617313496','1821312891','India','Sikkim','Sikkim','Sikkim','House number 934 Maharashtra','AB+','female'),(459,'Jon','Alford','  ','www.identity-proof.com/QbkKZpWzyC','JonAlford11@yahoo.com','1971-03-07','6463287212','2728953826','India','Kerala','Kerala','Kerala','House number 734 Andhra Pradesh','B+','female'),(460,'Rishi','English','  ','www.identity-proof.com/QPVSTLyodl','RishiEnglish92@gmail.com','1968-07-19','6726556779','8992248718','India','Madhya Pradesh','Madhya Pradesh','Madhya Pradesh','House number 48 Uttarakhand','AB+','male'),(461,'Tammam','Collier','asthma','www.identity-proof.com/JLwKfixygH','TammamCollier20@gmail.com','1964-03-01','5517949636','6531761825','India','Odisha','Odisha','Odisha','House number 244 Dadra and Nagar Haveli','O+','female'),(462,'Rhuaridh','Bonner','asthma','www.identity-proof.com/eppwqDrcYU','RhuaridhBonner2@hotmail.com','1997-01-24','4913473351','8146839165','India','Punjab','Punjab','Punjab','House number 925 Maharashtra','O-','male'),(463,'Nicky','Franks','migraine','www.identity-proof.com/fCDpJhQZJP','NickyFranks42@hotmail.com','1989-02-14','5381665863','3411775544','India','Chhattisgarh','Chhattisgarh','Chhattisgarh','House number 746 Arunachal Pradesh','B+','male'),(464,'Koray','Dotson','  ','www.identity-proof.com/isGVDyckeU','KorayDotson64@gmail.com','1951-12-28','4823698484','7634852761','India','Madhya Pradesh','Madhya Pradesh','Madhya Pradesh','House number 608 Chhattisgarh','A-','male'),(465,'Munachi','Deleon','vertigo','www.identity-proof.com/Lkfxnbvyuk','MunachiDeleon59@gmail.com','2005-03-11','6268874875','7638141672','India','West Bengal','West Bengal','West Bengal','House number 387 Sikkim','A+','male'),(466,'Lovell','Cruz','diabetes','www.identity-proof.com/pvaTHlRtYU','LovellCruz91@hotmail.com','1968-01-20','8717842435','3748128873','India','Tamil Nadu','Tamil Nadu','Tamil Nadu','House number 347 Gujarat','AB+','male'),(467,'Lovell','Hays','asthma','www.identity-proof.com/ByObHhvtmB','LovellHays90@gmail.com','2007-08-15','9871889127','3899191855','India','Nagaland','Nagaland','Nagaland','House number 128 Delhi','O+','female'),(468,'Nicky','Alston','  ','www.identity-proof.com/NUgabtRVXI','NickyAlston42@yahoo.com','2010-10-04','9594287528','1324317383','India','Madhya Pradesh','Madhya Pradesh','Madhya Pradesh','House number 643 Kerala','B-','female'),(469,'McKade','Franks','asthma','www.identity-proof.com/DcBdeUFOCK','McKadeFranks12@gmail.com','2002-02-01','7815881456','2967728694','India','Dadra and Nagar Haveli','Dadra and Nagar Haveli','Dadra and Nagar Haveli','House number 415 Daman and Diu','O-','male'),(470,'Johnpaul','Conway','asthma','www.identity-proof.com/zWNyUtLdSt','JohnpaulConway11@hotmail.com','1994-06-29','5243397546','9129142754','India','Karnataka','Karnataka','Karnataka','House number 781 Dadra and Nagar Haveli','B+','male'),(471,'Zendel','Dominguez','migraine','www.identity-proof.com/pzptmiXaIK','ZendelDominguez46@gmail.com','1971-05-04','3795575979','7141557455','India','Rajasthan','Rajasthan','Rajasthan','House number 311 Himachal Pradesh','A+','male'),(472,'Sultan','Day','  ','www.identity-proof.com/QzzAhyCucT','SultanDay56@yahoo.com','1969-02-05','2287674815','2861928353','India','Delhi','Delhi','Delhi','House number 11 Arunachal Pradesh','O-','female'),(473,'Shreeram','Hays','  ','www.identity-proof.com/GlSnYhPxoB','ShreeramHays16@yahoo.com','1955-04-02','8984931339','1654228597','India','Chandigarh','Chandigarh','Chandigarh','House number 880 Kerala','O-','male'),(474,'Orrick','Griffin','asthma','www.identity-proof.com/NguNHZuZYu','OrrickGriffin25@hotmail.com','1998-05-17','3959947687','8687793146','India','Assam','Assam','Assam','House number 473 Lakshadweep','O+','male'),(475,'Nicky','Chavez','migraine','www.identity-proof.com/nixJPnmGpZ','NickyChavez45@hotmail.com','1985-01-12','9317418416','8271382167','India','Jharkhand','Jharkhand','Jharkhand','House number 132 Lakshadweep','O+','male'),(476,'Kasper','Glass','diabetes','www.identity-proof.com/mfoXmvbZmg','KasperGlass40@hotmail.com','1960-01-09','3245948514','1944664798','India','Dadra and Nagar Haveli','Dadra and Nagar Haveli','Dadra and Nagar Haveli','House number 180 Madhya Pradesh','B-','female'),(477,'Meshach','Garza','migraine','www.identity-proof.com/rnQzNqqQTJ','MeshachGarza37@hotmail.com','1994-03-12','5159256761','6344414194','India','Haryana','Haryana','Haryana','House number 267 Nagaland','O+','male'),(478,'Daithi','Conway','asthma','www.identity-proof.com/XGeAfWyrQL','DaithiConway43@yahoo.com','1999-06-21','7977459625','7651916742','India','Odisha','Odisha','Odisha','House number 105 Jammu and Kashmir','O-','male'),(479,'Herbert','Fleming','  ','www.identity-proof.com/eZQWVoaqXe','HerbertFleming86@yahoo.com','1991-03-03','7335326969','6728931487','India','Telangana','Telangana','Telangana','House number 469 Nagaland','B+','male'),(480,'Johnpaul','Gilliam','asthma','www.identity-proof.com/SnhAGtMoPH','JohnpaulGilliam27@yahoo.com','1976-05-15','9895983314','3194124221','India','Chhattisgarh','Chhattisgarh','Chhattisgarh','House number 610 West Bengal','A+','female'),(481,'Alex','Guzman','asthma','www.identity-proof.com/htMhzIgEbT','AlexGuzman1@gmail.com','1954-02-05','7492715114','9916877971','India','Lakshadweep','Lakshadweep','Lakshadweep','House number 448 Sikkim','B-','male'),(482,'Marius','Hampton','migraine','www.identity-proof.com/UMqkemQQjU','MariusHampton54@gmail.com','1969-12-06','1759252864','1564296384','India','Karnataka','Karnataka','Karnataka','House number 646 Tripura','A-','male'),(483,'Calan','Dale','diabetes','www.identity-proof.com/QRGDKMowXA','CalanDale5@gmail.com','1977-07-13','1226537927','4622143114','India','Daman and Diu','Daman and Diu','Daman and Diu','House number 558 Gujarat','O+','male'),(484,'Steven','Arnold','  ','www.identity-proof.com/eHTwfSpvgt','StevenArnold25@hotmail.com','1960-04-16','7427743493','3443477923','India','Bihar','Bihar','Bihar','House number 526 Himachal Pradesh','A+','male'),(485,'Eljay','Hays','  ','www.identity-proof.com/ekwWsvezFW','EljayHays44@gmail.com','2006-09-25','1126837262','1542749569','India','Odisha','Odisha','Odisha','House number 921 Manipur','A+','female'),(486,'Tiylar','Bonner','  ','www.identity-proof.com/hUniySUObx','TiylarBonner51@gmail.com','1954-07-16','8484974876','1517239384','India','Uttar Pradesh','Uttar Pradesh','Uttar Pradesh','House number 185 Andhra Pradesh','A-','male'),(487,'Rio','Hampton','  ','www.identity-proof.com/ohASFPyNWk','RioHampton48@yahoo.com','1997-02-11','8118834327','4659832953','India','Odisha','Odisha','Odisha','House number 501 Maharashtra','O-','male'),(488,'Jameil','Dale','  ','www.identity-proof.com/jqAMwalcgi','JameilDale100@hotmail.com','2004-11-03','5512655684','8327862447','India','Odisha','Odisha','Odisha','House number 78 Jammu and Kashmir','AB+','male'),(489,'Robby','Fleming','asthma','www.identity-proof.com/xIoNQaTRJM','RobbyFleming69@yahoo.com','1982-12-04','6638149579','2244247598','India','Andhra Pradesh','Andhra Pradesh','Andhra Pradesh','House number 705 Chhattisgarh','AB+','male'),(490,'Lovell','Gilliam','diabetes','www.identity-proof.com/HpMqZgijNA','LovellGilliam70@yahoo.com','1966-08-20','9224797946','4818428214','India','Maharashtra','Maharashtra','Maharashtra','House number 832 Arunachal Pradesh','A+','female'),(491,'Alex','Griffin','diabetes','www.identity-proof.com/CEqszukHaV','AlexGriffin93@yahoo.com','1976-02-18','3645524193','9361495444','India','Sikkim','Sikkim','Sikkim','House number 483 Goa','O+','female'),(492,'Hector','Hays','  ','www.identity-proof.com/IhOIJjksyi','HectorHays73@hotmail.com','1957-03-02','5568897915','7626586951','India','Jammu and Kashmir','Jammu and Kashmir','Jammu and Kashmir','House number 843 Goa','B+','female'),(493,'Danyal','Hatfield','vertigo','www.identity-proof.com/UoLSUkDbUP','DanyalHatfield8@yahoo.com','1994-08-25','9215239936','7141347138','India','Gujarat','Gujarat','Gujarat','House number 336 Madhya Pradesh','B-','male'),(494,'Harvey','Gillespie','  ','www.identity-proof.com/RhqYiVzRhO','HarveyGillespie24@hotmail.com','1981-09-17','4581349349','2449966466','India','Mizoram','Mizoram','Mizoram','House number 839 Haryana','O+','male'),(495,'Keigan','Fleming','asthma','www.identity-proof.com/SehjxmuLGw','KeiganFleming94@yahoo.com','2007-12-26','2942416594','8425631191','India','Manipur','Manipur','Manipur','House number 239 Chandigarh','A-','male'),(496,'Nicky','Avila','  ','www.identity-proof.com/yXnIWByeYK','NickyAvila75@yahoo.com','2008-08-07','1784956481','6436292491','India','Maharashtra','Maharashtra','Maharashtra','House number 369 Uttarakhand','A+','female'),(497,'Johnpaul','Avila','  ','www.identity-proof.com/XoBFVAvxYC','JohnpaulAvila98@gmail.com','2004-07-27','4189759274','8116748495','India','Meghalaya','Meghalaya','Meghalaya','House number 646 Punjab','O-','female'),(498,'Calan','Gray','diabetes','www.identity-proof.com/DHhSwHHzuZ','CalanGray97@hotmail.com','2001-10-05','6541829786','3597441466','India','Tamil Nadu','Tamil Nadu','Tamil Nadu','House number 146 Odisha','A+','female'),(499,'Lovell','Day','migraine','www.identity-proof.com/aCsKQbGpHo','LovellDay65@hotmail.com','1975-09-14','3786283684','5282777858','India','Dadra and Nagar Haveli','Dadra and Nagar Haveli','Dadra and Nagar Haveli','House number 896 Uttar Pradesh','O-','female'),(500,'Johnpaul','Conway','vertigo','www.identity-proof.com/MpGJeFkUbh','JohnpaulConway72@gmail.com','1982-10-26','7863944614','6171344768','India','Telangana','Telangana','Telangana','House number 474 Manipur','O-','male');
/*!40000 ALTER TABLE `customer_info` ENABLE KEYS */;
UNLOCK TABLES;

--
-- Table structure for table `guide_of`
--

DROP TABLE IF EXISTS `guide_of`;
/*!40101 SET @saved_cs_client     = @@character_set_client */;
/*!50503 SET character_set_client = utf8mb4 */;
CREATE TABLE `guide_of` (
  `employee_id` int NOT NULL,
  `trek_group_id` int NOT NULL,
  PRIMARY KEY (`employee_id`,`trek_group_id`),
  KEY `trek_group_id` (`trek_group_id`),
  CONSTRAINT `guide_of_ibfk_1` FOREIGN KEY (`trek_group_id`) REFERENCES `trek_group` (`trek_group_id`),
  CONSTRAINT `guide_of_ibfk_2` FOREIGN KEY (`employee_id`) REFERENCES `agency_employee` (`employee_id`)
) ENGINE=InnoDB DEFAULT CHARSET=utf8mb4 COLLATE=utf8mb4_0900_ai_ci;
/*!40101 SET character_set_client = @saved_cs_client */;

--
-- Dumping data for table `guide_of`
--

LOCK TABLES `guide_of` WRITE;
/*!40000 ALTER TABLE `guide_of` DISABLE KEYS */;
INSERT INTO `guide_of` VALUES (32,1),(161,1),(240,1),(322,1),(331,1),(395,1),(447,1),(91,2),(146,2),(322,2),(395,2),(447,2),(5,3),(32,3),(115,3),(146,3),(147,3),(155,3),(212,3),(263,3),(300,3),(319,3),(325,3),(336,3),(342,3),(388,3),(391,3),(32,4),(91,4),(146,4),(155,4),(161,4),(188,4),(352,4),(421,4),(455,4),(32,5),(75,5),(113,5),(172,5),(212,5),(284,5),(292,5),(319,5),(391,5),(421,5),(1,6),(122,6),(147,6),(190,6),(263,6),(284,6),(300,6),(391,6),(1,7),(113,7),(155,7),(172,7),(188,7),(212,7),(240,7),(241,7),(253,7),(325,7),(336,7),(342,7),(362,7),(391,7),(407,7),(445,7),(451,7),(62,8),(75,8),(188,8),(241,8),(284,8),(292,8),(32,9),(91,9),(147,9),(161,9),(203,9),(292,9),(307,9),(322,9),(325,9),(336,9),(388,9),(391,9),(447,9),(450,9),(146,10),(188,10),(212,10),(263,10),(284,10),(292,10),(319,10),(325,10),(331,10),(336,10),(421,10),(447,10),(5,11),(62,11),(122,11),(146,11),(201,11),(331,11),(391,11),(421,11),(451,11),(62,12),(75,12),(115,12),(122,12),(146,12),(161,12),(190,12),(203,12),(362,12),(466,12),(1,13),(190,13),(307,13),(319,13),(336,13),(342,13),(391,13),(395,13),(421,13),(450,13),(455,13),(466,13),(91,14),(188,14),(201,14),(241,14),(322,14),(342,14),(391,14),(395,14),(407,14),(445,14),(455,14),(75,15),(172,15),(253,15),(307,15),(352,15),(451,15);
/*!40000 ALTER TABLE `guide_of` ENABLE KEYS */;
UNLOCK TABLES;

--
-- Table structure for table `permit`
--

DROP TABLE IF EXISTS `permit`;
/*!40101 SET @saved_cs_client     = @@character_set_client */;
/*!50503 SET character_set_client = utf8mb4 */;
CREATE TABLE `permit` (
  `valid_from` date NOT NULL,
  `valid_thru` date NOT NULL,
  `issued_on` datetime NOT NULL,
  `permit_id` int NOT NULL AUTO_INCREMENT,
  `group_id` int NOT NULL,
  PRIMARY KEY (`permit_id`),
  KEY `group_id` (`group_id`),
  CONSTRAINT `permit_ibfk_1` FOREIGN KEY (`group_id`) REFERENCES `trek_group` (`trek_group_id`)
) ENGINE=InnoDB AUTO_INCREMENT=16 DEFAULT CHARSET=utf8mb4 COLLATE=utf8mb4_0900_ai_ci;
/*!40101 SET character_set_client = @saved_cs_client */;

--
-- Dumping data for table `permit`
--

LOCK TABLES `permit` WRITE;
/*!40000 ALTER TABLE `permit` DISABLE KEYS */;
INSERT INTO `permit` VALUES ('2020-01-05','2020-04-05','2020-01-05 00:00:00',1,1),('2021-08-15','2021-11-15','2021-08-15 00:00:00',2,2),('2021-02-08','2021-04-08','2021-02-08 00:00:00',3,3),('2019-03-07','2019-04-07','2019-03-07 00:00:00',4,4),('2020-08-03','2020-10-03','2020-08-03 00:00:00',5,5),('2019-03-10','2019-06-10','2019-03-10 00:00:00',6,6),('2020-02-12','2020-03-12','2020-02-12 00:00:00',7,7),('2021-05-07','2021-07-07','2021-05-07 00:00:00',8,8),('2019-01-01','2019-04-01','2019-01-01 00:00:00',9,9),('2020-08-10','2020-09-10','2020-08-10 00:00:00',10,10),('2019-09-09','2019-11-09','2019-09-09 00:00:00',11,11),('2020-07-10','2020-08-10','2020-07-10 00:00:00',12,12),('2021-03-11','2021-05-11','2021-03-11 00:00:00',13,13),('2020-03-06','2020-05-06','2020-03-06 00:00:00',14,14),('2019-03-08','2019-05-08','2019-03-08 00:00:00',15,15);
/*!40000 ALTER TABLE `permit` ENABLE KEYS */;
UNLOCK TABLES;

--
-- Table structure for table `review_photos`
--

DROP TABLE IF EXISTS `review_photos`;
/*!40101 SET @saved_cs_client     = @@character_set_client */;
/*!50503 SET character_set_client = utf8mb4 */;
CREATE TABLE `review_photos` (
  `photo_url` varchar(200) NOT NULL,
  `email` varchar(128) NOT NULL,
  `trek_id` int NOT NULL,
  PRIMARY KEY (`email`,`trek_id`,`photo_url`),
  KEY `trek_id` (`trek_id`),
  CONSTRAINT `review_photos_ibfk_1` FOREIGN KEY (`email`) REFERENCES `customer_account` (`email`),
  CONSTRAINT `review_photos_ibfk_2` FOREIGN KEY (`trek_id`) REFERENCES `trek` (`trek_id`)
) ENGINE=InnoDB DEFAULT CHARSET=utf8mb4 COLLATE=utf8mb4_0900_ai_ci;
/*!40101 SET character_set_client = @saved_cs_client */;

--
-- Dumping data for table `review_photos`
--

LOCK TABLES `review_photos` WRITE;
/*!40000 ALTER TABLE `review_photos` DISABLE KEYS */;
INSERT INTO `review_photos` VALUES ('www.photo.com/oRwXDKQzRR','NormanDotson35@hotmail.com',1),('www.photo.com/BmMYFwkdKP','RobbiGillespie37@yahoo.com',1),('www.photo.com/aKbtLmYPkS','TiylarCrane53@yahoo.com',1),('www.photo.com/ZspmvdznGC','TiylarHerman24@yahoo.com',1),('www.photo.com/ilXugdCjFD','HectorHays23@hotmail.com',2),('www.photo.com/TzkKWCoXnF','JameilGood58@gmail.com',2),('www.photo.com/cDroMYYuKk','NormanBlair52@yahoo.com',2),('www.photo.com/AxwuwDsxFf','OrrickDuran11@hotmail.com',2),('www.photo.com/UFTrPXueCw','SultanBonner80@yahoo.com',2),('www.photo.com/zsrqZiRgvE','TommyEnglish93@gmail.com',2),('www.photo.com/fxrWUsTnWr','JameilHester100@yahoo.com',3),('www.photo.com/nQSaoTbJfw','JudahDickerson12@hotmail.com',3),('www.photo.com/BxPabvIekH','JudahGriffin63@gmail.com',3),('www.photo.com/hYTxEgSuTR','McKadeDelacruz35@hotmail.com',3),('www.photo.com/QuPMgMRICh','TitusHester84@gmail.com',3),('www.photo.com/jltXsLgwck','DanyalDeleon91@gmail.com',4),('www.photo.com/tlJZxhBfKB','MeshachBonner39@yahoo.com',4),('www.photo.com/fyXCjHwEWt','MunroHerman100@yahoo.com',4),('www.photo.com/MbSGlfXiNf','MunroHerman100@yahoo.com',4),('www.photo.com/IKrXHccaIq','RobbiHampton81@gmail.com',4),('www.photo.com/mrDHlIjZtB','AdennDodson100@yahoo.com',5),('www.photo.com/GhnYMbrIsP','FamaraGuzman38@yahoo.com',5),('www.photo.com/fLchbxWfkf','KaineDunn48@hotmail.com',5),('www.photo.com/YRIvDrKBeP','LisandroCollier61@gmail.com',5),('www.photo.com/ibpZLhUCmU','LovellGood93@gmail.com',5),('www.photo.com/FXYtRvqqxi','NickyAlston42@yahoo.com',5),('www.photo.com/BrgWXwKXUq','RhuaridhDominguez22@hotmail.com',5),('www.photo.com/EUHAkTldcC','FergusAlford50@hotmail.com',6),('www.photo.com/jCBclkBYDl','FergusDeleon20@gmail.com',6),('www.photo.com/grINGAlXuI','NormanHerman31@hotmail.com',6),('www.photo.com/RBvweOFYTB','RhuaridhDelacruz90@hotmail.com',6),('www.photo.com/GhcVhTQTIz','RishiHester6@hotmail.com',6),('www.photo.com/OHYHWqGCaI','RobbiGillespie58@yahoo.com',6),('www.photo.com/GCVeOpXbDH','ShreeramHerman95@gmail.com',6),('www.photo.com/yKXBHekndR','TommyCooke84@hotmail.com',6),('www.photo.com/hobSplkoZw','JohnpaulHester62@gmail.com',7),('www.photo.com/KOfVPdQhHg','JordiCantu45@gmail.com',7),('www.photo.com/xHTrqueYGM','LisandroEnglish6@gmail.com',7),('www.photo.com/rtEBMqsIwb','NickyGuzman48@hotmail.com',7),('www.photo.com/pnWmrPgmle','StevenGuzman39@hotmail.com',7),('www.photo.com/VQmrlZMgdT','WilsonDay68@gmail.com',7),('www.photo.com/BDHarwwijZ','CalanGilliam96@yahoo.com',8),('www.photo.com/lNUglkbPMN','DanyalCooke80@hotmail.com',8),('www.photo.com/LWMumigaYH','JohnpaulAvila98@gmail.com',8),('www.photo.com/ejuDDtxyfL','RossiAvila36@yahoo.com',8),('www.photo.com/KKPqOgQUkU','SullivanGriffin87@hotmail.com',8),('www.photo.com/lGdZMfWtHe','DanyalDeleon91@gmail.com',9),('www.photo.com/zzbOOIcjFt','MunroHerman100@yahoo.com',9),('www.photo.com/tzIUiATvse','NickyHatfield36@yahoo.com',9),('www.photo.com/JVgdOvSfNl','RobbiDominguez89@hotmail.com',9),('www.photo.com/SjczlEfbys','FergusFleming58@gmail.com',10),('www.photo.com/WhaPnCVSGi','HarveyFranks52@hotmail.com',10),('www.photo.com/gjDAqlkKbL','JohnpaulForeman42@hotmail.com',10),('www.photo.com/BdArIQoCjO','JonEnglish11@hotmail.com',10),('www.photo.com/iHjhNcKzYM','LisandroDuran45@yahoo.com',10),('www.photo.com/PBHLRPXSQk','LovellAlston17@gmail.com',10),('www.photo.com/SEFZUYStCP','ZendelClay71@yahoo.com',10),('www.photo.com/psWvwUGdmR','FergusDelacruz60@hotmail.com',11),('www.photo.com/teAhDKjKcL','MariusFranks27@gmail.com',11),('www.photo.com/RRGaUykXAb','NormanGriffin41@yahoo.com',11),('www.photo.com/zYWNaZHKkI','RhuaridhFigueroa91@yahoo.com',11),('www.photo.com/bbUcGZuLAQ','RossiDelacruz52@yahoo.com',11),('www.photo.com/vFdHNonmSs','StevenGray96@yahoo.com',11),('www.photo.com/BwOaKgsFRm','StevenHaley11@yahoo.com',11),('www.photo.com/UXiSGZoUhB','CalanGuzman33@hotmail.com',12),('www.photo.com/uOQCEkYJRH','FamaraFigueroa93@yahoo.com',12),('www.photo.com/HfTIyUwzfs','JudahHerman72@gmail.com',12),('www.photo.com/IOVAGzxlil','KorayAlston63@gmail.com',12),('www.photo.com/xRdzXQehOM','AlexConway36@hotmail.com',13),('www.photo.com/IyTLVcesJc','DeecanCummings34@gmail.com',13),('www.photo.com/aPmSvnBUTZ','KasperForeman22@hotmail.com',13),('www.photo.com/jPtXtOOHiL','MunachiGillespie60@yahoo.com',13),('www.photo.com/OnLLYnIjNY','NormanBlair9@hotmail.com',13),('www.photo.com/iOOdeTRCoz','RossiCruz30@hotmail.com',13),('www.photo.com/qGaWhwqyBF','HectorHays23@hotmail.com',14),('www.photo.com/zyfHipPnXk','AdennDale86@yahoo.com',15),('www.photo.com/CUuhteflsO','KasperAlford21@gmail.com',15),('www.photo.com/mFTLiddEBa','DaleFigueroa89@hotmail.com',16),('www.photo.com/jObeSXfyUi','HerbertDunn45@yahoo.com',16),('www.photo.com/YGlRjExUKu','JudahAlston30@yahoo.com',16),('www.photo.com/chFTloUUTv','NormanEllison34@yahoo.com',16),('www.photo.com/XTtlQQNnSU','TiylarDominguez9@yahoo.com',16),('www.photo.com/VGZzKucdRG','CalanDale5@gmail.com',17),('www.photo.com/QWeCTmkDmq','JordiCruz49@hotmail.com',17),('www.photo.com/TNTZvTLsHz','LovellDale4@yahoo.com',17),('www.photo.com/yfJFqxqXvz','RhuaridhGuzman72@yahoo.com',17),('www.photo.com/OWMJIPNbLb','DaleForeman58@gmail.com',18),('www.photo.com/RGUXMoaOYr','JonCummings9@gmail.com',18),('www.photo.com/zaLbbTXtmY','KorayCooke63@yahoo.com',18),('www.photo.com/ZpRtSplbzU','MeshachCraft83@yahoo.com',18),('www.photo.com/KSRYkyUmWC','RobbiHampton16@hotmail.com',18),('www.photo.com/jNWngRvSAX','JameilHays0@yahoo.com',19),('www.photo.com/iDXAqmXxmJ','RamseyCooley69@hotmail.com',19),('www.photo.com/PeQQZozfKJ','RioAlston92@gmail.com',19),('www.photo.com/jRJqwUmnhy','ShreeramDeleon99@yahoo.com',19),('www.photo.com/bvuhxWWDfX','SullivanCallahan66@hotmail.com',19),('www.photo.com/tEVUHooIUE','AdennDale86@yahoo.com',20),('www.photo.com/tehRRRccei','DanyalDunn60@yahoo.com',20),('www.photo.com/LuAHHDhpMo','OrrickDunn21@gmail.com',20),('www.photo.com/jCKMIHUkGP','StevenDickerson96@yahoo.com',20);
/*!40000 ALTER TABLE `review_photos` ENABLE KEYS */;
UNLOCK TABLES;

--
-- Table structure for table `reviews`
--

DROP TABLE IF EXISTS `reviews`;
/*!40101 SET @saved_cs_client     = @@character_set_client */;
/*!50503 SET character_set_client = utf8mb4 */;
CREATE TABLE `reviews` (
  `food_rating` int NOT NULL,
  `date_of_posting` datetime NOT NULL,
  `trek_rating` int NOT NULL,
  `camping_rating` int NOT NULL,
  `review_text` varchar(256) NOT NULL,
  `email` varchar(128) NOT NULL,
  `trek_id` int NOT NULL,
  PRIMARY KEY (`email`,`trek_id`),
  KEY `trek_id` (`trek_id`),
  CONSTRAINT `reviews_ibfk_1` FOREIGN KEY (`trek_id`) REFERENCES `trek` (`trek_id`),
  CONSTRAINT `reviews_ibfk_2` FOREIGN KEY (`email`) REFERENCES `customer_account` (`email`),
  CONSTRAINT `reviews_chk_1` CHECK (((`trek_rating` >= 1) and (`trek_rating` <= 10))),
  CONSTRAINT `reviews_chk_2` CHECK (((`camping_rating` >= 1) and (`camping_rating` <= 10)))
) ENGINE=InnoDB DEFAULT CHARSET=utf8mb4 COLLATE=utf8mb4_0900_ai_ci;
/*!40101 SET character_set_client = @saved_cs_client */;

--
-- Dumping data for table `reviews`
--

LOCK TABLES `reviews` WRITE;
/*!40000 ALTER TABLE `reviews` DISABLE KEYS */;
INSERT INTO `reviews` VALUES (3,'2020-09-12 00:00:00',6,7,'geEltZiNQH','AdennChavez79@gmail.com',18),(9,'2020-07-02 00:00:00',6,4,'ZDOUJbLviC','AdennChavez79@gmail.com',50),(7,'2021-12-29 00:00:00',5,3,'aIYqnqNYMX','AdennDale86@yahoo.com',19),(2,'2021-09-13 00:00:00',5,9,'JABEMHgVLf','AlexBonner0@hotmail.com',11),(1,'2019-02-06 00:00:00',5,6,'yBIfYVXIIZ','AlexConway36@hotmail.com',13),(2,'2019-05-11 00:00:00',8,2,'TrkyKtHNmV','AlexConway36@hotmail.com',41),(4,'2019-04-09 00:00:00',7,5,'dTALHNsnmR','AlexCooley41@yahoo.com',16),(1,'2020-04-16 00:00:00',4,3,'sJpfPApYzp','AlexCruz56@hotmail.com',32),(6,'2020-11-19 00:00:00',5,9,'JCVVZfGIEL','AlexDelacruz19@hotmail.com',24),(4,'2021-10-16 00:00:00',4,5,'MOFSwSuzsQ','AlexFleming75@gmail.com',27),(2,'2019-09-03 00:00:00',4,9,'LSUOXxTYjd','AlexFleming75@gmail.com',38),(4,'2020-04-07 00:00:00',1,4,'MFjKgFiuEu','AlexHaley61@gmail.com',8),(8,'2021-05-17 00:00:00',2,4,'SOQMgZQwrx','CalanFigueroa7@yahoo.com',38),(7,'2021-03-24 00:00:00',1,6,'xNgjeLVuPp','DaithiGlass76@hotmail.com',19),(3,'2019-03-05 00:00:00',3,4,'mcXBSjqFlP','DaleHerman37@hotmail.com',15),(2,'2021-08-15 00:00:00',7,10,'ikyrfPIQmN','DanyalCooke80@hotmail.com',7),(2,'2019-09-15 00:00:00',4,4,'ZhfxmeWEtJ','DanyalCrane32@gmail.com',47),(4,'2021-11-16 00:00:00',4,6,'bUCWrPgtcH','DanyalHampton31@hotmail.com',9),(6,'2021-07-11 00:00:00',7,2,'LDCWvqLnWP','DanyalHampton31@hotmail.com',32),(3,'2021-03-19 00:00:00',9,4,'XOpIjNvDya','DeecanCummings34@gmail.com',33),(1,'2021-10-07 00:00:00',6,1,'VtFzpYPdAX','EljayGarza8@hotmail.com',32),(3,'2019-04-25 00:00:00',1,6,'rqskLbjXWQ','EljayGarza8@hotmail.com',44),(5,'2019-01-19 00:00:00',2,2,'NLoElfNqNk','EljayHester47@hotmail.com',2),(9,'2021-12-17 00:00:00',1,5,'HyuHEYTPCI','FamaraCantu7@yahoo.com',12),(6,'2021-06-11 00:00:00',7,10,'mpHIFtkIux','FamaraCrane36@yahoo.com',7),(4,'2021-04-11 00:00:00',1,10,'CQopFyPynR','FamaraDale98@gmail.com',36),(10,'2021-07-02 00:00:00',2,7,'dezSpcPyrV','FamaraFigueroa93@yahoo.com',14),(2,'2021-09-13 00:00:00',4,9,'Odbyfklddg','HarveyAlston66@yahoo.com',18),(1,'2020-09-16 00:00:00',3,4,'jPlzJOSHmp','HarveyDickerson60@hotmail.com',21),(1,'2019-10-16 00:00:00',7,2,'NLUNaINSyw','HarveyDodson67@hotmail.com',22),(1,'2021-09-24 00:00:00',2,3,'yKAqaugTXU','HarveyDodson67@hotmail.com',35),(3,'2019-02-18 00:00:00',4,3,'kvLEkCprMV','HarveyDodson67@hotmail.com',38),(10,'2021-03-17 00:00:00',7,3,'mJNlwqwMDC','HarveyDuran99@hotmail.com',5),(2,'2019-10-18 00:00:00',6,6,'WPmpaSKgZP','HectorAlston6@yahoo.com',26),(8,'2019-03-11 00:00:00',4,9,'SmMaVnQurl','HectorDominguez75@gmail.com',43),(2,'2021-02-06 00:00:00',2,5,'pqHFXWYkVS','HerbertCantu47@gmail.com',36),(10,'2020-05-16 00:00:00',4,3,'aRdJftnZUY','HerbertDunn45@yahoo.com',37),(2,'2021-06-22 00:00:00',3,8,'YsRoKDWpRa','HerbertGarza86@hotmail.com',6),(5,'2021-08-27 00:00:00',4,2,'PtilBExZUA','JameilDunn20@gmail.com',45),(7,'2020-07-12 00:00:00',7,9,'HspsnekhWj','JameilGood58@gmail.com',10),(1,'2021-02-20 00:00:00',7,6,'PmLufWraTb','JameilHester100@yahoo.com',32),(5,'2021-04-12 00:00:00',7,3,'ssFsjTIbnN','JohnpaulBonner65@hotmail.com',43),(10,'2021-07-26 00:00:00',2,10,'TUMopNsOfU','JohnpaulForeman42@hotmail.com',36),(10,'2019-07-03 00:00:00',4,4,'KJJVlzpqUO','JonCooley91@gmail.com',40),(5,'2019-10-24 00:00:00',8,5,'yJdnDWXVkJ','JonCrane47@gmail.com',34),(2,'2019-10-28 00:00:00',4,10,'ePXpKzaVuU','JonCrane99@hotmail.com',6),(7,'2020-03-22 00:00:00',2,1,'chsMbFuWwl','JonCummings9@gmail.com',34),(1,'2020-04-10 00:00:00',6,1,'BBkRDCEfqa','JonDominguez15@hotmail.com',20),(10,'2019-01-11 00:00:00',6,2,'uZPzFhGDXl','JordiGray30@hotmail.com',2),(2,'2020-05-10 00:00:00',10,2,'yajZhUFtKq','JudahConway91@yahoo.com',16),(6,'2020-03-18 00:00:00',2,2,'xYWmqhUpvl','JudahDickerson12@hotmail.com',11),(4,'2020-04-16 00:00:00',1,1,'wmmYISbHnn','JudahHill71@yahoo.com',29),(3,'2020-07-18 00:00:00',6,2,'KDzKFzIbmO','KaineDale94@gmail.com',9),(1,'2020-03-17 00:00:00',10,3,'wssrthGStb','KaineDale94@gmail.com',24),(10,'2019-10-17 00:00:00',6,5,'RthnzbbXEk','KasperCrane37@hotmail.com',34),(2,'2020-05-01 00:00:00',4,2,'espoPcFprH','KasperDunn26@gmail.com',44),(2,'2020-07-28 00:00:00',10,1,'UGTEsvLiBK','KasperGlass12@hotmail.com',30),(4,'2021-04-18 00:00:00',8,1,'tAJIoljrVe','KasperGood29@yahoo.com',29),(8,'2021-01-05 00:00:00',8,8,'TihxDgQOTq','KasperGray59@hotmail.com',5),(3,'2019-12-28 00:00:00',4,7,'xtTAhrHuiG','KasperGray59@hotmail.com',33),(10,'2019-05-22 00:00:00',3,4,'qlrxKxQRLc','KorayAvila90@hotmail.com',3),(2,'2020-05-02 00:00:00',10,1,'ClWutHoofx','KorayCooke63@yahoo.com',7),(10,'2020-04-29 00:00:00',9,6,'gYXWWNtbED','KorayCooke63@yahoo.com',19),(6,'2021-11-01 00:00:00',7,5,'vfpyUOqyQB','KorayCooke63@yahoo.com',27),(7,'2021-11-21 00:00:00',2,7,'RZbUwWPCSj','KorayHester6@yahoo.com',20),(9,'2021-09-09 00:00:00',8,10,'ZGxYPmTkhF','LovellAlston17@gmail.com',48),(8,'2019-02-18 00:00:00',3,4,'ykPIFMQiYI','LovellCollier84@hotmail.com',24),(5,'2019-02-13 00:00:00',4,4,'VnLyzeeIqe','LovellEllison37@hotmail.com',47),(10,'2021-01-25 00:00:00',7,8,'nlcCZvHmcP','McKadeCallahan100@gmail.com',5),(7,'2020-09-05 00:00:00',2,10,'hbrAbNTRSu','McKadeGillespie96@hotmail.com',42),(8,'2021-07-07 00:00:00',2,6,'bmutyZPghJ','MeshachHill74@gmail.com',31),(8,'2020-09-16 00:00:00',8,5,'WwpFkoipDi','MunachiHampton49@yahoo.com',6),(3,'2019-07-15 00:00:00',8,6,'wjlCKElrsV','MunachiHester53@yahoo.com',45),(3,'2019-05-29 00:00:00',5,4,'KmKMxdXbQd','MunroCallahan27@hotmail.com',37),(7,'2019-07-11 00:00:00',3,10,'LGSMMByHXU','MunroClay29@hotmail.com',7),(6,'2021-05-05 00:00:00',1,2,'ccGgSbGHfJ','MunroDelacruz85@hotmail.com',21),(2,'2021-04-13 00:00:00',5,5,'CzWEzzFqTa','MunroGarza20@gmail.com',21),(5,'2020-05-16 00:00:00',1,6,'QeHCoDRWeX','NickyClay17@yahoo.com',20),(1,'2020-06-16 00:00:00',6,7,'guxHDFbOfV','NickyCruz67@gmail.com',34),(9,'2021-03-12 00:00:00',6,3,'vqiNYEsRsJ','NickyCummings59@yahoo.com',16),(3,'2019-07-06 00:00:00',2,5,'PLYxzgBrBu','NickyGillespie89@yahoo.com',32),(6,'2020-05-14 00:00:00',1,5,'DySZgfdVeA','NickyGuzman48@hotmail.com',1),(9,'2020-04-28 00:00:00',6,9,'ecsWNFukxZ','NickyHatfield36@yahoo.com',18),(5,'2019-12-19 00:00:00',10,10,'GrZKFYhSZD','NormanAvila62@gmail.com',30),(3,'2021-10-10 00:00:00',10,8,'mXKWoOFYsR','OrrickArnold84@gmail.com',34),(4,'2021-01-13 00:00:00',10,5,'WZnGZzDagp','OrrickCooke34@gmail.com',37),(8,'2021-06-01 00:00:00',9,6,'SBXaYsfaSl','OrrickCummings11@yahoo.com',38),(7,'2020-03-25 00:00:00',5,9,'ADUnqicKfo','OrrickFigueroa20@hotmail.com',15),(4,'2021-05-09 00:00:00',7,4,'hOHDfCYfAL','OrrickGray17@gmail.com',7),(5,'2021-05-22 00:00:00',5,3,'oknfQHSjCC','OrrickGray17@gmail.com',15),(8,'2019-12-21 00:00:00',8,4,'QWlSPxEhsN','OrrickGuzman93@gmail.com',2),(8,'2021-02-17 00:00:00',6,10,'ywfKJuyaae','OrrickHatfield72@hotmail.com',27),(6,'2021-04-23 00:00:00',5,3,'pGTVZxXxkb','RamseyAvila99@gmail.com',8),(10,'2021-03-07 00:00:00',9,2,'vIerjLXbzP','RamseyAvila99@gmail.com',11),(3,'2021-07-22 00:00:00',3,2,'sJQhhBQlhJ','RamseyCooley20@hotmail.com',37),(8,'2019-11-22 00:00:00',4,3,'WMYSLCCzdU','RamseyGilliam33@gmail.com',13),(9,'2019-12-27 00:00:00',9,5,'qvgvSKIUkp','RamseyHays48@gmail.com',8),(8,'2019-11-06 00:00:00',9,6,'bEtmMgYIug','RhuaridhDale0@gmail.com',47),(1,'2021-11-09 00:00:00',4,7,'JaVDHXkPTM','RhuaridhDominguez92@hotmail.com',6),(4,'2021-09-21 00:00:00',5,10,'LQckVIHPHY','RhuaridhDominguez92@hotmail.com',11),(1,'2020-05-13 00:00:00',3,10,'RjAiAxrjal','RioHaley55@yahoo.com',45),(2,'2021-07-13 00:00:00',8,8,'teGsMsKNcl','RobbiCummings29@yahoo.com',47),(10,'2020-09-04 00:00:00',8,4,'yAtKnLxXzk','RobbiDuran94@gmail.com',35),(6,'2021-01-07 00:00:00',6,8,'xHucMqYAQC','RobbiGriffin73@yahoo.com',48),(4,'2020-06-25 00:00:00',1,8,'dtlrPdwWpQ','RobbiHampton16@hotmail.com',24),(5,'2020-01-21 00:00:00',4,10,'zrHIxQYpiK','RobbyDickerson23@gmail.com',3),(4,'2020-09-11 00:00:00',7,3,'MVGnXlpIHO','RobbyGilliam60@hotmail.com',12),(6,'2019-08-06 00:00:00',2,1,'XpwOPTZfzD','RobbyGilliam60@hotmail.com',36),(6,'2019-02-19 00:00:00',9,10,'nRoItfrOoC','RossiAlford35@gmail.com',41),(6,'2020-05-01 00:00:00',3,4,'jzdWgeUwnP','RossiBonner96@hotmail.com',47),(9,'2021-11-12 00:00:00',10,6,'eIOEXTJvWm','RossiCruz30@hotmail.com',8),(3,'2019-07-13 00:00:00',7,10,'rUUTngJpOr','RossiDelacruz52@yahoo.com',32),(4,'2021-04-12 00:00:00',6,2,'TrEEfJvbxG','ShreeramBonner6@hotmail.com',16),(10,'2020-07-18 00:00:00',10,3,'AvXEUDUIXj','ShreeramChavez3@hotmail.com',39),(8,'2019-11-08 00:00:00',8,6,'sYmyMRiMOV','ShreeramClay91@hotmail.com',50),(3,'2021-10-06 00:00:00',9,4,'veTnXEQfdQ','ShreeramHaley6@hotmail.com',15),(10,'2020-09-13 00:00:00',3,7,'QqIAfijFjX','StevenDickerson96@yahoo.com',34),(2,'2019-09-18 00:00:00',4,9,'wjHdgBuOPV','StevenDotson11@hotmail.com',21),(4,'2020-02-16 00:00:00',3,9,'SSEwtcefKU','StevenDotson26@hotmail.com',6),(2,'2019-06-02 00:00:00',2,5,'cOQgsRrasF','StevenFigueroa79@gmail.com',26),(10,'2020-05-02 00:00:00',10,5,'KgeOIJOyjR','StevenHaley17@yahoo.com',24),(6,'2020-10-25 00:00:00',4,5,'jjXMuOzpBZ','SullivanDeleon12@hotmail.com',37),(6,'2021-06-12 00:00:00',7,9,'qWvvKBQoZf','SullivanHampton82@yahoo.com',23),(10,'2020-08-18 00:00:00',3,8,'PPCHuBPKVk','SultanAlston91@hotmail.com',18),(7,'2021-05-04 00:00:00',7,9,'hhlBzeqXkb','SultanConway18@hotmail.com',25),(3,'2019-03-05 00:00:00',1,8,'oxunOklvMk','SultanConway18@hotmail.com',29),(10,'2020-04-23 00:00:00',10,6,'mgofkNEIqm','SultanCummings74@gmail.com',4),(3,'2021-02-06 00:00:00',5,7,'jIiIqfVOfw','SultanHerman76@gmail.com',42),(9,'2021-01-20 00:00:00',3,6,'fNmkpaBhUN','TammamCantu97@hotmail.com',48),(2,'2021-11-22 00:00:00',9,1,'huMtHgbIwd','TammamCollier18@yahoo.com',26),(2,'2021-05-14 00:00:00',1,2,'fLhsMugOyh','TammamHester4@yahoo.com',7),(8,'2019-07-06 00:00:00',3,7,'xPIsKiFDYz','TammamHester4@yahoo.com',37),(6,'2019-09-22 00:00:00',10,4,'LVhlKqaVVG','TieranAlford96@hotmail.com',6),(1,'2020-08-17 00:00:00',9,3,'qXZsRpxLuo','TieranAvila43@yahoo.com',27),(9,'2021-03-06 00:00:00',4,1,'PtDNoRDLbv','TieranDickerson72@gmail.com',5),(8,'2019-08-11 00:00:00',2,8,'wvoeKParKE','TieranDickerson72@gmail.com',47),(10,'2020-07-04 00:00:00',1,2,'KTfIQaClvx','TiylarAlford91@hotmail.com',9),(8,'2021-04-04 00:00:00',9,8,'yzuyHtpqmk','TiylarAlford91@hotmail.com',27),(10,'2019-12-18 00:00:00',4,5,'mIxKmOOohH','TiylarGarza100@hotmail.com',33),(6,'2021-03-08 00:00:00',5,9,'fiNvOnPKYQ','TiylarHaley7@gmail.com',14),(6,'2021-05-20 00:00:00',9,8,'HpwgFzaQcw','TiylarHays87@gmail.com',47),(8,'2020-09-10 00:00:00',2,9,'aQICNrPQHQ','TommyEnglish93@gmail.com',13),(3,'2019-08-22 00:00:00',8,5,'YKZVQIpdww','TommyGood37@hotmail.com',17),(9,'2020-09-18 00:00:00',3,7,'rxsFiMwncD','TommyGray43@hotmail.com',3),(2,'2021-02-21 00:00:00',7,8,'ullchOAVfJ','TommyGray43@hotmail.com',45),(8,'2019-05-17 00:00:00',3,8,'bNlURtpPqr','WilsonBlackburn22@hotmail.com',19),(9,'2021-11-29 00:00:00',4,3,'dpXvBHRJlg','WilsonBlackburn22@hotmail.com',49),(6,'2019-03-04 00:00:00',9,9,'hJPFnveYiG','WilsonBonner70@hotmail.com',31),(6,'2021-04-26 00:00:00',10,7,'SrjrECzQna','WilsonGilliam49@gmail.com',50),(6,'2020-06-24 00:00:00',10,8,'cccsLzKVEE','ZendelFranks9@yahoo.com',25);
/*!40000 ALTER TABLE `reviews` ENABLE KEYS */;
UNLOCK TABLES;

--
-- Table structure for table `transport_company`
--

DROP TABLE IF EXISTS `transport_company`;
/*!40101 SET @saved_cs_client     = @@character_set_client */;
/*!50503 SET character_set_client = utf8mb4 */;
CREATE TABLE `transport_company` (
  `branch_id` int NOT NULL,
  `company_name` varchar(128) NOT NULL,
  `phone_number` varchar(16) NOT NULL,
  `email` varchar(128) NOT NULL,
  `crew_strength` int NOT NULL,
  `monthly_payment` decimal(10,2) NOT NULL,
  PRIMARY KEY (`branch_id`,`company_name`),
  CONSTRAINT `transport_company_ibfk_1` FOREIGN KEY (`branch_id`) REFERENCES `branch` (`branch_id`),
  CONSTRAINT `transport_company_ibfk_2` FOREIGN KEY (`branch_id`) REFERENCES `branch` (`branch_id`),
  CONSTRAINT `transport_company_chk_1` CHECK ((`crew_strength` >= 0)),
  CONSTRAINT `transport_company_chk_2` CHECK ((`monthly_payment` >= 0))
) ENGINE=InnoDB DEFAULT CHARSET=utf8mb4 COLLATE=utf8mb4_0900_ai_ci;
/*!40101 SET character_set_client = @saved_cs_client */;

--
-- Dumping data for table `transport_company`
--

LOCK TABLES `transport_company` WRITE;
/*!40000 ALTER TABLE `transport_company` DISABLE KEYS */;
INSERT INTO `transport_company` VALUES (1,'TitusCooley','5922324628','TitusCooleyLimited62@yahoo.com',28,8000.00),(2,'HerbertDotson','8112744171','HerbertDotsonLimited6@hotmail.com',25,13000.00),(3,'NormanCummings','4472688798','NormanCummingsLimited49@yahoo.com',24,3000.00),(4,'RamseyDickerson','7468321626','RamseyDickersonLimited28@gmail.com',24,3000.00),(5,'HerbertDeleon','8589273871','HerbertDeleonLimited61@gmail.com',28,12000.00),(6,'DaithiHays','1359272411','DaithiHaysLimited18@hotmail.com',24,7000.00),(7,'FergusDeleon','4648851294','FergusDeleonLimited79@hotmail.com',21,14000.00),(8,'RossiAvila','9653283982','RossiAvilaLimited50@gmail.com',21,4000.00),(9,'CalanEllison','4985692625','CalanEllisonLimited59@gmail.com',24,3000.00),(10,'AlexDodson','1918218414','AlexDodsonLimited0@hotmail.com',25,4000.00);
/*!40000 ALTER TABLE `transport_company` ENABLE KEYS */;
UNLOCK TABLES;

--
-- Table structure for table `transport_crew`
--

DROP TABLE IF EXISTS `transport_crew`;
/*!40101 SET @saved_cs_client     = @@character_set_client */;
/*!50503 SET character_set_client = utf8mb4 */;
CREATE TABLE `transport_crew` (
  `transport_crew_id` int NOT NULL AUTO_INCREMENT,
  `treks_completed` int DEFAULT NULL,
  `currently_engaged` tinyint(1) DEFAULT '0',
  PRIMARY KEY (`transport_crew_id`),
  CONSTRAINT `transport_crew_chk_1` CHECK ((`treks_completed` >= 0))
) ENGINE=InnoDB AUTO_INCREMENT=100 DEFAULT CHARSET=utf8mb4 COLLATE=utf8mb4_0900_ai_ci;
/*!40101 SET character_set_client = @saved_cs_client */;

--
-- Dumping data for table `transport_crew`
--

LOCK TABLES `transport_crew` WRITE;
/*!40000 ALTER TABLE `transport_crew` DISABLE KEYS */;
INSERT INTO `transport_crew` VALUES (1,14,1),(2,8,1),(3,13,1),(4,12,0),(5,9,1),(6,15,0),(7,5,0),(8,12,0),(9,8,0),(10,12,0),(11,11,1),(12,9,0),(13,8,0),(14,15,0),(15,13,0),(16,7,0),(17,10,1),(18,12,1),(19,13,0),(20,10,0),(21,13,0),(22,13,0),(23,7,1),(24,15,1),(25,7,1),(26,13,0),(27,8,1),(28,5,1),(29,6,1),(30,11,1),(31,9,1),(32,13,0),(33,5,1),(34,5,1),(35,8,0),(36,8,0),(37,8,0),(38,15,0),(39,5,1),(40,14,1),(41,14,1),(42,5,1),(43,8,0),(44,13,1),(45,8,0),(46,8,0),(47,9,1),(48,8,0),(49,5,0),(50,12,1),(51,14,0),(52,5,0),(53,15,1),(54,11,1),(55,10,1),(56,7,1),(57,11,0),(58,15,1),(59,8,1),(60,12,0),(61,7,0),(62,12,1),(63,5,0),(64,11,0),(65,7,0),(66,9,0),(67,13,0),(68,12,1),(69,13,0),(70,12,0),(71,7,0),(72,15,1),(73,12,0),(74,13,0),(75,7,1),(76,8,0),(77,7,1),(78,8,0),(79,8,1),(80,15,1),(81,11,0),(82,8,0),(83,13,0),(84,7,1),(85,10,0),(86,10,1),(87,13,0),(88,13,1),(89,14,1),(90,5,1),(91,8,0),(92,12,1),(93,13,1),(94,15,0),(95,7,1),(96,14,0),(97,13,1),(98,8,0),(99,9,1);
/*!40000 ALTER TABLE `transport_crew` ENABLE KEYS */;
UNLOCK TABLES;

--
-- Table structure for table `transport_crew_member`
--

DROP TABLE IF EXISTS `transport_crew_member`;
/*!40101 SET @saved_cs_client     = @@character_set_client */;
/*!50503 SET character_set_client = utf8mb4 */;
CREATE TABLE `transport_crew_member` (
  `transport_member_id` int NOT NULL AUTO_INCREMENT,
  `first_name` varchar(128) NOT NULL,
  `last_name` varchar(128) NOT NULL,
  `id_proof` varchar(256) NOT NULL,
  `date_of_birth` datetime NOT NULL,
  `primary_phone` varchar(16) NOT NULL,
  `alternate_phone` varchar(16) DEFAULT NULL,
  `blood_group` varchar(4) NOT NULL,
  `gender` varchar(32) NOT NULL,
  `address` varchar(128) NOT NULL,
  `company_name` varchar(128) NOT NULL,
  `branch_id` int NOT NULL,
  `transport_crew_id` int NOT NULL,
  PRIMARY KEY (`transport_member_id`),
  KEY `branch_id` (`branch_id`,`company_name`),
  KEY `transport_crew_id` (`transport_crew_id`),
  CONSTRAINT `transport_crew_member_ibfk_1` FOREIGN KEY (`branch_id`, `company_name`) REFERENCES `transport_company` (`branch_id`, `company_name`),
  CONSTRAINT `transport_crew_member_ibfk_2` FOREIGN KEY (`transport_crew_id`) REFERENCES `transport_crew` (`transport_crew_id`),
  CONSTRAINT `transport_crew_member_ibfk_3` FOREIGN KEY (`transport_crew_id`) REFERENCES `transport_crew` (`transport_crew_id`)
) ENGINE=InnoDB AUTO_INCREMENT=101 DEFAULT CHARSET=utf8mb4 COLLATE=utf8mb4_0900_ai_ci;
/*!40101 SET character_set_client = @saved_cs_client */;

--
-- Dumping data for table `transport_crew_member`
--

LOCK TABLES `transport_crew_member` WRITE;
/*!40000 ALTER TABLE `transport_crew_member` DISABLE KEYS */;
INSERT INTO `transport_crew_member` VALUES (1,'McKade','Marius','www.proof.com/GVsKYiunNw','1971-06-15 00:00:00','ZwbIrwdnuj','IBbaETyTMh','B+','male','Arunachal Pradesh','CalanEllison',1,13),(2,'Shreeram','Johnpaul','www.proof.com/PTYCzgFOXl','1982-03-10 00:00:00','FBYXFQxRHe','mkmIuyGRfW','AB+','male','Karnataka','TitusCooley',1,95),(3,'Tieran','Titus','www.proof.com/UaPVPbrggP','1978-04-04 00:00:00','IAFfsRVkwD','DhKklOMTdv','A-','female','Tripura','AlexDodson',7,42),(4,'Robby','Famara','www.proof.com/CmcCTPWYDx','1966-07-13 00:00:00','TbJnDERbgK','JASttXDGOP','A-','female','Gujarat','DaithiHays',6,5),(5,'Famara','Tieran','www.proof.com/ZfELRedqYW','1970-09-01 00:00:00','RIczftbqHY','cdtUlCLzDR','A+','female','Chhattisgarh','RamseyDickerson',4,41),(6,'McKade','Tieran','www.proof.com/EhhXVawOPc','1972-11-21 00:00:00','sZPRgQwiVC','BbpCJcGWPG','AB+','male','Chandigarh','HerbertDotson',3,90),(7,'McKade','Tieran','www.proof.com/TGzhNWBxEz','1968-11-08 00:00:00','MxemQbMprS','GvmfSxepXk','AB+','male','West Bengal','FergusDeleon',9,12),(8,'Johnpaul','Adenn','www.proof.com/qrfiRgyIfA','1969-04-28 00:00:00','BWahJqzYRt','pJnHzDCdCx','A-','male','Assam','HerbertDeleon',7,21),(9,'Famara','Nicky','www.proof.com/DfKLjqoYmZ','1971-05-10 00:00:00','sKIDPoVkyI','aGcunAbMQk','O-','female','Delhi','TitusCooley',7,52),(10,'Marius','Nicky','www.proof.com/McikXYCNeI','1982-05-25 00:00:00','BbnmzeSnBs','GRXfeUrMhq','B+','male','Andhra Pradesh','TitusCooley',8,72),(11,'McKade','Shreeram','www.proof.com/KvhyzkppGp','1973-07-17 00:00:00','tUmbbytqDJ','FVThDuneEB','A+','female','Daman and Diu','FergusDeleon',0,62),(12,'Tieran','Titus','www.proof.com/oqfZeopZlI','1989-04-22 00:00:00','SGCoIQSwDc','vIdKFGqFIN','A+','female','Kerala','FergusDeleon',6,73),(13,'Famara','Marius','www.proof.com/ePtfCTHxAc','1985-12-20 00:00:00','mqoObSLeLp','tPDtwbmFAv','O+','female','Tripura','AlexDodson',2,65),(14,'Nicky','Titus','www.proof.com/WNZsMvKvsZ','1991-02-16 00:00:00','xqBROVXBbc','UBGmbOgzfE','A+','male','Karnataka','NormanCummings',5,84),(15,'Nicky','Titus','www.proof.com/sbVKbAHwaW','1978-12-10 00:00:00','fBOLGBjISk','glFYDYFrXI','B+','male','Haryana','NormanCummings',6,30),(16,'Tieran','Adenn','www.proof.com/EbDctAmCGL','1982-08-24 00:00:00','VXNqUFYvrN','hYNVhwCQfo','O-','male','Telangana','DaithiHays',2,76),(17,'Tieran','Tieran','www.proof.com/lyBnmihXMm','1982-12-07 00:00:00','JPzGzeiwNs','KPWYUeZbSZ','A-','female','Assam','HerbertDeleon',7,62),(18,'Marius','Robby','www.proof.com/wAuQtsfvEv','1990-10-05 00:00:00','LmvzPcCoCi','ggIxAyAqyK','A-','male','Assam','NormanCummings',2,48),(19,'Johnpaul','Marius','www.proof.com/vDJrJBaLuA','1969-02-18 00:00:00','RBQGPZIvAH','gZZZSvhJLO','O+','female','Dadra and Nagar Haveli','CalanEllison',7,54),(20,'Robby','Tieran','www.proof.com/aBUoEOBFyo','1991-07-19 00:00:00','sOUsxUuLzT','IRMLZFcJyq','B-','female','Daman and Diu','HerbertDeleon',9,71),(21,'Adenn','Shreeram','www.proof.com/HHegpsZEOl','1978-07-21 00:00:00','GxsRRSDdcJ','qMqXHbvxru','B+','male','Rajasthan','RamseyDickerson',5,36),(22,'Titus','McKade','www.proof.com/vEOifzZpKu','1991-11-04 00:00:00','JaqtQulUfk','pFAjuZdxqS','B+','male','Tripura','FergusDeleon',4,7),(23,'McKade','Tieran','www.proof.com/LsFshQhajh','1985-03-12 00:00:00','rkBVnGiCuE','TBbnUvnPxZ','O+','male','Manipur','RossiAvila',1,32),(24,'Tieran','Tieran','www.proof.com/VgehlObDlu','1986-04-09 00:00:00','JBDRHKEgOy','wKibSdYtUX','O+','male','Odisha','RossiAvila',6,40),(25,'Tieran','Titus','www.proof.com/zxyMjJtwNL','1974-06-29 00:00:00','RtUcXYlFFg','rgwGTYWKBN','O-','female','Uttar Pradesh','TitusCooley',2,49),(26,'Shreeram','Shreeram','www.proof.com/RnfgNjONdh','1966-04-22 00:00:00','xfykqYifjv','zhkdZKymuk','B+','male','Goa','NormanCummings',5,92),(27,'Marius','McKade','www.proof.com/ZZjyFhuIkD','1991-08-12 00:00:00','nzDyeYHWeJ','vyAGArADCV','AB+','male','Tamil Nadu','TitusCooley',0,57),(28,'Robby','Marius','www.proof.com/cTeyURvKpg','1966-02-16 00:00:00','hIflRYSZpd','vUMeLfwbZL','B+','female','Odisha','DaithiHays',4,20),(29,'Marius','Nicky','www.proof.com/qyHKRkBKFh','1969-01-09 00:00:00','ZDHAnqOchB','XZRyvPCqad','A+','female','Tripura','DaithiHays',3,13),(30,'Robby','Adenn','www.proof.com/AiCYxdGnVO','1967-03-16 00:00:00','riWQxsCCso','jDwFEGROJf','B+','female','Odisha','HerbertDotson',0,3),(31,'Tieran','Adenn','www.proof.com/bWNHOZcVGd','1988-02-04 00:00:00','rDLlYpaNAA','mIGkgCzCgf','B+','female','Bihar','TitusCooley',4,37),(32,'Johnpaul','Robby','www.proof.com/AXUadiFeRa','1989-10-05 00:00:00','kIPnOdiDoi','diHkLvAjxw','B+','male','Telangana','CalanEllison',7,87),(33,'Famara','Titus','www.proof.com/cEzNaJeLFN','1974-01-24 00:00:00','AKTNsXAozD','dpDtBZcMtQ','A+','male','Maharashtra','FergusDeleon',3,84),(34,'McKade','Adenn','www.proof.com/guuCbnoZkt','1978-03-06 00:00:00','bkZMnDUKfA','nUNJDJToVg','A-','male','Tripura','TitusCooley',4,64),(35,'Tieran','Tieran','www.proof.com/QFBnDrByqw','1988-08-09 00:00:00','cchsWDJxFx','IVxDUirriE','A-','male','Himachal Pradesh','HerbertDotson',5,20),(36,'Marius','Adenn','www.proof.com/sArWoKSmpP','1976-04-27 00:00:00','uZRRxjgjFw','QVufjUZCJN','O-','male','West Bengal','NormanCummings',7,48),(37,'Adenn','Nicky','www.proof.com/BehUKEfLQd','1968-06-17 00:00:00','CrDOMUaNXA','GISfWRWyiB','O-','female','Manipur','HerbertDeleon',7,84),(38,'Robby','Titus','www.proof.com/cRkEElyjXv','1991-12-23 00:00:00','pYTIZsINZT','TRnLhNQQvP','O-','female','Uttar Pradesh','TitusCooley',6,43),(39,'Nicky','Nicky','www.proof.com/IUHOCAsYgf','1979-02-02 00:00:00','pTjbIAMLlf','JINWCUWsxU','B+','female','Gujarat','AlexDodson',5,48),(40,'Famara','Marius','www.proof.com/qHQNUpPqbF','1976-04-05 00:00:00','PYszbHXTex','jXgpswyTWc','B+','male','Odisha','RamseyDickerson',0,33),(41,'Nicky','Robby','www.proof.com/aUNPDQQTSd','1967-08-20 00:00:00','RIGymwYFFr','ehtyPqPpdj','B-','female','Delhi','RossiAvila',9,33),(42,'Robby','Famara','www.proof.com/RuaUysYmuE','1967-04-28 00:00:00','MLIfeCMDHk','HrxHWBJYVk','A+','female','Nagaland','HerbertDotson',0,17),(43,'Famara','Shreeram','www.proof.com/CpkmtLLryK','1985-02-13 00:00:00','lhKEGdAsRK','tNSscJiptw','O-','male','Sikkim','DaithiHays',1,51),(44,'Shreeram','Titus','www.proof.com/PaHnbTfMgB','1987-11-08 00:00:00','DhcKgHARkl','fuTRmvIuAs','O+','male','Tamil Nadu','AlexDodson',0,66),(45,'Johnpaul','Marius','www.proof.com/HthyVAGktZ','1983-01-19 00:00:00','ragNfEnuBA','dBnmXsjcTz','AB+','male','Odisha','NormanCummings',2,19),(46,'Titus','Shreeram','www.proof.com/sRuCwXBjmD','1972-09-03 00:00:00','hOUQWlSYEJ','EIJWKEwxpY','O+','male','Maharashtra','RamseyDickerson',3,15),(47,'McKade','Adenn','www.proof.com/OfSGcpOtUr','1988-06-21 00:00:00','rkZAEYUJPm','TJPzNFPamz','O-','female','Odisha','AlexDodson',2,18),(48,'Famara','McKade','www.proof.com/xZzlUcwuRC','1968-03-04 00:00:00','ncRdXnXyos','WUXbnllaIo','O+','male','Manipur','HerbertDeleon',1,11),(49,'Marius','Shreeram','www.proof.com/jAwLqhtNOw','1982-10-22 00:00:00','DrHnPNJmWj','NQNHXjJFnN','B+','male','Punjab','NormanCummings',1,41),(50,'Shreeram','Johnpaul','www.proof.com/VbviofAqOK','1980-12-19 00:00:00','MulqIhmEUe','EOTVsrNePG','A-','male','Telangana','TitusCooley',2,61),(51,'Johnpaul','Nicky','www.proof.com/rIKDYSCuxq','1967-05-22 00:00:00','AznKFaFycj','ZVFtDpfBiI','AB+','male','Nagaland','HerbertDeleon',3,26),(52,'Shreeram','Johnpaul','www.proof.com/TIefARwqeY','1982-04-01 00:00:00','DZlbEaDnay','CChoBtIsUJ','A+','female','Delhi','HerbertDotson',2,99),(53,'Adenn','Tieran','www.proof.com/vxwkTyIOQX','1970-07-19 00:00:00','bqUcBASbiq','feURCDrNdy','O-','female','Sikkim','HerbertDotson',5,15),(54,'Titus','Tieran','www.proof.com/cTaeSKDHDq','1970-02-24 00:00:00','dFpslgLMtX','XxmtbnJtSl','O-','female','Andaman and Nicobar Islands','RossiAvila',2,50),(55,'Marius','Marius','www.proof.com/WxPIcrrGSb','1983-12-22 00:00:00','tdWUESlBCR','mqFivQTqSC','AB+','male','Daman and Diu','AlexDodson',7,44),(56,'Famara','McKade','www.proof.com/giqEjNtqVB','1974-07-10 00:00:00','MSgkIlfKCn','eMctdrCzBM','B+','male','Andaman and Nicobar Islands','CalanEllison',9,23),(57,'Shreeram','Tieran','www.proof.com/WGwYidPuCO','1968-06-08 00:00:00','omcYDUWLBf','dyjoJAMUyX','A+','male','Daman and Diu','HerbertDotson',1,8),(58,'Adenn','Tieran','www.proof.com/qUQowMoUwF','1978-10-02 00:00:00','cmeTeQlFUs','SeFpCMwEdp','A+','female','Delhi','HerbertDotson',3,18),(59,'Johnpaul','Marius','www.proof.com/YyCwLzEEPq','1970-05-28 00:00:00','MGkSUTmyeF','yBgsPELfPR','B-','female','Odisha','RamseyDickerson',4,51),(60,'Nicky','Adenn','www.proof.com/mqYthzyIDC','1967-10-27 00:00:00','KuKWIYILKl','avRQBtyfxO','O+','female','Bihar','TitusCooley',8,26),(61,'McKade','McKade','www.proof.com/PGeqFvNnSY','1990-10-19 00:00:00','mHpDrnXiuk','EisaMUzcjY','B-','female','Jharkhand','RamseyDickerson',3,31),(62,'Marius','Famara','www.proof.com/AHAlbPvYNg','1971-01-24 00:00:00','pJOKqKFxAr','GYUqdHHlCq','O-','male','Madhya Pradesh','NormanCummings',8,34),(63,'Titus','Tieran','www.proof.com/VoxLaiMZnp','1978-08-13 00:00:00','hwQXMDesXy','iysDLvXbEz','AB+','female','Nagaland','HerbertDotson',5,88),(64,'Shreeram','Tieran','www.proof.com/xFWGRhUTve','1983-04-15 00:00:00','mhSEDJyVyS','rCvpwewhqK','B-','male','Chhattisgarh','DaithiHays',6,10),(65,'Famara','Nicky','www.proof.com/jFFPvANxLB','1972-12-12 00:00:00','VQgCIaqqHB','eZANPxKAFs','AB+','female','Goa','AlexDodson',0,91),(66,'Famara','Famara','www.proof.com/IXGeNUquUq','1982-08-10 00:00:00','vqjGMmBGTG','xAHBWvapeR','B-','male','Nagaland','RossiAvila',4,76),(67,'McKade','McKade','www.proof.com/tJTfrxWhzM','1978-03-23 00:00:00','zyJFsoEVVu','bqYefFRxtp','B+','male','Chhattisgarh','HerbertDotson',7,67),(68,'Shreeram','Johnpaul','www.proof.com/rqszbjNqbm','1969-07-20 00:00:00','rlPQqcmRDc','twZRDKBeLE','O-','male','Maharashtra','DaithiHays',6,23),(69,'Shreeram','Shreeram','www.proof.com/PPkgBRmpLi','1987-07-22 00:00:00','ZXtaLDRsCo','HvZtYybUoh','O+','female','Sikkim','NormanCummings',1,39),(70,'Titus','Nicky','www.proof.com/onpCisqqve','1982-07-19 00:00:00','ougsDBqLOb','NjtiFXsKed','B+','male','Haryana','FergusDeleon',3,27),(71,'Titus','Shreeram','www.proof.com/naCrhMmWlc','1980-01-16 00:00:00','NjTqXadClr','QcLocEsxbl','O+','female','Sikkim','AlexDodson',8,35),(72,'Shreeram','Robby','www.proof.com/wdDyRAAJGP','1968-09-23 00:00:00','lbsTpFmhkx','wltDGFDIqT','O+','male','Rajasthan','FergusDeleon',7,27),(73,'Shreeram','Tieran','www.proof.com/isUouEgNPa','1972-05-29 00:00:00','VpSTVDcuxn','cUKzodLfXl','AB+','female','Puducherry','NormanCummings',6,35),(74,'Johnpaul','Famara','www.proof.com/djzfUIcBlb','1978-07-21 00:00:00','ULSytiLGQX','ZEhpwMlSli','A+','female','Chandigarh','HerbertDotson',2,76),(75,'Shreeram','McKade','www.proof.com/JuVCPvKymK','1974-12-08 00:00:00','qpXqTVRCaZ','ZvUxyVcaUH','AB+','female','Uttarakhand','NormanCummings',1,51),(76,'Titus','Tieran','www.proof.com/UbIWJlXYDb','1970-07-26 00:00:00','kQJGrfTFiY','zZHoAthDvV','B+','female','Jharkhand','FergusDeleon',9,57),(77,'Robby','Tieran','www.proof.com/NrupeXXCle','1972-01-17 00:00:00','sxCTdamVVQ','lCXFaCISDH','B+','female','Puducherry','FergusDeleon',0,41),(78,'Shreeram','Johnpaul','www.proof.com/rvRQDrlOlP','1966-09-13 00:00:00','uurypeyrSX','fGCAnZLKsE','A-','male','Dadra and Nagar Haveli','CalanEllison',0,29),(79,'Adenn','Marius','www.proof.com/rsbfbIgEkA','1979-09-03 00:00:00','tSYqMofMRn','vOihFwazrp','A-','male','Mizoram','FergusDeleon',4,51),(80,'Robby','Adenn','www.proof.com/vIlCAbSjjT','1966-06-26 00:00:00','WqrFUOMTTX','uNMudpoPHw','O-','male','Karnataka','DaithiHays',0,80),(81,'Famara','Shreeram','www.proof.com/QQgCJhPuJC','1983-08-10 00:00:00','ZrCbYCFsIC','CsyEpiKgId','O-','female','Haryana','NormanCummings',2,59),(82,'Adenn','Johnpaul','www.proof.com/eVaYhQiqDF','1982-07-24 00:00:00','GauUJKRfAl','XRzJuWvBYY','A-','female','Madhya Pradesh','NormanCummings',3,24),(83,'Marius','Marius','www.proof.com/YfKJbyAfoj','1981-05-21 00:00:00','dfZkKhEZrZ','PLfnjffOhL','B-','female','Rajasthan','HerbertDeleon',8,5),(84,'Tieran','Marius','www.proof.com/oiIbvzkNGx','1976-08-15 00:00:00','LeevnHMNfs','SiMbxwbGTN','A+','male','Kerala','HerbertDeleon',8,38),(85,'McKade','Shreeram','www.proof.com/iFncClKJJp','1981-03-16 00:00:00','eqTRDGBwyJ','vNLqRHeFax','O+','female','Goa','NormanCummings',9,50),(86,'Tieran','Famara','www.proof.com/VKinczSBtr','1980-06-16 00:00:00','YcQRqXKsPp','LwksvoHNxT','B+','female','Chandigarh','DaithiHays',8,12),(87,'Titus','Tieran','www.proof.com/tdtxBCqkLV','1987-11-17 00:00:00','CYTmdpThXH','ZnxWUawuEY','A-','male','Puducherry','NormanCummings',6,42),(88,'Adenn','Tieran','www.proof.com/dxsErGrjcy','1973-02-14 00:00:00','ORwCYTvJBU','lraQnNkiVG','B-','female','Haryana','HerbertDotson',4,13),(89,'Nicky','Shreeram','www.proof.com/JeZWicnAxA','1980-07-24 00:00:00','zWRgrSnMKK','ngiHxMoNPx','AB+','female','Odisha','RossiAvila',0,86),(90,'Adenn','Famara','www.proof.com/WzJPWQVeRo','1968-05-20 00:00:00','umrhwWWcFT','QyGQDTAPWr','B-','male','Assam','HerbertDotson',5,12),(91,'Johnpaul','Tieran','www.proof.com/YGRLcjsxLs','1979-09-20 00:00:00','oIUWRFTjco','eBHfRdOUjH','B-','female','Assam','HerbertDotson',1,82),(92,'Marius','Nicky','www.proof.com/PLHxXICFtt','1974-07-28 00:00:00','oXngVIGqLQ','cUGzSMdKjZ','A+','female','West Bengal','RamseyDickerson',5,58),(93,'Adenn','McKade','www.proof.com/TMDSyhnxLb','1982-08-16 00:00:00','MlIFVprzeL','JwnXxwziNF','O-','male','Dadra and Nagar Haveli','DaithiHays',2,72),(94,'Adenn','Tieran','www.proof.com/HrhSGvYQvU','1983-10-08 00:00:00','SSffjiHznG','wSWfiTHwbC','O-','male','Puducherry','DaithiHays',1,52),(95,'Famara','Adenn','www.proof.com/FVrBcLKXqB','1967-01-06 00:00:00','jbungypGZk','UfnGkDigfA','A+','female','Chandigarh','RossiAvila',7,37),(96,'Robby','Nicky','www.proof.com/aGqVpgvDpM','1968-04-02 00:00:00','FQhLzkFqwr','ChnCwqjzPd','A-','female','Tripura','TitusCooley',6,58),(97,'Titus','Nicky','www.proof.com/LbjwsObtBx','1988-09-01 00:00:00','upkyfscNDQ','wHAHwmvDtp','AB+','male','Jharkhand','CalanEllison',5,18),(98,'McKade','Nicky','www.proof.com/dVEUpEqFOR','1979-01-03 00:00:00','CYqaICVsHY','RWMrIaZBqT','B-','male','Odisha','DaithiHays',9,50),(99,'Titus','Nicky','www.proof.com/BkZQTIjNmy','1987-08-25 00:00:00','PhnvyRHCLg','EnqMGVDdDr','A-','female','Kerala','RamseyDickerson',1,96),(100,'Adenn','Adenn','www.proof.com/KkVEmffaZv','1989-10-12 00:00:00','qgdIXRdNhU','scYQvjYPDT','B+','female','Dadra and Nagar Haveli','AlexDodson',3,28);
/*!40000 ALTER TABLE `transport_crew_member` ENABLE KEYS */;
UNLOCK TABLES;

--
-- Table structure for table `trek`
--

DROP TABLE IF EXISTS `trek`;
/*!40101 SET @saved_cs_client     = @@character_set_client */;
/*!50503 SET character_set_client = utf8mb4 */;
CREATE TABLE `trek` (
  `trek_id` int NOT NULL AUTO_INCREMENT,
  `trek_name` varchar(128) NOT NULL,
  `trek_location` varchar(128) NOT NULL,
  `trek_duration` int NOT NULL,
  `altitude` int NOT NULL,
  `permits_required` tinyint(1) NOT NULL DEFAULT '0',
  `open_from` date NOT NULL,
  `open_till` date NOT NULL,
  `permit_charges` decimal(10,2) DEFAULT '0.00',
  `trek_difficulty_rating` int DEFAULT NULL,
  `base_cost` decimal(10,2) NOT NULL,
  `minimum_age` int NOT NULL,
  `maximum_age` int NOT NULL,
  `organised_by` int NOT NULL,
  PRIMARY KEY (`trek_id`),
  UNIQUE KEY `trek_name` (`trek_name`),
  KEY `organised_by` (`organised_by`),
  CONSTRAINT `trek_ibfk_1` FOREIGN KEY (`organised_by`) REFERENCES `branch` (`branch_id`),
  CONSTRAINT `trek_ibfk_2` FOREIGN KEY (`organised_by`) REFERENCES `branch` (`branch_id`),
  CONSTRAINT `trek_ibfk_3` FOREIGN KEY (`organised_by`) REFERENCES `branch` (`branch_id`),
  CONSTRAINT `trek_chk_1` CHECK ((`trek_duration` > 0)),
  CONSTRAINT `trek_chk_2` CHECK ((`altitude` > 0)),
  CONSTRAINT `trek_chk_3` CHECK ((`permit_charges` >= 0)),
  CONSTRAINT `trek_chk_4` CHECK (((`trek_difficulty_rating` > 0) and (`trek_difficulty_rating` <= 10)))
) ENGINE=InnoDB AUTO_INCREMENT=48 DEFAULT CHARSET=utf8mb4 COLLATE=utf8mb4_0900_ai_ci;
/*!40101 SET character_set_client = @saved_cs_client */;

--
-- Dumping data for table `trek`
--

LOCK TABLES `trek` WRITE;
/*!40000 ALTER TABLE `trek` DISABLE KEYS */;
INSERT INTO `trek` VALUES (1,'Daman and Diu','Andhra Pradesh',3,5500,0,'2019-01-02','2019-01-05',0.00,9,1000.00,14,68,4),(2,'Haryana','Arunachal Pradesh',5,7000,1,'2020-10-05','2020-10-10',200.00,3,11000.00,11,69,9),(3,'Andhra Pradesh','Rajasthan',5,6000,1,'2020-04-04','2020-04-09',200.00,8,7000.00,11,79,9),(4,'Himachal Pradesh','Madhya Pradesh',6,5500,1,'2019-08-05','2019-08-11',300.00,8,8000.00,10,74,7),(5,'Jammu and Kashmir','Meghalaya',4,8000,1,'2019-10-02','2019-10-06',200.00,4,14000.00,15,75,7),(6,'Punjab','Kerala',5,7000,0,'2020-07-10','2020-07-15',0.00,5,10000.00,15,72,3),(8,'Dadra and Nagar Haveli','Punjab',3,6500,0,'2020-09-14','2020-09-17',0.00,6,15000.00,13,77,3),(9,'Uttar Pradesh','Tripura',3,7500,1,'2020-01-14','2020-01-17',100.00,4,9000.00,13,73,3),(10,'Uttarakhand','Gujarat',5,8000,1,'2020-11-13','2020-11-18',0.00,4,8000.00,13,74,9),(13,'Bihar','Puducherry',5,6500,0,'2021-12-07','2021-12-12',0.00,7,12000.00,14,71,5),(16,'Telangana','Uttar Pradesh',7,8000,1,'2019-03-09','2019-03-16',0.00,3,2000.00,14,66,6),(17,'Kerala','Chhattisgarh',5,7000,1,'2019-12-04','2019-12-09',0.00,2,14000.00,11,73,5),(18,'Chandigarh','Chandigarh',6,5000,0,'2019-01-10','2019-01-16',0.00,6,9000.00,10,67,10),(19,'Tripura','Kerala',7,5500,0,'2019-03-09','2019-03-16',0.00,9,15000.00,15,71,2),(20,'Puducherry','Puducherry',7,7500,1,'2020-03-07','2020-03-14',200.00,10,3000.00,12,69,8),(21,'Assam','Sikkim',6,5500,1,'2021-04-11','2021-04-17',500.00,8,10000.00,10,72,7),(24,'Manipur','West Bengal',4,5000,1,'2021-01-04','2021-01-08',400.00,2,12000.00,11,65,2),(26,'Gujarat','Haryana',6,7000,1,'2021-07-01','2021-07-07',500.00,10,6000.00,11,73,9),(27,'Lakshadweep','Punjab',3,5000,0,'2020-09-10','2020-09-13',0.00,6,6000.00,14,80,9),(30,'Rajasthan','Meghalaya',7,6000,0,'2020-07-11','2020-07-18',0.00,6,5000.00,13,77,4),(31,'Jharkhand','Maharashtra',5,6000,1,'2019-11-07','2019-11-12',0.00,9,8000.00,13,71,2),(34,'Nagaland','Jharkhand',4,7000,0,'2019-04-08','2019-04-12',0.00,9,7000.00,12,75,5),(37,'Odisha','Himachal Pradesh',6,6000,1,'2021-12-09','2021-12-15',200.00,6,3000.00,13,68,10),(41,'Goa','Uttarakhand',6,8000,0,'2021-07-03','2021-07-09',0.00,5,6000.00,13,76,1),(42,'West Bengal','Maharashtra',7,8000,0,'2021-03-15','2021-03-22',0.00,3,7000.00,12,67,1),(43,'Madhya Pradesh','Chhattisgarh',3,5000,1,'2020-03-09','2020-03-12',400.00,5,3000.00,13,78,5),(45,'Karnataka','Andaman and Nicobar Islands',4,7000,1,'2021-06-07','2021-06-11',100.00,5,10000.00,12,74,1),(47,'Arunachal Pradesh','Andhra Pradesh',5,6000,0,'2019-11-11','2019-11-16',0.00,4,8000.00,15,74,9);
/*!40000 ALTER TABLE `trek` ENABLE KEYS */;
UNLOCK TABLES;

--
-- Table structure for table `trek_group`
--

DROP TABLE IF EXISTS `trek_group`;
/*!40101 SET @saved_cs_client     = @@character_set_client */;
/*!50503 SET character_set_client = utf8mb4 */;
CREATE TABLE `trek_group` (
  `trek_group_id` int NOT NULL AUTO_INCREMENT,
  `starts_from` date DEFAULT NULL,
  `ends_on` date DEFAULT NULL,
  `pick_up_point` varchar(256) NOT NULL,
  `drop_off_point` varchar(256) NOT NULL,
  `reporting_time` datetime NOT NULL,
  `maximum_members` int NOT NULL,
  `minimum_members` int NOT NULL,
  `transport_crew_id` int NOT NULL,
  `camping_crew_id` int NOT NULL,
  `trek_id` int NOT NULL,
  PRIMARY KEY (`trek_group_id`),
  KEY `camping_crew_id` (`camping_crew_id`),
  KEY `trek_id` (`trek_id`),
  KEY `transport_crew_id` (`transport_crew_id`),
  CONSTRAINT `trek_group_ibfk_1` FOREIGN KEY (`camping_crew_id`) REFERENCES `camping_crew` (`camping_crew_id`),
  CONSTRAINT `trek_group_ibfk_2` FOREIGN KEY (`trek_id`) REFERENCES `trek` (`trek_id`),
  CONSTRAINT `trek_group_ibfk_3` FOREIGN KEY (`transport_crew_id`) REFERENCES `transport_crew` (`transport_crew_id`)
) ENGINE=InnoDB AUTO_INCREMENT=16 DEFAULT CHARSET=utf8mb4 COLLATE=utf8mb4_0900_ai_ci;
/*!40101 SET character_set_client = @saved_cs_client */;

--
-- Dumping data for table `trek_group`
--

LOCK TABLES `trek_group` WRITE;
/*!40000 ALTER TABLE `trek_group` DISABLE KEYS */;
INSERT INTO `trek_group` VALUES (1,'2019-09-10','2019-09-15','Madhya Pradesh','Madhya Pradesh','2019-09-10 00:00:00',27,6,2,2,24),(2,'2020-02-08','2020-02-11','Haryana','Haryana','2020-02-08 00:00:00',31,5,6,11,7),(3,'2019-05-12','2019-05-19','Uttar Pradesh','Uttar Pradesh','2019-05-12 00:00:00',29,5,12,5,24),(4,'2020-07-09','2020-07-15','Goa','Goa','2020-07-09 00:00:00',29,5,12,5,33),(5,'2020-10-02','2020-10-08','Meghalaya','Meghalaya','2020-10-02 00:00:00',26,5,7,11,1),(6,'2021-05-09','2021-05-14','Mizoram','Mizoram','2021-05-09 00:00:00',26,5,13,5,29),(7,'2020-01-06','2020-01-12','Daman and Diu','Daman and Diu','2020-01-06 00:00:00',27,8,12,5,40),(8,'2021-07-14','2021-07-19','Jharkhand','Jharkhand','2021-07-14 00:00:00',35,9,14,4,6),(9,'2021-02-09','2021-02-12','Madhya Pradesh','Madhya Pradesh','2021-02-09 00:00:00',28,9,9,15,10),(10,'2020-06-09','2020-06-16','Delhi','Delhi','2020-06-09 00:00:00',35,9,4,1,29),(11,'2020-07-04','2020-07-07','Assam','Assam','2020-07-04 00:00:00',35,10,9,1,20),(12,'2020-11-12','2020-11-18','Daman and Diu','Daman and Diu','2020-11-12 00:00:00',29,9,15,10,35),(13,'2020-09-08','2020-09-15','Chandigarh','Chandigarh','2020-09-08 00:00:00',31,5,11,5,20),(14,'2020-08-02','2020-08-05','Rajasthan','Rajasthan','2020-08-02 00:00:00',32,10,6,2,31),(15,'2019-06-06','2019-06-10','Delhi','Delhi','2019-06-06 00:00:00',32,10,1,5,25);
/*!40000 ALTER TABLE `trek_group` ENABLE KEYS */;
UNLOCK TABLES;

--
-- Table structure for table `trek_guide`
--

DROP TABLE IF EXISTS `trek_guide`;
/*!40101 SET @saved_cs_client     = @@character_set_client */;
/*!50503 SET character_set_client = utf8mb4 */;
CREATE TABLE `trek_guide` (
  `employee_id` int NOT NULL,
  `MOI` varchar(128) DEFAULT NULL,
  `BMC` varchar(128) DEFAULT NULL,
  `num_treks` int NOT NULL,
  `Group_id` int DEFAULT NULL,
  PRIMARY KEY (`employee_id`),
  KEY `Group_id` (`Group_id`),
  CONSTRAINT `trek_guide_ibfk_1` FOREIGN KEY (`employee_id`) REFERENCES `agency_employee` (`employee_id`),
  CONSTRAINT `trek_guide_ibfk_2` FOREIGN KEY (`employee_id`) REFERENCES `agency_employee` (`employee_id`),
  CONSTRAINT `trek_guide_ibfk_3` FOREIGN KEY (`Group_id`) REFERENCES `trek_group` (`trek_group_id`),
  CONSTRAINT `trek_guide_chk_1` CHECK ((`num_treks` >= 0))
) ENGINE=InnoDB DEFAULT CHARSET=utf8mb4 COLLATE=utf8mb4_0900_ai_ci;
/*!40101 SET character_set_client = @saved_cs_client */;

--
-- Dumping data for table `trek_guide`
--

LOCK TABLES `trek_guide` WRITE;
/*!40000 ALTER TABLE `trek_guide` DISABLE KEYS */;
INSERT INTO `trek_guide` VALUES (1,'iHAPpNbDJU','OBuTrsGMlG',8,7),(5,'tQVVwnStPc','cINITZTsMP',7,13),(32,'HcKExtkTdB','yooxoINTuu',13,4),(62,'WDvqbeQLHN','QcZMOubNup',14,11),(75,'VYQYUOrqCN','qQjoGLgVCQ',10,6),(91,'YhmdSqbLEE','wPUObqkgVF',9,2),(113,'mQanLnhRCQ','lDSLlYNrSQ',8,3),(115,'IhFXzqYRFk','dlcuWyjYnG',10,11),(122,'nPKGTKPdPz','lXVSYFkioz',10,6),(146,'mbkKyvwDTB','GdnFcPXBtH',6,9),(147,'VopeDmnnev','CkKyFxwcqp',8,9),(155,'IDorHIlQrJ','feERYPCDbD',11,9),(161,'aetgkmJQgr','VbwoXiPyFt',10,15),(172,'SLuBdlVcRu','IKWCguAqTy',7,4),(188,'YuZYumNFqZ','zlSKJkyHZZ',14,13),(190,'nOujeprsKJ','dtXWlLmKgN',14,14),(201,'dEXGksutBG','tLoGHjarIY',9,11),(203,'qHoRjCcEbi','QIILrltSXP',11,9),(212,'CmpNWevihV','IWtQgLrpnW',7,14),(240,'UgCyaZsHFs','mKEDpbUgWB',9,12),(241,'GnhEZbawdG','xGicMYBPpV',8,8),(253,'oYvDCEclNP','BWIEeDtIJg',11,7),(263,'BJnNtQoCsh','ngutmQrWzD',10,1),(284,'ymokhMEsYx','GalcrZkmaP',10,14),(292,'nxvFXtKXRQ','pbaHesyXfZ',9,9),(300,'mCnroaXwsn','rLGwQYOuVo',15,6),(307,'tnThwSMoky','FQMblbqsPl',14,1),(319,'ThQwUxzGgE','PbHyLncGKJ',14,13),(322,'ckuAQPuVuo','llySeKfaHe',8,15),(325,'grDBvNhRWT','odAfqjCjej',9,3),(331,'AHkfgvqZOV','aQaZcjOYPa',9,7),(336,'ZzRbLIcKZj','wzxVyhCFYz',11,14),(342,'zDYqljLAGd','HIjKEpwaXf',5,12),(352,'RajMTAVVTJ','KYCIsKmbLG',6,15),(362,'vfuMorRdwo','nEbfRqMhft',6,11),(388,'trShEgQtUb','gwHalgGeDb',15,6),(391,'KFjykqylal','zvBGLDPVPO',9,9),(395,'EktVeScyRG','kKBkLheQbY',13,15),(407,'wEUPFNCHiD','DEvmoYHhrh',10,1),(421,'tMNvmPWCYn','yaBlnLTeaX',6,3),(445,'NsmGuNqXSz','LygmUuKobK',5,6),(447,'PqLUZtWXQW','VrnkujpULQ',13,9),(450,'oZPJdKSnow','BenHFxvTVu',7,10),(451,'BcNHeCQpbO','JmhLJcASkR',12,8),(455,'gAwziasIfz','DaJMKEaUOc',11,8),(466,'FhZXQlRbad','lVOsMaRppL',13,3);
/*!40000 ALTER TABLE `trek_guide` ENABLE KEYS */;
UNLOCK TABLES;
/*!40103 SET TIME_ZONE=@OLD_TIME_ZONE */;

/*!40101 SET SQL_MODE=@OLD_SQL_MODE */;
/*!40014 SET FOREIGN_KEY_CHECKS=@OLD_FOREIGN_KEY_CHECKS */;
/*!40014 SET UNIQUE_CHECKS=@OLD_UNIQUE_CHECKS */;
/*!40101 SET CHARACTER_SET_CLIENT=@OLD_CHARACTER_SET_CLIENT */;
/*!40101 SET CHARACTER_SET_RESULTS=@OLD_CHARACTER_SET_RESULTS */;
/*!40101 SET COLLATION_CONNECTION=@OLD_COLLATION_CONNECTION */;
/*!40111 SET SQL_NOTES=@OLD_SQL_NOTES */;

-- Dump completed on 2021-06-27  2:44:34
